,close,volume,dollar_transaction,triple_ret,triple_bin,met_ret,met_bin,met_side
1998-02-25,13.26,0.0,0.0,,,,,
1998-02-26,13.27,10.0,132.7,,,,,
1998-02-27,13.24,0.0,0.0,,,,,
1998-02-28,13.24,0.0,0.0,,,,,
1998-03-01,13.24,0.0,0.0,,,,,
1998-03-02,13.25,10.0,132.5,,,,,
1998-03-03,13.26,0.0,0.0,,,,,
1998-03-04,12.15,40.0,486.0,,,,,
1998-03-05,12.15,20.0,243.0,0.0,0.0,-0.0,0.0,-1.0
1998-03-06,12.49,40.0,499.6,,,,,
1998-03-07,12.49,0.0,0.0,0.0,0.0,,,
1998-03-08,12.49,0.0,0.0,,,,,
1998-03-09,12.49,10.0,124.9,,,,,
1998-03-10,12.49,10.0,124.9,,,,,
1998-03-11,12.53,10.0,125.3,,,,,
1998-03-12,12.7,40.0,508.0,,,,,
1998-03-13,12.85,60.0,771.0,,,,,
1998-03-14,12.85,0.0,0.0,0.0,0.0,,,
1998-03-15,12.85,0.0,0.0,,,,,
1998-03-16,12.85,10.0,128.5,,,,,
1998-03-17,12.86,10.0,128.6,,,,,
1998-03-18,12.81,10.0,128.1,,,,,
1998-03-19,12.76,10.0,127.6,,,,,
1998-03-20,12.86,20.0,257.2,,,,,
1998-03-21,12.86,0.0,0.0,,,,,
1998-03-22,12.86,0.0,0.0,,,,,
1998-03-23,12.9,10.0,129.0,,,,,
1998-03-24,12.9,0.0,0.0,,,,,
1998-03-25,12.9,0.0,0.0,,,,,
1998-03-26,12.9,0.0,0.0,,,,,
1998-03-27,12.89,0.0,0.0,,,,,
1998-03-28,12.89,0.0,0.0,,,,,
1998-03-29,12.89,0.0,0.0,,,,,
1998-03-30,12.89,0.0,0.0,,,,,
1998-03-31,12.89,0.0,0.0,,,,,
1998-04-01,12.9,0.0,0.0,,,,,
1998-04-02,12.9,0.0,0.0,,,,,
1998-04-03,12.26,0.0,0.0,,,,,
1998-04-04,12.26,0.0,0.0,,,,,
1998-04-05,12.26,0.0,0.0,,,,,
1998-04-06,12.26,0.0,0.0,,,,,
1998-04-07,12.26,0.0,0.0,,,,,
1998-04-08,12.26,0.0,0.0,,,,,
1998-04-09,12.2,10.0,122.0,,,,,
1998-04-10,12.2,0.0,0.0,,,,,
1998-04-11,12.2,0.0,0.0,,,,,
1998-04-12,12.2,0.0,0.0,,,,,
1998-04-13,12.1,30.0,363.0,,,,,
1998-04-14,12.11,0.0,0.0,,,,,
1998-04-15,12.13,10.0,121.30000000000001,,,,,
1998-04-16,12.07,20.0,241.4,,,,,
1998-04-17,12.0,50.0,600.0,,,,,
1998-04-18,12.0,0.0,0.0,,,,,
1998-04-19,12.0,0.0,0.0,,,,,
1998-04-20,11.97,30.0,359.1,,,,,
1998-04-21,11.98,10.0,119.80000000000001,,,,,
1998-04-22,11.98,0.0,0.0,,,,,
1998-04-23,11.98,0.0,0.0,,,,,
1998-04-24,12.0,0.0,0.0,,,,,
1998-04-25,12.0,0.0,0.0,,,,,
1998-04-26,12.0,0.0,0.0,,,,,
1998-04-27,12.01,0.0,0.0,,,,,
1998-04-28,12.01,0.0,0.0,,,,,
1998-04-29,12.01,0.0,0.0,,,,,
1998-04-30,12.01,0.0,0.0,,,,,
1998-05-01,12.02,0.0,0.0,,,,,
1998-05-02,12.02,0.0,0.0,,,,,
1998-05-03,12.02,0.0,0.0,,,,,
1998-05-04,10.91,30.0,327.3,,,,,
1998-05-05,10.9,40.0,436.0,,,,,
1998-05-06,10.92,0.0,0.0,,,,,
1998-05-07,10.93,10.0,109.3,,,,,
1998-05-08,11.07,20.0,221.4,,,,,
1998-05-09,11.07,0.0,0.0,,,,,
1998-05-10,11.07,0.0,0.0,,,,,
1998-05-11,11.25,260.0,2925.0,,,,,
1998-05-12,11.2,30.0,336.0,,,,,
1998-05-13,11.24,40.0,449.6,,,,,
1998-05-14,11.27,110.0,1239.7,,,,,
1998-05-15,11.19,0.0,0.0,,,,,
1998-05-16,11.19,0.0,0.0,,,,,
1998-05-17,11.19,0.0,0.0,,,,,
1998-05-18,11.15,20.0,223.0,,,,,
1998-05-19,11.18,20.0,223.6,,,,,
1998-05-20,11.2,30.0,336.0,,,,,
1998-05-21,11.15,0.0,0.0,,,,,
1998-05-22,11.14,0.0,0.0,,,,,
1998-05-23,11.14,0.0,0.0,,,,,
1998-05-24,11.14,0.0,0.0,,,,,
1998-05-25,11.14,0.0,0.0,,,,,
1998-05-26,11.13,0.0,0.0,,,,,
1998-05-27,11.14,30.0,334.20000000000005,,,,,
1998-05-28,11.1,10.0,111.0,,,,,
1998-05-29,11.06,70.0,774.2,,,,,
1998-05-30,11.06,0.0,0.0,,,,,
1998-05-31,11.06,0.0,0.0,,,,,
1998-06-01,11.0,20.0,220.0,,,,,
1998-06-02,10.99,60.0,659.4,,,,,
1998-06-03,10.98,10.0,109.80000000000001,,,,,
1998-06-04,12.95,110.0,1424.5,,,,,
1998-06-05,13.58,80.0,1086.4,0.04864864864864882,1.0,0.04864864864864882,1.0,1.0
1998-06-06,13.58,0.0,0.0,0.0,0.0,,,
1998-06-07,13.58,0.0,0.0,,,,,
1998-06-08,13.36,60.0,801.5999999999999,,,,,
1998-06-09,13.49,50.0,674.5,,,,,
1998-06-10,13.55,40.0,542.0,,,,,
1998-06-11,13.65,90.0,1228.5,,,,,
1998-06-12,13.21,10.0,132.10000000000002,-0.03223443223443223,-1.0,,,
1998-06-13,13.21,0.0,0.0,0.0,0.0,,,
1998-06-14,13.21,0.0,0.0,,,,,
1998-06-15,13.11,10.0,131.1,,,,,
1998-06-16,13.05,20.0,261.0,,,,,
1998-06-17,13.12,20.0,262.4,,,,,
1998-06-18,13.06,0.0,0.0,,,,,
1998-06-19,12.94,30.0,388.2,,,,,
1998-06-20,12.94,0.0,0.0,0.0,0.0,,,
1998-06-21,12.94,0.0,0.0,,,,,
1998-06-22,12.88,0.0,0.0,,,,,
1998-06-23,12.88,10.0,128.8,,,,,
1998-06-24,12.88,10.0,128.8,,,,,
1998-06-25,12.88,0.0,0.0,,,,,
1998-06-26,12.94,50.0,647.0,,,,,
1998-06-27,12.94,0.0,0.0,,,,,
1998-06-28,12.94,0.0,0.0,,,,,
1998-06-29,12.96,130.0,1684.8000000000002,,,,,
1998-06-30,13.03,40.0,521.1999999999999,,,,,
1998-07-01,13.08,20.0,261.6,,,,,
1998-07-02,14.0,20.0,280.0,,,,,
1998-07-03,14.0,0.0,0.0,0.0,0.0,,,
1998-07-04,14.0,0.0,0.0,,,,,
1998-07-05,14.0,0.0,0.0,,,,,
1998-07-06,14.41,70.0,1008.7,,,,,
1998-07-07,14.41,10.0,144.1,0.0,0.0,,,
1998-07-08,14.5,140.0,2030.0,,,,,
1998-07-09,14.5,10.0,145.0,,,,,
1998-07-10,14.5,50.0,725.0,,,,,
1998-07-11,14.5,0.0,0.0,,,,,
1998-07-12,14.5,0.0,0.0,,,,,
1998-07-13,14.52,10.0,145.2,,,,,
1998-07-14,14.53,20.0,290.59999999999997,,,,,
1998-07-15,14.59,40.0,583.6,,,,,
1998-07-16,14.61,10.0,146.1,,,,,
1998-07-17,14.55,30.0,436.5,,,,,
1998-07-18,14.55,0.0,0.0,,,,,
1998-07-19,14.55,0.0,0.0,,,,,
1998-07-20,14.55,20.0,291.0,,,,,
1998-07-21,14.55,10.0,145.5,,,,,
1998-07-22,14.55,0.0,0.0,,,,,
1998-07-23,14.5,10.0,145.0,,,,,
1998-07-24,14.57,70.0,1019.9,,,,,
1998-07-25,14.57,0.0,0.0,,,,,
1998-07-26,14.57,0.0,0.0,,,,,
1998-07-27,14.57,10.0,145.7,,,,,
1998-07-28,14.57,0.0,0.0,,,,,
1998-07-29,14.6,10.0,146.0,,,,,
1998-07-30,14.6,10.0,146.0,,,,,
1998-07-31,14.57,0.0,0.0,,,,,
1998-08-01,14.57,0.0,0.0,,,,,
1998-08-02,14.57,0.0,0.0,,,,,
1998-08-03,14.69,10.0,146.9,,,,,
1998-08-04,15.2,40.0,608.0,0.034717494894485945,1.0,,,
1998-08-05,15.26,20.0,305.2,0.003947368421052699,1.0,,,
1998-08-06,15.38,60.0,922.8000000000001,,,,,
1998-08-07,15.32,60.0,919.2,,,,,
1998-08-08,15.32,0.0,0.0,,,,,
1998-08-09,15.32,0.0,0.0,,,,,
1998-08-10,15.3,30.0,459.0,,,,,
1998-08-11,15.26,0.0,0.0,,,,,
1998-08-12,15.3,10.0,153.0,,,,,
1998-08-13,15.3,0.0,0.0,,,,,
1998-08-14,15.3,0.0,0.0,,,,,
1998-08-15,15.3,0.0,0.0,,,,,
1998-08-16,15.3,0.0,0.0,,,,,
1998-08-17,15.35,0.0,0.0,,,,,
1998-08-18,15.33,0.0,0.0,,,,,
1998-08-19,15.28,0.0,0.0,,,,,
1998-08-20,15.3,40.0,612.0,,,,,
1998-08-21,15.39,10.0,153.9,,,,,
1998-08-22,15.39,0.0,0.0,,,,,
1998-08-23,15.39,0.0,0.0,,,,,
1998-08-24,15.39,0.0,0.0,,,,,
1998-08-25,15.39,20.0,307.8,,,,,
1998-08-26,15.4,0.0,0.0,,,,,
1998-08-27,15.4,0.0,0.0,,,,,
1998-08-28,15.41,0.0,0.0,,,,,
1998-08-29,15.41,0.0,0.0,,,,,
1998-08-30,15.41,0.0,0.0,,,,,
1998-08-31,15.41,60.0,924.6,,,,,
1998-09-01,15.08,100.0,1508.0,,,,,
1998-09-02,15.08,10.0,150.8,,,,,
1998-09-03,15.04,0.0,0.0,,,,,
1998-09-04,15.18,20.0,303.6,,,,,
1998-09-05,15.18,0.0,0.0,,,,,
1998-09-06,15.18,0.0,0.0,,,,,
1998-09-07,15.18,0.0,0.0,,,,,
1998-09-08,15.2,20.0,304.0,,,,,
1998-09-09,15.26,40.0,610.4,,,,,
1998-09-10,15.3,50.0,765.0,,,,,
1998-09-11,15.3,10.0,153.0,,,,,
1998-09-12,15.3,0.0,0.0,,,,,
1998-09-13,15.3,0.0,0.0,,,,,
1998-09-14,15.28,0.0,0.0,,,,,
1998-09-15,15.28,10.0,152.79999999999998,,,,,
1998-09-16,15.25,0.0,0.0,,,,,
1998-09-17,15.2,30.0,456.0,,,,,
1998-09-18,15.22,20.0,304.40000000000003,,,,,
1998-09-19,15.22,0.0,0.0,,,,,
1998-09-20,15.22,0.0,0.0,,,,,
1998-09-21,15.19,20.0,303.8,,,,,
1998-09-22,15.17,10.0,151.7,,,,,
1998-09-23,15.2,20.0,304.0,,,,,
1998-09-24,15.2,30.0,456.0,,,,,
1998-09-25,15.21,0.0,0.0,,,,,
1998-09-26,15.21,0.0,0.0,,,,,
1998-09-27,15.21,0.0,0.0,,,,,
1998-09-28,15.22,0.0,0.0,,,,,
1998-09-29,15.22,10.0,152.20000000000002,,,,,
1998-09-30,15.14,60.0,908.4000000000001,,,,,
1998-10-01,15.16,20.0,303.2,,,,,
1998-10-02,15.85,10.0,158.5,,,,,
1998-10-03,15.85,0.0,0.0,,,,,
1998-10-04,15.85,0.0,0.0,,,,,
1998-10-05,16.0,20.0,320.0,,,,,
1998-10-06,16.0,40.0,640.0,,,,,
1998-10-07,15.99,30.0,479.7,,,,,
1998-10-08,15.99,30.0,479.7,,,,,
1998-10-09,16.03,30.0,480.90000000000003,,,,,
1998-10-10,16.03,0.0,0.0,,,,,
1998-10-11,16.03,0.0,0.0,,,,,
1998-10-12,15.98,20.0,319.6,,,,,
1998-10-13,16.0,30.0,480.0,,,,,
1998-10-14,15.95,20.0,319.0,,,,,
1998-10-15,15.99,30.0,479.7,,,,,
1998-10-16,16.01,60.0,960.6000000000001,,,,,
1998-10-17,16.01,0.0,0.0,,,,,
1998-10-18,16.01,0.0,0.0,,,,,
1998-10-19,16.1,40.0,644.0,,,,,
1998-10-20,16.01,10.0,160.10000000000002,,,,,
1998-10-21,15.99,40.0,639.6,,,,,
1998-10-22,15.99,30.0,479.7,,,,,
1998-10-23,15.95,10.0,159.5,,,,,
1998-10-24,15.95,0.0,0.0,,,,,
1998-10-25,15.95,0.0,0.0,,,,,
1998-10-26,15.94,0.0,0.0,,,,,
1998-10-27,15.96,0.0,0.0,,,,,
1998-10-28,15.98,10.0,159.8,,,,,
1998-10-29,15.96,10.0,159.60000000000002,,,,,
1998-10-30,15.95,10.0,159.5,,,,,
1998-10-31,15.95,0.0,0.0,,,,,
1998-11-01,15.95,0.0,0.0,,,,,
1998-11-02,16.01,20.0,320.20000000000005,,,,,
1998-11-03,16.01,0.0,0.0,,,,,
1998-11-04,16.59,80.0,1327.2,,,,,
1998-11-05,16.61,70.0,1162.7,,,,,
1998-11-06,16.63,30.0,498.9,,,,,
1998-11-07,16.63,0.0,0.0,,,,,
1998-11-08,16.63,0.0,0.0,,,,,
1998-11-09,16.69,10.0,166.9,,,,,
1998-11-10,16.7,10.0,167.0,,,,,
1998-11-11,16.7,20.0,334.0,,,,,
1998-11-12,16.71,20.0,334.20000000000005,,,,,
1998-11-13,16.71,10.0,167.10000000000002,,,,,
1998-11-14,16.71,0.0,0.0,,,,,
1998-11-15,16.71,0.0,0.0,,,,,
1998-11-16,16.71,10.0,167.10000000000002,,,,,
1998-11-17,16.73,20.0,334.6,,,,,
1998-11-18,16.75,20.0,335.0,,,,,
1998-11-19,16.75,10.0,167.5,,,,,
1998-11-20,16.71,10.0,167.10000000000002,,,,,
1998-11-21,16.71,0.0,0.0,,,,,
1998-11-22,16.71,0.0,0.0,,,,,
1998-11-23,16.71,0.0,0.0,,,,,
1998-11-24,16.66,30.0,499.8,,,,,
1998-11-25,16.66,0.0,0.0,,,,,
1998-11-26,16.66,0.0,0.0,,,,,
1998-11-27,16.67,10.0,166.70000000000002,,,,,
1998-11-28,16.67,0.0,0.0,,,,,
1998-11-29,16.67,0.0,0.0,,,,,
1998-11-30,16.7,0.0,0.0,,,,,
1998-12-01,16.85,30.0,505.50000000000006,,,,,
1998-12-02,16.86,0.0,0.0,,,,,
1998-12-03,16.85,0.0,0.0,,,,,
1998-12-04,17.08,40.0,683.1999999999999,,,,,
1998-12-05,17.08,0.0,0.0,,,,,
1998-12-06,17.08,0.0,0.0,,,,,
1998-12-07,17.13,50.0,856.5,,,,,
1998-12-08,17.17,10.0,171.70000000000002,,,,,
1998-12-09,17.4,20.0,348.0,,,,,
1998-12-10,17.3,30.0,519.0,,,,,
1998-12-11,17.2,20.0,344.0,,,,,
1998-12-12,17.2,0.0,0.0,,,,,
1998-12-13,17.2,0.0,0.0,,,,,
1998-12-14,17.24,30.0,517.1999999999999,,,,,
1998-12-15,17.2,60.0,1032.0,,,,,
1998-12-16,17.18,10.0,171.8,,,,,
1998-12-17,17.22,20.0,344.4,,,,,
1998-12-18,17.2,10.0,172.0,,,,,
1998-12-19,17.2,0.0,0.0,,,,,
1998-12-20,17.2,0.0,0.0,,,,,
1998-12-21,17.18,10.0,171.8,,,,,
1998-12-22,17.18,10.0,171.8,,,,,
1998-12-23,17.24,10.0,172.39999999999998,,,,,
1998-12-24,17.2,0.0,0.0,,,,,
1998-12-25,17.2,0.0,0.0,,,,,
1998-12-26,17.2,0.0,0.0,,,,,
1998-12-27,17.2,0.0,0.0,,,,,
1998-12-28,17.2,0.0,0.0,,,,,
1998-12-29,17.32,50.0,866.0,,,,,
1998-12-30,17.37,10.0,173.70000000000002,,,,,
1998-12-31,16.33,50.0,816.4999999999999,,,,,
1999-01-01,16.33,0.0,0.0,,,,,
1999-01-02,16.33,0.0,0.0,,,,,
1999-01-03,16.33,0.0,0.0,,,,,
1999-01-04,16.45,70.0,1151.5,,,,,
1999-01-05,16.1,90.0,1449.0000000000002,,,,,
1999-01-06,15.65,70.0,1095.5,,,,,
1999-01-07,15.48,140.0,2167.2000000000003,,,,,
1999-01-08,15.64,20.0,312.8,,,,,
1999-01-09,15.64,0.0,0.0,,,,,
1999-01-10,15.64,0.0,0.0,,,,,
1999-01-11,15.86,30.0,475.79999999999995,,,,,
1999-01-12,16.03,30.0,480.90000000000003,,,,,
1999-01-13,16.03,20.0,320.6,,,,,
1999-01-14,15.86,30.0,475.79999999999995,,,,,
1999-01-15,15.7,40.0,628.0,,,,,
1999-01-16,15.7,0.0,0.0,,,,,
1999-01-17,15.7,0.0,0.0,,,,,
1999-01-18,15.7,0.0,0.0,,,,,
1999-01-19,15.45,40.0,618.0,,,,,
1999-01-20,15.36,50.0,768.0,,,,,
1999-01-21,15.45,40.0,618.0,,,,,
1999-01-22,15.67,50.0,783.5,,,,,
1999-01-23,15.67,0.0,0.0,,,,,
1999-01-24,15.67,0.0,0.0,,,,,
1999-01-25,15.68,70.0,1097.6,,,,,
1999-01-26,15.73,50.0,786.5,,,,,
1999-01-27,15.68,30.0,470.4,,,,,
1999-01-28,15.7,20.0,314.0,,,,,
1999-01-29,15.76,60.0,945.6,,,,,
1999-01-30,15.76,0.0,0.0,,,,,
1999-01-31,15.76,0.0,0.0,,,,,
1999-02-01,16.24,180.0,2923.2,,,,,
1999-02-02,16.31,90.0,1467.8999999999999,,,,,
1999-02-03,16.32,40.0,652.8,,,,,
1999-02-04,11.94,80.0,955.1999999999999,,,,,
1999-02-05,11.5,40.0,460.0,-0.0368509212730318,-1.0,0.0368509212730318,1.0,-1.0
1999-02-06,11.5,0.0,0.0,0.0,0.0,,,
1999-02-07,11.5,0.0,0.0,,,,,
1999-02-08,11.74,30.0,352.2,,,,,
1999-02-09,11.69,10.0,116.89999999999999,-0.004258943781942137,-1.0,,,
1999-02-10,11.66,30.0,349.8,,,,,
1999-02-11,11.59,80.0,927.2,,,,,
1999-02-12,11.3,50.0,565.0,,,,,
1999-02-13,11.3,0.0,0.0,0.0,0.0,,,
1999-02-14,11.3,0.0,0.0,,,,,
1999-02-15,11.3,0.0,0.0,,,,,
1999-02-16,11.15,40.0,446.0,,,,,
1999-02-17,11.15,40.0,446.0,,,,,
1999-02-18,11.17,140.0,1563.8,,,,,
1999-02-19,11.14,40.0,445.6,,,,,
1999-02-20,11.14,0.0,0.0,,,,,
1999-02-21,11.14,0.0,0.0,,,,,
1999-02-22,10.81,40.0,432.40000000000003,,,,,
1999-02-23,10.55,80.0,844.0,-0.02405180388529138,-1.0,,,
1999-02-24,10.52,150.0,1578.0,-0.0028436018957347375,-1.0,,,
1999-02-25,10.6,120.0,1272.0,,,,,
1999-02-26,10.8,140.0,1512.0,,,,,
1999-02-27,10.8,0.0,0.0,0.0,0.0,,,
1999-02-28,10.8,0.0,0.0,,,,,
1999-03-01,10.19,140.0,1426.6,,,,,
1999-03-02,10.15,30.0,304.5,-0.003925417075564153,-1.0,,,
1999-03-03,10.15,60.0,609.0,,,,,
1999-03-04,11.28,40.0,451.2,,,,,
1999-03-05,11.33,100.0,1133.0,0.004432624113475336,1.0,,,
1999-03-06,11.33,0.0,0.0,,,,,
1999-03-07,11.33,0.0,0.0,,,,,
1999-03-08,11.39,70.0,797.3000000000001,,,,,
1999-03-09,11.43,40.0,457.2,,,,,
1999-03-10,11.43,90.0,1028.7,,,,,
1999-03-11,11.4,20.0,228.0,,,,,
1999-03-12,11.37,30.0,341.09999999999997,,,,,
1999-03-13,11.37,0.0,0.0,,,,,
1999-03-14,11.37,0.0,0.0,,,,,
1999-03-15,11.25,30.0,337.5,,,,,
1999-03-16,11.3,30.0,339.0,,,,,
1999-03-17,11.3,0.0,0.0,,,,,
1999-03-18,11.4,10.0,114.0,,,,,
1999-03-19,11.45,10.0,114.5,,,,,
1999-03-20,11.45,0.0,0.0,,,,,
1999-03-21,11.45,0.0,0.0,,,,,
1999-03-22,11.43,10.0,114.3,,,,,
1999-03-23,11.34,100.0,1134.0,,,,,
1999-03-24,11.42,10.0,114.2,,,,,
1999-03-25,11.39,0.0,0.0,,,,,
1999-03-26,11.4,0.0,0.0,,,,,
1999-03-27,11.4,0.0,0.0,,,,,
1999-03-28,11.4,0.0,0.0,,,,,
1999-03-29,11.46,30.0,343.8,,,,,
1999-03-30,11.42,10.0,114.2,,,,,
1999-03-31,11.53,60.0,691.8,,,,,
1999-04-01,11.29,10.0,112.89999999999999,-0.020815264527320076,-1.0,,,
1999-04-02,11.29,0.0,0.0,0.0,0.0,,,
1999-04-03,11.29,0.0,0.0,,,,,
1999-04-04,11.29,0.0,0.0,,,,,
1999-04-05,11.38,10.0,113.80000000000001,,,,,
1999-04-06,11.41,10.0,114.1,,,,,
1999-04-07,11.48,20.0,229.60000000000002,,,,,
1999-04-08,11.51,10.0,115.1,,,,,
1999-04-09,11.55,10.0,115.5,0.0034752389226759828,1.0,,,
1999-04-10,11.55,0.0,0.0,,,,,
1999-04-11,11.55,0.0,0.0,,,,,
1999-04-12,11.69,20.0,233.79999999999998,,,,,
1999-04-13,11.76,80.0,940.8,,,,,
1999-04-14,11.68,10.0,116.8,-0.006802721088435382,-1.0,,,
1999-04-15,11.66,0.0,0.0,,,,,
1999-04-16,11.63,20.0,232.60000000000002,,,,,
1999-04-17,11.63,0.0,0.0,,,,,
1999-04-18,11.63,0.0,0.0,,,,,
1999-04-19,11.62,10.0,116.19999999999999,,,,,
1999-04-20,11.62,0.0,0.0,,,,,
1999-04-21,11.62,10.0,116.19999999999999,,,,,
1999-04-22,11.62,0.0,0.0,,,,,
1999-04-23,11.62,10.0,116.19999999999999,,,,,
1999-04-24,11.62,0.0,0.0,,,,,
1999-04-25,11.62,0.0,0.0,,,,,
1999-04-26,11.61,0.0,0.0,,,,,
1999-04-27,11.6,30.0,348.0,,,,,
1999-04-28,11.6,10.0,116.0,,,,,
1999-04-29,11.54,30.0,346.2,,,,,
1999-04-30,11.58,10.0,115.8,,,,,
1999-05-01,11.58,0.0,0.0,,,,,
1999-05-02,11.58,0.0,0.0,,,,,
1999-05-03,11.8,70.0,826.0,,,,,
1999-05-04,11.48,20.0,229.60000000000002,-0.027118644067796627,-1.0,-0.027118644067796627,0.0,1.0
1999-05-05,11.25,60.0,675.0,-0.020034843205574915,-1.0,,,
1999-05-06,11.19,80.0,895.1999999999999,-0.005333333333333412,-1.0,0.005333333333333412,1.0,-1.0
1999-05-07,11.24,40.0,449.6,,,,,
1999-05-08,11.24,0.0,0.0,,,,,
1999-05-09,11.24,0.0,0.0,,,,,
1999-05-10,11.25,30.0,337.5,,,,,
1999-05-11,11.24,10.0,112.4,,,,,
1999-05-12,11.24,0.0,0.0,,,,,
1999-05-13,11.25,10.0,112.5,,,,,
1999-05-14,11.26,20.0,225.2,,,,,
1999-05-15,11.26,0.0,0.0,,,,,
1999-05-16,11.26,0.0,0.0,,,,,
1999-05-17,11.27,10.0,112.69999999999999,,,,,
1999-05-18,11.3,40.0,452.0,,,,,
1999-05-19,11.38,50.0,569.0,,,,,
1999-05-20,11.33,50.0,566.5,,,,,
1999-05-21,11.33,10.0,113.3,,,,,
1999-05-22,11.33,0.0,0.0,,,,,
1999-05-23,11.33,0.0,0.0,,,,,
1999-05-24,11.32,30.0,339.6,,,,,
1999-05-25,11.33,10.0,113.3,,,,,
1999-05-26,11.33,30.0,339.9,,,,,
1999-05-27,11.32,0.0,0.0,,,,,
1999-05-28,11.3,10.0,113.0,,,,,
1999-05-29,11.3,0.0,0.0,,,,,
1999-05-30,11.3,0.0,0.0,,,,,
1999-05-31,11.3,0.0,0.0,,,,,
1999-06-01,11.35,0.0,0.0,,,,,
1999-06-02,11.34,10.0,113.4,,,,,
1999-06-03,11.7,40.0,468.0,,,,,
1999-06-04,11.78,30.0,353.4,,,,,
1999-06-05,11.78,0.0,0.0,,,,,
1999-06-06,11.78,0.0,0.0,,,,,
1999-06-07,11.7,10.0,117.0,,,,,
1999-06-08,11.7,10.0,117.0,,,,,
1999-06-09,11.8,10.0,118.0,,,,,
1999-06-10,12.0,30.0,360.0,,,,,
1999-06-11,11.65,50.0,582.5,,,,,
1999-06-12,11.65,0.0,0.0,,,,,
1999-06-13,11.65,0.0,0.0,,,,,
1999-06-14,11.64,0.0,0.0,,,,,
1999-06-15,11.62,10.0,116.19999999999999,,,,,
1999-06-16,11.6,0.0,0.0,,,,,
1999-06-17,11.56,0.0,0.0,,,,,
1999-06-18,11.58,50.0,579.0,,,,,
1999-06-19,11.58,0.0,0.0,,,,,
1999-06-20,11.58,0.0,0.0,,,,,
1999-06-21,11.6,10.0,116.0,,,,,
1999-06-22,11.6,20.0,232.0,,,,,
1999-06-23,11.59,10.0,115.9,,,,,
1999-06-24,11.55,10.0,115.5,,,,,
1999-06-25,11.55,10.0,115.5,,,,,
1999-06-26,11.55,0.0,0.0,,,,,
1999-06-27,11.55,0.0,0.0,,,,,
1999-06-28,11.55,0.0,0.0,,,,,
1999-06-29,11.47,0.0,0.0,,,,,
1999-06-30,11.5,0.0,0.0,,,,,
1999-07-01,13.5,20.0,270.0,,,,,
1999-07-02,13.5,20.0,270.0,0.0,0.0,0.0,0.0,1.0
1999-07-03,13.5,0.0,0.0,,,,,
1999-07-04,13.5,0.0,0.0,,,,,
1999-07-05,13.5,0.0,0.0,,,,,
1999-07-06,13.55,20.0,271.0,,,,,
1999-07-07,13.57,10.0,135.7,,,,,
1999-07-08,13.47,20.0,269.40000000000003,,,,,
1999-07-09,13.4,120.0,1608.0,,,,,
1999-07-10,13.4,0.0,0.0,,,,,
1999-07-11,13.4,0.0,0.0,,,,,
1999-07-12,13.43,20.0,268.6,,,,,
1999-07-13,13.42,10.0,134.2,,,,,
1999-07-14,13.41,50.0,670.5,,,,,
1999-07-15,13.48,10.0,134.8,,,,,
1999-07-16,13.5,20.0,270.0,,,,,
1999-07-17,13.5,0.0,0.0,,,,,
1999-07-18,13.5,0.0,0.0,,,,,
1999-07-19,13.6,0.0,0.0,,,,,
1999-07-20,13.6,30.0,408.0,,,,,
1999-07-21,13.6,10.0,136.0,,,,,
1999-07-22,13.55,40.0,542.0,,,,,
1999-07-23,13.5,20.0,270.0,,,,,
1999-07-24,13.5,0.0,0.0,,,,,
1999-07-25,13.5,0.0,0.0,,,,,
1999-07-26,13.5,20.0,270.0,,,,,
1999-07-27,13.52,20.0,270.4,,,,,
1999-07-28,13.45,70.0,941.5,,,,,
1999-07-29,13.5,10.0,135.0,,,,,
1999-07-30,13.49,20.0,269.8,,,,,
1999-07-31,13.49,0.0,0.0,,,,,
1999-08-01,13.49,0.0,0.0,,,,,
1999-08-02,13.6,0.0,0.0,,,,,
1999-08-03,13.6,0.0,0.0,,,,,
1999-08-04,13.64,20.0,272.8,,,,,
1999-08-05,16.25,40.0,650.0,,,,,
1999-08-06,16.25,20.0,325.0,0.0,0.0,,,
1999-08-07,16.25,0.0,0.0,,,,,
1999-08-08,16.25,0.0,0.0,,,,,
1999-08-09,16.1,30.0,483.00000000000006,,,,,
1999-08-10,16.17,40.0,646.8000000000001,,,,,
1999-08-11,16.15,20.0,323.0,,,,,
1999-08-12,16.19,30.0,485.70000000000005,,,,,
1999-08-13,16.17,10.0,161.70000000000002,,,,,
1999-08-14,16.17,0.0,0.0,,,,,
1999-08-15,16.17,0.0,0.0,,,,,
1999-08-16,16.15,30.0,484.49999999999994,,,,,
1999-08-17,16.08,10.0,160.79999999999998,,,,,
1999-08-18,16.05,60.0,963.0,,,,,
1999-08-19,16.05,50.0,802.5,,,,,
1999-08-20,16.15,40.0,646.0,,,,,
1999-08-21,16.15,0.0,0.0,,,,,
1999-08-22,16.15,0.0,0.0,,,,,
1999-08-23,16.09,0.0,0.0,,,,,
1999-08-24,16.09,10.0,160.9,,,,,
1999-08-25,16.1,120.0,1932.0000000000002,,,,,
1999-08-26,16.04,20.0,320.79999999999995,,,,,
1999-08-27,16.15,40.0,646.0,,,,,
1999-08-28,16.15,0.0,0.0,,,,,
1999-08-29,16.15,0.0,0.0,,,,,
1999-08-30,16.15,0.0,0.0,,,,,
1999-08-31,16.15,0.0,0.0,,,,,
1999-09-01,15.84,30.0,475.2,,,,,
1999-09-02,15.33,50.0,766.5,-0.032196969696969724,-1.0,,,
1999-09-03,15.14,30.0,454.20000000000005,-0.012393998695368502,-1.0,0.012393998695368502,1.0,-1.0
1999-09-04,15.14,0.0,0.0,,,,,
1999-09-05,15.14,0.0,0.0,,,,,
1999-09-06,15.14,0.0,0.0,,,,,
1999-09-07,15.47,30.0,464.1,,,,,
1999-09-08,16.05,70.0,1123.5,0.03749191984486111,1.0,,,
1999-09-09,16.09,50.0,804.5,0.0024922118380061864,1.0,,,
1999-09-10,16.05,30.0,481.5,,,,,
1999-09-11,16.05,0.0,0.0,,,,,
1999-09-12,16.05,0.0,0.0,,,,,
1999-09-13,15.9,30.0,477.0,,,,,
1999-09-14,15.89,0.0,0.0,,,,,
1999-09-15,15.89,0.0,0.0,,,,,
1999-09-16,15.89,30.0,476.70000000000005,,,,,
1999-09-17,15.95,60.0,957.0,,,,,
1999-09-18,15.95,0.0,0.0,,,,,
1999-09-19,15.95,0.0,0.0,,,,,
1999-09-20,15.9,10.0,159.0,,,,,
1999-09-21,15.95,40.0,638.0,,,,,
1999-09-22,15.94,0.0,0.0,,,,,
1999-09-23,15.94,30.0,478.2,,,,,
1999-09-24,16.08,50.0,803.9999999999999,,,,,
1999-09-25,16.08,0.0,0.0,,,,,
1999-09-26,16.08,0.0,0.0,,,,,
1999-09-27,16.04,0.0,0.0,,,,,
1999-09-28,16.04,20.0,320.79999999999995,,,,,
1999-09-29,16.1,10.0,161.0,,,,,
1999-09-30,16.15,0.0,0.0,,,,,
1999-10-01,16.2,30.0,486.0,,,,,
1999-10-02,16.2,0.0,0.0,0.0,0.0,,,
1999-10-03,16.2,0.0,0.0,,,,,
1999-10-04,12.7,10.0,127.0,,,,,
1999-10-05,12.49,20.0,249.8,-0.016535433070866024,-1.0,0.016535433070866024,1.0,-1.0
1999-10-06,12.35,30.0,370.5,,,,,
1999-10-07,12.2,20.0,244.0,-0.012145748987854255,-1.0,,,
1999-10-08,12.1,30.0,363.0,,,,,
1999-10-09,12.1,0.0,0.0,0.0,0.0,,,
1999-10-10,12.1,0.0,0.0,,,,,
1999-10-11,12.0,70.0,840.0,,,,,
1999-10-12,11.94,50.0,597.0,,,,,
1999-10-13,12.17,40.0,486.8,,,,,
1999-10-14,12.29,50.0,614.5,0.009860312243221037,1.0,,,
1999-10-15,12.31,40.0,492.40000000000003,,,,,
1999-10-16,12.31,0.0,0.0,,,,,
1999-10-17,12.31,0.0,0.0,,,,,
1999-10-18,12.21,20.0,244.20000000000002,,,,,
1999-10-19,12.15,10.0,121.5,,,,,
1999-10-20,12.06,10.0,120.60000000000001,,,,,
1999-10-21,12.04,20.0,240.79999999999998,-0.0016583747927032544,-1.0,,,
1999-10-22,12.04,10.0,120.39999999999999,,,,,
1999-10-23,12.04,0.0,0.0,,,,,
1999-10-24,12.04,0.0,0.0,,,,,
1999-10-25,12.19,90.0,1097.1,,,,,
1999-10-26,12.25,60.0,735.0,,,,,
1999-10-27,12.27,50.0,613.5,,,,,
1999-10-28,12.2,20.0,244.0,-0.005704971475142595,-1.0,,,
1999-10-29,12.2,20.0,244.0,,,,,
1999-10-30,12.2,0.0,0.0,,,,,
1999-10-31,12.2,0.0,0.0,,,,,
1999-11-01,11.83,40.0,473.2,,,,,
1999-11-02,11.84,0.0,0.0,0.0008453085376161074,1.0,,,
1999-11-03,11.83,0.0,0.0,,,,,
1999-11-04,11.09,50.0,554.5,,,,,
1999-11-05,10.5,70.0,735.0,-0.053201082055906235,-1.0,,,
1999-11-06,10.5,0.0,0.0,0.0,0.0,,,
1999-11-07,10.5,0.0,0.0,,,,,
1999-11-08,10.53,10.0,105.3,,,,,
1999-11-09,10.5,20.0,210.0,,,,,
1999-11-10,10.4,10.0,104.0,,,,,
1999-11-11,10.45,20.0,209.0,,,,,
1999-11-12,10.5,10.0,105.0,,,,,
1999-11-13,10.5,0.0,0.0,,,,,
1999-11-14,10.5,0.0,0.0,,,,,
1999-11-15,10.5,0.0,0.0,,,,,
1999-11-16,10.46,20.0,209.20000000000002,,,,,
1999-11-17,10.4,30.0,312.0,,,,,
1999-11-18,10.41,20.0,208.2,,,,,
1999-11-19,10.15,20.0,203.0,,,,,
1999-11-20,10.15,0.0,0.0,0.0,0.0,,,
1999-11-21,10.15,0.0,0.0,,,,,
1999-11-22,10.15,20.0,203.0,,,,,
1999-11-23,10.1,30.0,303.0,,,,,
1999-11-24,10.12,10.0,101.19999999999999,,,,,
1999-11-25,10.12,0.0,0.0,,,,,
1999-11-26,10.12,0.0,0.0,,,,,
1999-11-27,10.12,0.0,0.0,,,,,
1999-11-28,10.12,0.0,0.0,,,,,
1999-11-29,10.1,40.0,404.0,,,,,
1999-11-30,10.05,50.0,502.50000000000006,,,,,
1999-12-01,9.85,20.0,197.0,,,,,
1999-12-02,9.96,40.0,398.40000000000003,0.01116751269035543,1.0,,,
1999-12-03,9.9,20.0,198.0,,,,,
1999-12-04,9.9,0.0,0.0,,,,,
1999-12-05,9.9,0.0,0.0,,,,,
1999-12-06,9.69,70.0,678.3,,,,,
1999-12-07,9.67,10.0,96.7,-0.0020639834881320818,-1.0,,,
1999-12-08,9.8,20.0,196.0,,,,,
1999-12-09,9.86,40.0,394.4,,,,,
1999-12-10,9.94,10.0,99.39999999999999,0.008113590263691739,1.0,,,
1999-12-11,9.94,0.0,0.0,,,,,
1999-12-12,9.94,0.0,0.0,,,,,
1999-12-13,9.88,10.0,98.80000000000001,,,,,
1999-12-14,9.85,0.0,0.0,,,,,
1999-12-15,9.74,0.0,0.0,,,,,
1999-12-16,9.66,10.0,96.6,-0.008213552361396315,-1.0,,,
1999-12-17,9.67,30.0,290.1,,,,,
1999-12-18,9.67,0.0,0.0,,,,,
1999-12-19,9.67,0.0,0.0,,,,,
1999-12-20,9.47,0.0,0.0,,,,,
1999-12-21,9.65,10.0,96.5,0.019007391763463444,1.0,,,
1999-12-22,9.67,0.0,0.0,,,,,
1999-12-23,9.66,10.0,96.6,-0.0010341261633919352,-1.0,,,
1999-12-24,9.66,0.0,0.0,,,,,
1999-12-25,9.66,0.0,0.0,,,,,
1999-12-26,9.66,0.0,0.0,,,,,
1999-12-27,9.68,10.0,96.8,,,,,
1999-12-28,9.71,10.0,97.10000000000001,,,,,
1999-12-29,9.7,0.0,0.0,,,,,
1999-12-30,11.2,10.0,112.0,,,,,
1999-12-31,9.9,0.0,0.0,-0.11607142857142849,-1.0,-0.11607142857142849,0.0,1.0
2000-01-01,9.9,0.0,0.0,0.0,0.0,,,
2000-01-02,9.9,0.0,0.0,,,,,
2000-01-03,9.67,0.0,0.0,,,,,
2000-01-04,9.67,0.0,0.0,0.0,0.0,,,
2000-01-05,9.63,0.0,0.0,,,,,
2000-01-06,10.05,40.0,402.0,,,,,
2000-01-07,10.02,50.0,501.0,-0.0029850746268658135,-1.0,-0.0029850746268658135,0.0,1.0
2000-01-08,10.02,0.0,0.0,,,,,
2000-01-09,10.02,0.0,0.0,,,,,
2000-01-10,10.03,10.0,100.3,,,,,
2000-01-11,9.98,20.0,199.60000000000002,,,,,
2000-01-12,9.96,10.0,99.60000000000001,,,,,
2000-01-13,10.01,0.0,0.0,,,,,
2000-01-14,10.13,10.0,101.30000000000001,,,,,
2000-01-15,10.13,0.0,0.0,,,,,
2000-01-16,10.13,0.0,0.0,,,,,
2000-01-17,10.13,0.0,0.0,,,,,
2000-01-18,10.1,0.0,0.0,,,,,
2000-01-19,10.1,0.0,0.0,,,,,
2000-01-20,10.1,0.0,0.0,,,,,
2000-01-21,10.07,0.0,0.0,,,,,
2000-01-22,10.07,0.0,0.0,,,,,
2000-01-23,10.07,0.0,0.0,,,,,
2000-01-24,10.15,0.0,0.0,,,,,
2000-01-25,10.15,0.0,0.0,0.0,0.0,,,
2000-01-26,10.07,0.0,0.0,,,,,
2000-01-27,10.07,0.0,0.0,,,,,
2000-01-28,10.1,0.0,0.0,,,,,
2000-01-29,10.1,0.0,0.0,,,,,
2000-01-30,10.1,0.0,0.0,,,,,
2000-01-31,10.1,0.0,0.0,,,,,
2000-02-01,10.07,0.0,0.0,,,,,
2000-02-02,10.09,0.0,0.0,,,,,
2000-02-03,10.07,0.0,0.0,,,,,
2000-02-04,9.65,110.0,1061.5,,,,,
2000-02-05,9.65,0.0,0.0,0.0,0.0,-0.0,0.0,-1.0
2000-02-06,9.65,0.0,0.0,,,,,
2000-02-07,9.75,20.0,195.0,,,,,
2000-02-08,9.7,10.0,97.0,,,,,
2000-02-09,9.7,40.0,388.0,,,,,
2000-02-10,9.68,20.0,193.6,,,,,
2000-02-11,9.6,200.0,1920.0,,,,,
2000-02-12,9.6,0.0,0.0,,,,,
2000-02-13,9.6,0.0,0.0,,,,,
2000-02-14,9.61,10.0,96.1,,,,,
2000-02-15,9.61,10.0,96.1,,,,,
2000-02-16,9.6,20.0,192.0,,,,,
2000-02-17,9.61,0.0,0.0,,,,,
2000-02-18,9.6,10.0,96.0,,,,,
2000-02-19,9.6,0.0,0.0,,,,,
2000-02-20,9.6,0.0,0.0,,,,,
2000-02-21,9.6,0.0,0.0,,,,,
2000-02-22,9.55,30.0,286.5,,,,,
2000-02-23,9.55,0.0,0.0,,,,,
2000-02-24,9.56,0.0,0.0,,,,,
2000-02-25,9.56,0.0,0.0,,,,,
2000-02-26,9.56,0.0,0.0,,,,,
2000-02-27,9.56,0.0,0.0,,,,,
2000-02-28,9.56,0.0,0.0,,,,,
2000-02-29,9.56,0.0,0.0,,,,,
2000-03-01,9.56,0.0,0.0,,,,,
2000-03-02,9.55,0.0,0.0,,,,,
2000-03-03,9.78,0.0,0.0,,,,,
2000-03-04,9.78,0.0,0.0,,,,,
2000-03-05,9.78,0.0,0.0,,,,,
2000-03-06,9.8,10.0,98.0,,,,,
2000-03-07,9.8,0.0,0.0,,,,,
2000-03-08,9.77,0.0,0.0,,,,,
2000-03-09,9.62,0.0,0.0,,,,,
2000-03-10,9.62,0.0,0.0,,,,,
2000-03-11,9.62,0.0,0.0,,,,,
2000-03-12,9.62,0.0,0.0,,,,,
2000-03-13,9.58,50.0,479.0,,,,,
2000-03-14,9.58,10.0,95.8,,,,,
2000-03-15,9.58,20.0,191.6,,,,,
2000-03-16,9.58,0.0,0.0,,,,,
2000-03-17,9.55,0.0,0.0,,,,,
2000-03-18,9.55,0.0,0.0,,,,,
2000-03-19,9.55,0.0,0.0,,,,,
2000-03-20,9.55,10.0,95.5,,,,,
2000-03-21,9.55,0.0,0.0,,,,,
2000-03-22,9.55,0.0,0.0,,,,,
2000-03-23,9.55,0.0,0.0,,,,,
2000-03-24,9.55,0.0,0.0,,,,,
2000-03-25,9.55,0.0,0.0,,,,,
2000-03-26,9.55,0.0,0.0,,,,,
2000-03-27,9.55,0.0,0.0,,,,,
2000-03-28,9.55,0.0,0.0,,,,,
2000-03-29,9.55,0.0,0.0,,,,,
2000-03-30,9.51,10.0,95.1,,,,,
2000-03-31,9.51,0.0,0.0,,,,,
2000-04-01,9.51,0.0,0.0,,,,,
2000-04-02,9.51,0.0,0.0,,,,,
2000-04-03,9.62,0.0,0.0,,,,,
2000-04-04,9.62,0.0,0.0,,,,,
2000-04-05,9.62,50.0,480.99999999999994,,,,,
2000-04-06,9.57,0.0,0.0,,,,,
2000-04-07,9.56,0.0,0.0,,,,,
2000-04-08,9.56,0.0,0.0,,,,,
2000-04-09,9.56,0.0,0.0,,,,,
2000-04-10,9.53,20.0,190.6,,,,,
2000-04-11,9.52,20.0,190.39999999999998,,,,,
2000-04-12,9.51,10.0,95.1,,,,,
2000-04-13,9.45,10.0,94.5,,,,,
2000-04-14,9.43,10.0,94.3,,,,,
2000-04-15,9.43,0.0,0.0,,,,,
2000-04-16,9.43,0.0,0.0,,,,,
2000-04-17,9.44,10.0,94.39999999999999,,,,,
2000-04-18,9.47,10.0,94.7,,,,,
2000-04-19,9.46,0.0,0.0,,,,,
2000-04-20,9.47,0.0,0.0,,,,,
2000-04-21,9.47,0.0,0.0,,,,,
2000-04-22,9.47,0.0,0.0,,,,,
2000-04-23,9.47,0.0,0.0,,,,,
2000-04-24,9.47,0.0,0.0,,,,,
2000-04-25,9.47,0.0,0.0,,,,,
2000-04-26,9.45,0.0,0.0,,,,,
2000-04-27,9.45,0.0,0.0,,,,,
2000-04-28,9.45,0.0,0.0,,,,,
2000-04-29,9.45,0.0,0.0,,,,,
2000-04-30,9.45,0.0,0.0,,,,,
2000-05-01,9.45,0.0,0.0,,,,,
2000-05-02,9.45,0.0,0.0,,,,,
2000-05-03,9.4,0.0,0.0,,,,,
2000-05-04,9.41,10.0,94.1,,,,,
2000-05-05,9.65,0.0,0.0,,,,,
2000-05-06,9.65,0.0,0.0,,,,,
2000-05-07,9.65,0.0,0.0,,,,,
2000-05-08,9.62,0.0,0.0,,,,,
2000-05-09,9.6,0.0,0.0,,,,,
2000-05-10,9.55,10.0,95.5,,,,,
2000-05-11,9.5,10.0,95.0,,,,,
2000-05-12,9.45,20.0,189.0,,,,,
2000-05-13,9.45,0.0,0.0,,,,,
2000-05-14,9.45,0.0,0.0,,,,,
2000-05-15,9.44,0.0,0.0,,,,,
2000-05-16,9.42,10.0,94.2,,,,,
2000-05-17,9.4,10.0,94.0,,,,,
2000-05-18,9.4,10.0,94.0,,,,,
2000-05-19,9.4,0.0,0.0,,,,,
2000-05-20,9.4,0.0,0.0,,,,,
2000-05-21,9.4,0.0,0.0,,,,,
2000-05-22,9.38,0.0,0.0,,,,,
2000-05-23,9.38,10.0,93.80000000000001,,,,,
2000-05-24,9.38,0.0,0.0,,,,,
2000-05-25,9.38,0.0,0.0,,,,,
2000-05-26,9.38,0.0,0.0,,,,,
2000-05-27,9.38,0.0,0.0,,,,,
2000-05-28,9.38,0.0,0.0,,,,,
2000-05-29,9.38,0.0,0.0,,,,,
2000-05-30,9.38,0.0,0.0,,,,,
2000-05-31,9.38,0.0,0.0,,,,,
2000-06-01,9.38,10.0,93.80000000000001,,,,,
2000-06-02,9.38,0.0,0.0,,,,,
2000-06-03,9.38,0.0,0.0,,,,,
2000-06-04,9.38,0.0,0.0,,,,,
2000-06-05,9.85,30.0,295.5,,,,,
2000-06-06,9.7,10.0,97.0,,,,,
2000-06-07,9.65,70.0,675.5,,,,,
2000-06-08,9.65,60.0,579.0,,,,,
2000-06-09,9.65,10.0,96.5,,,,,
2000-06-10,9.65,0.0,0.0,,,,,
2000-06-11,9.65,0.0,0.0,,,,,
2000-06-12,9.6,0.0,0.0,,,,,
2000-06-13,9.6,10.0,96.0,,,,,
2000-06-14,9.58,10.0,95.8,,,,,
2000-06-15,9.58,10.0,95.8,,,,,
2000-06-16,9.55,40.0,382.0,,,,,
2000-06-17,9.55,0.0,0.0,,,,,
2000-06-18,9.55,0.0,0.0,,,,,
2000-06-19,9.5,0.0,0.0,,,,,
2000-06-20,9.45,10.0,94.5,,,,,
2000-06-21,9.45,10.0,94.5,,,,,
2000-06-22,9.45,10.0,94.5,,,,,
2000-06-23,9.47,10.0,94.7,,,,,
2000-06-24,9.47,0.0,0.0,,,,,
2000-06-25,9.47,0.0,0.0,,,,,
2000-06-26,9.45,0.0,0.0,,,,,
2000-06-27,9.47,10.0,94.7,,,,,
2000-06-28,9.5,40.0,380.0,,,,,
2000-06-29,9.51,10.0,95.1,,,,,
2000-06-30,9.46,0.0,0.0,,,,,
2000-07-01,9.46,0.0,0.0,,,,,
2000-07-02,9.46,0.0,0.0,,,,,
2000-07-03,9.51,0.0,0.0,,,,,
2000-07-04,9.51,0.0,0.0,,,,,
2000-07-05,11.11,10.0,111.1,,,,,
2000-07-06,10.9,10.0,109.0,-0.018901890189018777,-1.0,-0.018901890189018777,0.0,1.0
2000-07-07,10.8,60.0,648.0,-0.00917431192660545,-1.0,,,
2000-07-08,10.8,0.0,0.0,,,,,
2000-07-09,10.8,0.0,0.0,,,,,
2000-07-10,10.65,40.0,426.0,,,,,
2000-07-11,10.55,20.0,211.0,-0.009389671361502261,-1.0,,,
2000-07-12,10.56,40.0,422.40000000000003,,,,,
2000-07-13,10.6,20.0,212.0,,,,,
2000-07-14,10.55,10.0,105.5,,,,,
2000-07-15,10.55,0.0,0.0,,,,,
2000-07-16,10.55,0.0,0.0,,,,,
2000-07-17,10.44,20.0,208.79999999999998,,,,,
2000-07-18,10.44,10.0,104.39999999999999,0.0,0.0,,,
2000-07-19,10.4,20.0,208.0,,,,,
2000-07-20,10.4,20.0,208.0,,,,,
2000-07-21,10.5,10.0,105.0,,,,,
2000-07-22,10.5,0.0,0.0,,,,,
2000-07-23,10.5,0.0,0.0,,,,,
2000-07-24,10.55,20.0,211.0,,,,,
2000-07-25,10.57,10.0,105.7,,,,,
2000-07-26,10.6,30.0,318.0,,,,,
2000-07-27,10.55,0.0,0.0,-0.004716981132075415,-1.0,,,
2000-07-28,10.6,0.0,0.0,,,,,
2000-07-29,10.6,0.0,0.0,,,,,
2000-07-30,10.6,0.0,0.0,,,,,
2000-07-31,10.62,10.0,106.19999999999999,,,,,
2000-08-01,10.62,0.0,0.0,,,,,
2000-08-02,10.62,0.0,0.0,,,,,
2000-08-03,9.93,30.0,297.9,,,,,
2000-08-04,10.3,30.0,309.0,0.037260825780463414,1.0,-0.037260825780463414,0.0,-1.0
2000-08-05,10.3,0.0,0.0,0.0,0.0,,,
2000-08-06,10.3,0.0,0.0,,,,,
2000-08-07,10.2,60.0,612.0,,,,,
2000-08-08,10.14,0.0,0.0,,,,,
2000-08-09,10.07,20.0,201.4,,,,,
2000-08-10,10.04,20.0,200.79999999999998,-0.002979145978153075,-1.0,,,
2000-08-11,10.11,20.0,202.2,,,,,
2000-08-12,10.11,0.0,0.0,,,,,
2000-08-13,10.11,0.0,0.0,,,,,
2000-08-14,10.11,20.0,202.2,,,,,
2000-08-15,10.15,10.0,101.5,,,,,
2000-08-16,10.08,0.0,0.0,,,,,
2000-08-17,10.08,20.0,201.6,,,,,
2000-08-18,10.02,10.0,100.19999999999999,,,,,
2000-08-19,10.02,0.0,0.0,,,,,
2000-08-20,10.02,0.0,0.0,,,,,
2000-08-21,10.07,0.0,0.0,,,,,
2000-08-22,10.04,20.0,200.79999999999998,,,,,
2000-08-23,10.04,0.0,0.0,,,,,
2000-08-24,10.07,20.0,201.4,,,,,
2000-08-25,10.15,10.0,101.5,,,,,
2000-08-26,10.15,0.0,0.0,,,,,
2000-08-27,10.15,0.0,0.0,,,,,
2000-08-28,10.15,0.0,0.0,,,,,
2000-08-29,10.15,0.0,0.0,,,,,
2000-08-30,10.2,0.0,0.0,,,,,
2000-08-31,10.69,0.0,0.0,,,,,
2000-09-01,10.69,0.0,0.0,,,,,
2000-09-02,10.69,0.0,0.0,,,,,
2000-09-03,10.69,0.0,0.0,,,,,
2000-09-04,10.69,0.0,0.0,,,,,
2000-09-05,10.7,0.0,0.0,,,,,
2000-09-06,10.65,20.0,213.0,,,,,
2000-09-07,10.75,20.0,215.0,,,,,
2000-09-08,10.75,0.0,0.0,,,,,
2000-09-09,10.75,0.0,0.0,,,,,
2000-09-10,10.75,0.0,0.0,,,,,
2000-09-11,10.75,40.0,430.0,,,,,
2000-09-12,10.65,20.0,213.0,,,,,
2000-09-13,10.71,0.0,0.0,,,,,
2000-09-14,10.69,90.0,962.0999999999999,,,,,
2000-09-15,10.71,10.0,107.10000000000001,,,,,
2000-09-16,10.71,0.0,0.0,,,,,
2000-09-17,10.71,0.0,0.0,,,,,
2000-09-18,10.73,0.0,0.0,,,,,
2000-09-19,10.73,20.0,214.60000000000002,,,,,
2000-09-20,10.73,10.0,107.30000000000001,,,,,
2000-09-21,10.73,30.0,321.90000000000003,,,,,
2000-09-22,10.75,20.0,215.0,,,,,
2000-09-23,10.75,0.0,0.0,,,,,
2000-09-24,10.75,0.0,0.0,,,,,
2000-09-25,10.75,0.0,0.0,,,,,
2000-09-26,10.8,60.0,648.0,,,,,
2000-09-27,10.8,0.0,0.0,,,,,
2000-09-28,10.5,40.0,420.0,,,,,
2000-09-29,10.42,50.0,521.0,,,,,
2000-09-30,10.42,0.0,0.0,,,,,
2000-10-01,10.42,0.0,0.0,,,,,
2000-10-02,10.35,30.0,310.5,,,,,
2000-10-03,10.3,30.0,309.0,,,,,
2000-10-04,10.21,110.0,1123.1000000000001,,,,,
2000-10-05,10.1,90.0,909.0,,,,,
2000-10-06,10.05,160.0,1608.0,,,,,
2000-10-07,10.05,0.0,0.0,,,,,
2000-10-08,10.05,0.0,0.0,,,,,
2000-10-09,10.0,20.0,200.0,,,,,
2000-10-10,10.03,30.0,300.9,,,,,
2000-10-11,10.05,70.0,703.5,,,,,
2000-10-12,10.11,20.0,202.2,,,,,
2000-10-13,10.12,0.0,0.0,,,,,
2000-10-14,10.12,0.0,0.0,,,,,
2000-10-15,10.12,0.0,0.0,,,,,
2000-10-16,10.0,40.0,400.0,,,,,
2000-10-17,10.05,0.0,0.0,,,,,
2000-10-18,10.09,10.0,100.9,,,,,
2000-10-19,10.01,80.0,800.8,,,,,
2000-10-20,10.07,20.0,201.4,,,,,
2000-10-21,10.07,0.0,0.0,,,,,
2000-10-22,10.07,0.0,0.0,,,,,
2000-10-23,10.1,0.0,0.0,,,,,
2000-10-24,10.1,10.0,101.0,,,,,
2000-10-25,10.05,0.0,0.0,,,,,
2000-10-26,10.05,0.0,0.0,,,,,
2000-10-27,10.04,0.0,0.0,,,,,
2000-10-28,10.04,0.0,0.0,,,,,
2000-10-29,10.04,0.0,0.0,,,,,
2000-10-30,8.9,20.0,178.0,,,,,
2000-10-31,8.9,50.0,445.0,,,,,
2000-11-01,8.9,10.0,89.0,,,,,
2000-11-02,8.75,40.0,350.0,,,,,
2000-11-03,8.5,20.0,170.0,,,,,
2000-11-04,8.5,0.0,0.0,0.0,0.0,,,
2000-11-05,8.5,0.0,0.0,,,,,
2000-11-06,8.69,40.0,347.59999999999997,,,,,
2000-11-07,8.69,0.0,0.0,0.0,0.0,,,
2000-11-08,8.7,0.0,0.0,,,,,
2000-11-09,8.76,0.0,0.0,,,,,
2000-11-10,8.75,10.0,87.5,,,,,
2000-11-11,8.75,0.0,0.0,,,,,
2000-11-12,8.75,0.0,0.0,,,,,
2000-11-13,8.75,10.0,87.5,,,,,
2000-11-14,8.75,0.0,0.0,,,,,
2000-11-15,8.8,20.0,176.0,,,,,
2000-11-16,8.8,20.0,176.0,,,,,
2000-11-17,8.76,10.0,87.6,,,,,
2000-11-18,8.76,0.0,0.0,,,,,
2000-11-19,8.76,0.0,0.0,,,,,
2000-11-20,8.76,20.0,175.2,,,,,
2000-11-21,8.75,10.0,87.5,,,,,
2000-11-22,8.7,10.0,87.0,,,,,
2000-11-23,8.7,0.0,0.0,,,,,
2000-11-24,8.65,0.0,0.0,,,,,
2000-11-25,8.65,0.0,0.0,,,,,
2000-11-26,8.65,0.0,0.0,,,,,
2000-11-27,8.6,0.0,0.0,,,,,
2000-11-28,8.6,0.0,0.0,,,,,
2000-11-29,8.57,0.0,0.0,,,,,
2000-11-30,9.38,50.0,469.00000000000006,,,,,
2000-12-01,9.34,20.0,186.8,,,,,
2000-12-02,9.34,0.0,0.0,,,,,
2000-12-03,9.34,0.0,0.0,,,,,
2000-12-04,9.32,10.0,93.2,,,,,
2000-12-05,9.3,30.0,279.0,,,,,
2000-12-06,9.3,50.0,465.00000000000006,,,,,
2000-12-07,9.3,50.0,465.00000000000006,,,,,
2000-12-08,9.22,20.0,184.4,,,,,
2000-12-09,9.22,0.0,0.0,,,,,
2000-12-10,9.22,0.0,0.0,,,,,
2000-12-11,9.2,20.0,184.0,,,,,
2000-12-12,9.18,0.0,0.0,-0.0021739130434782483,-1.0,,,
2000-12-13,9.22,0.0,0.0,,,,,
2000-12-14,9.22,0.0,0.0,,,,,
2000-12-15,9.24,0.0,0.0,,,,,
2000-12-16,9.24,0.0,0.0,,,,,
2000-12-17,9.24,0.0,0.0,,,,,
2000-12-18,9.21,0.0,0.0,,,,,
2000-12-19,9.22,20.0,184.4,,,,,
2000-12-20,9.23,10.0,92.30000000000001,,,,,
2000-12-21,9.2,0.0,0.0,,,,,
2000-12-22,9.35,10.0,93.5,,,,,
2000-12-23,9.35,0.0,0.0,,,,,
2000-12-24,9.35,0.0,0.0,,,,,
2000-12-25,9.35,0.0,0.0,,,,,
2000-12-26,9.35,0.0,0.0,,,,,
2000-12-27,9.43,0.0,0.0,,,,,
2000-12-28,9.38,0.0,0.0,,,,,
2000-12-29,9.38,20.0,187.60000000000002,,,,,
2000-12-30,9.38,0.0,0.0,,,,,
2000-12-31,9.38,0.0,0.0,,,,,
2001-01-01,9.38,0.0,0.0,,,,,
2001-01-02,9.38,0.0,0.0,,,,,
2001-01-03,9.38,0.0,0.0,,,,,
2001-01-04,9.38,0.0,0.0,,,,,
2001-01-05,9.38,0.0,0.0,,,,,
2001-01-06,9.38,0.0,0.0,,,,,
2001-01-07,9.38,0.0,0.0,,,,,
2001-01-08,9.38,0.0,0.0,,,,,
2001-01-09,9.38,0.0,0.0,,,,,
2001-01-10,9.38,0.0,0.0,,,,,
2001-01-11,9.38,0.0,0.0,,,,,
2001-01-12,9.38,0.0,0.0,,,,,
2001-01-13,9.38,0.0,0.0,,,,,
2001-01-14,9.38,0.0,0.0,,,,,
2001-01-15,9.38,0.0,0.0,,,,,
2001-01-16,9.38,0.0,0.0,,,,,
2001-01-17,9.38,0.0,0.0,,,,,
2001-01-18,9.38,0.0,0.0,,,,,
2001-01-19,9.38,0.0,0.0,,,,,
2001-01-20,9.38,0.0,0.0,,,,,
2001-01-21,9.38,0.0,0.0,,,,,
2001-01-22,9.38,0.0,0.0,,,,,
2001-01-23,9.38,0.0,0.0,,,,,
2001-01-24,9.38,0.0,0.0,,,,,
2001-01-25,9.38,0.0,0.0,,,,,
2001-01-26,9.38,0.0,0.0,,,,,
2001-01-27,9.38,0.0,0.0,,,,,
2001-01-28,9.38,0.0,0.0,,,,,
2001-01-29,9.38,0.0,0.0,,,,,
2001-01-30,9.38,0.0,0.0,,,,,
2001-01-31,9.38,0.0,0.0,,,,,
2001-02-01,9.38,0.0,0.0,,,,,
2001-02-02,9.38,0.0,0.0,,,,,
2001-02-03,9.38,0.0,0.0,,,,,
2001-02-04,9.38,0.0,0.0,,,,,
2001-02-05,9.38,0.0,0.0,,,,,
2001-02-06,9.38,0.0,0.0,,,,,
2001-02-07,9.38,0.0,0.0,,,,,
2001-02-08,9.38,0.0,0.0,,,,,
2001-02-09,9.38,0.0,0.0,,,,,
2001-02-10,9.38,0.0,0.0,,,,,
2001-02-11,9.38,0.0,0.0,,,,,
2001-02-12,9.38,0.0,0.0,,,,,
2001-02-13,9.38,0.0,0.0,,,,,
2001-02-14,9.38,0.0,0.0,,,,,
2001-02-15,9.38,0.0,0.0,,,,,
2001-02-16,9.38,0.0,0.0,,,,,
2001-02-17,9.38,0.0,0.0,,,,,
2001-02-18,9.38,0.0,0.0,,,,,
2001-02-19,9.38,0.0,0.0,,,,,
2001-02-20,9.38,0.0,0.0,,,,,
2001-02-21,9.38,0.0,0.0,,,,,
2001-02-22,9.38,0.0,0.0,,,,,
2001-02-23,9.38,0.0,0.0,,,,,
2001-02-24,9.38,0.0,0.0,,,,,
2001-02-25,9.38,0.0,0.0,,,,,
2001-02-26,9.38,0.0,0.0,,,,,
2001-02-27,9.38,0.0,0.0,,,,,
2001-02-28,9.38,0.0,0.0,,,,,
2001-03-01,9.38,0.0,0.0,,,,,
2001-03-02,9.38,0.0,0.0,,,,,
2001-03-03,9.38,0.0,0.0,,,,,
2001-03-04,9.38,0.0,0.0,,,,,
2001-03-05,9.38,0.0,0.0,,,,,
2001-03-06,9.38,0.0,0.0,,,,,
2001-03-07,9.38,0.0,0.0,,,,,
2001-03-08,9.38,0.0,0.0,,,,,
2001-03-09,9.38,0.0,0.0,,,,,
2001-03-10,9.38,0.0,0.0,,,,,
2001-03-11,9.38,0.0,0.0,,,,,
2001-03-12,9.38,0.0,0.0,,,,,
2001-03-13,9.38,0.0,0.0,,,,,
2001-03-14,9.38,0.0,0.0,,,,,
2001-03-15,9.38,0.0,0.0,,,,,
2001-03-16,9.38,0.0,0.0,,,,,
2001-03-17,9.38,0.0,0.0,,,,,
2001-03-18,9.38,0.0,0.0,,,,,
2001-03-19,9.38,0.0,0.0,,,,,
2001-03-20,9.38,0.0,0.0,,,,,
2001-03-21,9.38,0.0,0.0,,,,,
2001-03-22,9.38,0.0,0.0,,,,,
2001-03-23,9.38,0.0,0.0,,,,,
2001-03-24,9.38,0.0,0.0,,,,,
2001-03-25,9.38,0.0,0.0,,,,,
2001-03-26,9.38,0.0,0.0,,,,,
2001-03-27,9.38,0.0,0.0,,,,,
2001-03-28,9.38,0.0,0.0,,,,,
2001-03-29,9.38,0.0,0.0,,,,,
2001-03-30,9.38,0.0,0.0,,,,,
2001-03-31,9.38,0.0,0.0,,,,,
2001-04-01,9.38,0.0,0.0,,,,,
2001-04-02,9.38,0.0,0.0,,,,,
2001-04-03,9.38,0.0,0.0,,,,,
2001-04-04,9.38,0.0,0.0,,,,,
2001-04-05,9.38,0.0,0.0,,,,,
2001-04-06,9.38,0.0,0.0,,,,,
2001-04-07,9.38,0.0,0.0,,,,,
2001-04-08,9.38,0.0,0.0,,,,,
2001-04-09,9.38,0.0,0.0,,,,,
2001-04-10,9.38,0.0,0.0,,,,,
2001-04-11,9.38,0.0,0.0,,,,,
2001-04-12,9.38,0.0,0.0,,,,,
2001-04-13,9.38,0.0,0.0,,,,,
2001-04-14,9.38,0.0,0.0,,,,,
2001-04-15,9.38,0.0,0.0,,,,,
2001-04-16,9.38,0.0,0.0,,,,,
2001-04-17,9.38,0.0,0.0,,,,,
2001-04-18,9.38,0.0,0.0,,,,,
2001-04-19,9.38,0.0,0.0,,,,,
2001-04-20,9.38,0.0,0.0,,,,,
2001-04-21,9.38,0.0,0.0,,,,,
2001-04-22,9.38,0.0,0.0,,,,,
2001-04-23,9.38,0.0,0.0,,,,,
2001-04-24,9.38,0.0,0.0,,,,,
2001-04-25,9.38,0.0,0.0,,,,,
2001-04-26,9.38,0.0,0.0,,,,,
2001-04-27,9.38,0.0,0.0,,,,,
2001-04-28,9.38,0.0,0.0,,,,,
2001-04-29,9.38,0.0,0.0,,,,,
2001-04-30,9.38,0.0,0.0,,,,,
2001-05-01,12.04,0.0,0.0,,,,,
2001-05-02,12.02,0.0,0.0,-0.0016611295681062677,-1.0,,,
2001-05-03,13.75,90.0,1237.5,,,,,
2001-05-04,13.71,30.0,411.3,-0.002909090909090861,-1.0,,,
2001-05-05,13.71,0.0,0.0,,,,,
2001-05-06,13.71,0.0,0.0,,,,,
2001-05-07,13.73,40.0,549.2,,,,,
2001-05-08,13.71,20.0,274.20000000000005,,,,,
2001-05-09,13.71,30.0,411.3,,,,,
2001-05-10,13.69,80.0,1095.2,,,,,
2001-05-11,13.71,70.0,959.7,,,,,
2001-05-12,13.71,0.0,0.0,,,,,
2001-05-13,13.71,0.0,0.0,,,,,
2001-05-14,13.71,10.0,137.10000000000002,,,,,
2001-05-15,13.69,60.0,821.4,,,,,
2001-05-16,13.7,10.0,137.0,,,,,
2001-05-17,13.75,10.0,137.5,,,,,
2001-05-18,13.78,20.0,275.59999999999997,,,,,
2001-05-19,13.78,0.0,0.0,,,,,
2001-05-20,13.78,0.0,0.0,,,,,
2001-05-21,13.78,30.0,413.4,,,,,
2001-05-22,13.8,0.0,0.0,,,,,
2001-05-23,13.82,10.0,138.2,,,,,
2001-05-24,13.82,0.0,0.0,,,,,
2001-05-25,13.8,10.0,138.0,,,,,
2001-05-26,13.8,0.0,0.0,,,,,
2001-05-27,13.8,0.0,0.0,,,,,
2001-05-28,13.8,0.0,0.0,,,,,
2001-05-29,13.82,0.0,0.0,,,,,
2001-05-30,13.82,0.0,0.0,,,,,
2001-05-31,15.05,50.0,752.5,,,,,
2001-06-01,14.9,40.0,596.0,-0.009966777408637939,-1.0,,,
2001-06-02,14.9,0.0,0.0,,,,,
2001-06-03,14.9,0.0,0.0,,,,,
2001-06-04,15.0,10.0,150.0,,,,,
2001-06-05,15.04,10.0,150.39999999999998,,,,,
2001-06-06,14.94,20.0,298.8,,,,,
2001-06-07,14.94,20.0,298.8,,,,,
2001-06-08,14.85,50.0,742.5,,,,,
2001-06-09,14.85,0.0,0.0,,,,,
2001-06-10,14.85,0.0,0.0,,,,,
2001-06-11,14.86,40.0,594.4,,,,,
2001-06-12,14.8,80.0,1184.0,,,,,
2001-06-13,14.88,40.0,595.2,,,,,
2001-06-14,14.88,10.0,148.8,,,,,
2001-06-15,14.94,80.0,1195.2,,,,,
2001-06-16,14.94,0.0,0.0,,,,,
2001-06-17,14.94,0.0,0.0,,,,,
2001-06-18,14.87,220.0,3271.3999999999996,,,,,
2001-06-19,14.92,10.0,149.2,,,,,
2001-06-20,14.9,0.0,0.0,,,,,
2001-06-21,14.98,170.0,2546.6,,,,,
2001-06-22,14.98,0.0,0.0,,,,,
2001-06-23,14.98,0.0,0.0,,,,,
2001-06-24,14.98,0.0,0.0,,,,,
2001-06-25,15.0,110.0,1650.0,,,,,
2001-06-26,15.0,0.0,0.0,,,,,
2001-06-27,15.05,0.0,0.0,,,,,
2001-06-28,14.7,60.0,882.0,,,,,
2001-06-29,14.81,20.0,296.2,0.007482993197279075,1.0,,,
2001-06-30,14.81,0.0,0.0,,,,,
2001-07-01,14.81,0.0,0.0,,,,,
2001-07-02,15.0,20.0,300.0,,,,,
2001-07-03,14.95,50.0,747.5,-0.0033333333333334103,-1.0,-0.0033333333333334103,0.0,1.0
2001-07-04,14.95,0.0,0.0,,,,,
2001-07-05,14.94,60.0,896.4,,,,,
2001-07-06,15.14,50.0,757.0,,,,,
2001-07-07,15.14,0.0,0.0,,,,,
2001-07-08,15.14,0.0,0.0,,,,,
2001-07-09,15.22,30.0,456.6,,,,,
2001-07-10,15.26,30.0,457.8,,,,,
2001-07-11,15.28,0.0,0.0,0.001310615989515096,1.0,,,
2001-07-12,15.28,10.0,152.79999999999998,,,,,
2001-07-13,15.3,10.0,153.0,,,,,
2001-07-14,15.3,0.0,0.0,,,,,
2001-07-15,15.3,0.0,0.0,,,,,
2001-07-16,15.35,20.0,307.0,,,,,
2001-07-17,15.33,0.0,0.0,,,,,
2001-07-18,15.33,60.0,919.8,,,,,
2001-07-19,15.36,10.0,153.6,,,,,
2001-07-20,15.37,10.0,153.7,,,,,
2001-07-21,15.37,0.0,0.0,,,,,
2001-07-22,15.37,0.0,0.0,,,,,
2001-07-23,15.37,0.0,0.0,,,,,
2001-07-24,15.35,0.0,0.0,,,,,
2001-07-25,15.37,0.0,0.0,,,,,
2001-07-26,15.4,110.0,1694.0,,,,,
2001-07-27,15.41,20.0,308.2,,,,,
2001-07-28,15.41,0.0,0.0,,,,,
2001-07-29,15.41,0.0,0.0,,,,,
2001-07-30,15.39,0.0,0.0,,,,,
2001-07-31,15.4,0.0,0.0,,,,,
2001-08-01,15.4,0.0,0.0,,,,,
2001-08-02,15.32,30.0,459.6,,,,,
2001-08-03,15.4,50.0,770.0,,,,,
2001-08-04,15.4,0.0,0.0,,,,,
2001-08-05,15.4,0.0,0.0,,,,,
2001-08-06,15.39,10.0,153.9,,,,,
2001-08-07,15.37,10.0,153.7,,,,,
2001-08-08,15.3,30.0,459.0,,,,,
2001-08-09,15.32,20.0,306.4,,,,,
2001-08-10,15.5,50.0,775.0,,,,,
2001-08-11,15.5,0.0,0.0,,,,,
2001-08-12,15.5,0.0,0.0,,,,,
2001-08-13,15.5,0.0,0.0,,,,,
2001-08-14,15.5,10.0,155.0,,,,,
2001-08-15,15.5,0.0,0.0,,,,,
2001-08-16,15.5,0.0,0.0,,,,,
2001-08-17,15.55,30.0,466.5,,,,,
2001-08-18,15.55,0.0,0.0,,,,,
2001-08-19,15.55,0.0,0.0,,,,,
2001-08-20,15.55,20.0,311.0,,,,,
2001-08-21,15.54,20.0,310.79999999999995,,,,,
2001-08-22,15.55,30.0,466.5,,,,,
2001-08-23,15.55,0.0,0.0,,,,,
2001-08-24,15.55,10.0,155.5,,,,,
2001-08-25,15.55,0.0,0.0,,,,,
2001-08-26,15.55,0.0,0.0,,,,,
2001-08-27,15.53,0.0,0.0,,,,,
2001-08-28,15.53,0.0,0.0,,,,,
2001-08-29,15.6,0.0,0.0,,,,,
2001-08-30,15.55,0.0,0.0,,,,,
2001-08-31,15.55,0.0,0.0,,,,,
2001-09-01,15.55,0.0,0.0,,,,,
2001-09-02,15.55,0.0,0.0,,,,,
2001-09-03,15.55,0.0,0.0,,,,,
2001-09-04,15.61,10.0,156.1,,,,,
2001-09-05,15.66,10.0,156.6,,,,,
2001-09-06,15.68,20.0,313.6,,,,,
2001-09-07,15.71,50.0,785.5,,,,,
2001-09-08,15.71,0.0,0.0,,,,,
2001-09-09,15.71,0.0,0.0,,,,,
2001-09-10,15.74,0.0,0.0,,,,,
2001-09-11,15.74,0.0,0.0,,,,,
2001-09-12,15.74,0.0,0.0,,,,,
2001-09-13,15.74,10.0,157.4,,,,,
2001-09-14,15.79,20.0,315.79999999999995,,,,,
2001-09-15,15.79,0.0,0.0,,,,,
2001-09-16,15.79,0.0,0.0,,,,,
2001-09-17,15.8,20.0,316.0,,,,,
2001-09-18,15.82,40.0,632.8,,,,,
2001-09-19,15.84,10.0,158.4,,,,,
2001-09-20,15.84,0.0,0.0,,,,,
2001-09-21,15.86,20.0,317.2,,,,,
2001-09-22,15.86,0.0,0.0,,,,,
2001-09-23,15.86,0.0,0.0,,,,,
2001-09-24,15.88,0.0,0.0,,,,,
2001-09-25,15.88,20.0,317.6,,,,,
2001-09-26,15.86,30.0,475.79999999999995,,,,,
2001-09-27,15.89,40.0,635.6,,,,,
2001-09-28,15.89,0.0,0.0,,,,,
2001-09-29,15.89,0.0,0.0,,,,,
2001-09-30,15.89,0.0,0.0,,,,,
2001-10-01,14.95,40.0,598.0,,,,,
2001-10-02,14.8,50.0,740.0,,,,,
2001-10-03,14.67,40.0,586.8,,,,,
2001-10-04,14.43,50.0,721.5,,,,,
2001-10-05,13.95,100.0,1395.0,,,,,
2001-10-06,13.95,0.0,0.0,,,,,
2001-10-07,13.95,0.0,0.0,,,,,
2001-10-08,13.69,120.0,1642.8,,,,,
2001-10-09,13.76,80.0,1100.8,,,,,
2001-10-10,13.65,260.0,3549.0,,,,,
2001-10-11,13.87,70.0,970.9,,,,,
2001-10-12,14.09,90.0,1268.1,,,,,
2001-10-13,14.09,0.0,0.0,,,,,
2001-10-14,14.09,0.0,0.0,,,,,
2001-10-15,14.25,70.0,997.5,,,,,
2001-10-16,14.35,60.0,861.0,,,,,
2001-10-17,14.35,80.0,1148.0,,,,,
2001-10-18,14.26,150.0,2139.0,,,,,
2001-10-19,14.45,30.0,433.5,,,,,
2001-10-20,14.45,0.0,0.0,,,,,
2001-10-21,14.45,0.0,0.0,,,,,
2001-10-22,14.4,80.0,1152.0,,,,,
2001-10-23,14.4,10.0,144.0,,,,,
2001-10-24,14.46,30.0,433.8,,,,,
2001-10-25,14.47,20.0,289.40000000000003,,,,,
2001-10-26,14.55,50.0,727.5,,,,,
2001-10-27,14.55,0.0,0.0,,,,,
2001-10-28,14.55,0.0,0.0,,,,,
2001-10-29,14.55,0.0,0.0,,,,,
2001-10-30,14.55,0.0,0.0,,,,,
2001-10-31,14.57,10.0,145.7,,,,,
2001-11-01,11.0,60.0,660.0,,,,,
2001-11-02,11.15,40.0,446.0,0.013636363636363669,1.0,-0.013636363636363669,0.0,-1.0
2001-11-03,11.15,0.0,0.0,,,,,
2001-11-04,11.15,0.0,0.0,,,,,
2001-11-05,11.15,10.0,111.5,,,,,
2001-11-06,11.15,20.0,223.0,,,,,
2001-11-07,11.2,0.0,0.0,,,,,
2001-11-08,11.2,10.0,112.0,,,,,
2001-11-09,11.25,20.0,225.0,,,,,
2001-11-10,11.25,0.0,0.0,0.0,0.0,,,
2001-11-11,11.25,0.0,0.0,,,,,
2001-11-12,11.25,0.0,0.0,,,,,
2001-11-13,11.25,0.0,0.0,,,,,
2001-11-14,11.25,0.0,0.0,,,,,
2001-11-15,11.25,10.0,112.5,,,,,
2001-11-16,11.27,30.0,338.09999999999997,,,,,
2001-11-17,11.27,0.0,0.0,,,,,
2001-11-18,11.27,0.0,0.0,,,,,
2001-11-19,11.28,0.0,0.0,,,,,
2001-11-20,11.3,20.0,226.0,,,,,
2001-11-21,11.3,10.0,113.0,,,,,
2001-11-22,11.3,0.0,0.0,,,,,
2001-11-23,11.37,10.0,113.69999999999999,,,,,
2001-11-24,11.37,0.0,0.0,,,,,
2001-11-25,11.37,0.0,0.0,,,,,
2001-11-26,11.34,0.0,0.0,,,,,
2001-11-27,11.33,0.0,0.0,,,,,
2001-11-28,11.34,0.0,0.0,,,,,
2001-11-29,11.34,0.0,0.0,,,,,
2001-11-30,11.34,0.0,0.0,,,,,
2001-12-01,11.34,0.0,0.0,,,,,
2001-12-02,11.34,0.0,0.0,,,,,
2001-12-03,11.72,30.0,351.6,,,,,
2001-12-04,11.74,20.0,234.8,0.0017064846416381396,1.0,0.0017064846416381396,1.0,1.0
2001-12-05,11.6,20.0,232.0,,,,,
2001-12-06,11.6,0.0,0.0,,,,,
2001-12-07,11.7,10.0,117.0,,,,,
2001-12-08,11.7,0.0,0.0,,,,,
2001-12-09,11.7,0.0,0.0,,,,,
2001-12-10,11.63,10.0,116.30000000000001,,,,,
2001-12-11,11.6,10.0,116.0,,,,,
2001-12-12,11.6,0.0,0.0,,,,,
2001-12-13,11.68,30.0,350.4,,,,,
2001-12-14,11.75,30.0,352.5,,,,,
2001-12-15,11.75,0.0,0.0,,,,,
2001-12-16,11.75,0.0,0.0,,,,,
2001-12-17,11.75,70.0,822.5,,,,,
2001-12-18,11.79,10.0,117.89999999999999,,,,,
2001-12-19,11.79,0.0,0.0,,,,,
2001-12-20,11.78,0.0,0.0,,,,,
2001-12-21,11.78,0.0,0.0,,,,,
2001-12-22,11.78,0.0,0.0,,,,,
2001-12-23,11.78,0.0,0.0,,,,,
2001-12-24,11.78,0.0,0.0,,,,,
2001-12-25,11.78,0.0,0.0,,,,,
2001-12-26,11.76,0.0,0.0,,,,,
2001-12-27,11.75,0.0,0.0,,,,,
2001-12-28,11.81,20.0,236.20000000000002,,,,,
2001-12-29,11.81,0.0,0.0,,,,,
2001-12-30,11.81,0.0,0.0,,,,,
2001-12-31,11.81,0.0,0.0,,,,,
2002-01-01,11.81,0.0,0.0,,,,,
2002-01-02,11.82,80.0,945.6,,,,,
2002-01-03,11.45,20.0,229.0,,,,,
2002-01-04,11.56,60.0,693.6,0.009606986899563408,1.0,-0.009606986899563408,0.0,-1.0
2002-01-05,11.56,0.0,0.0,,,,,
2002-01-06,11.56,0.0,0.0,,,,,
2002-01-07,11.65,20.0,233.0,,,,,
2002-01-08,11.79,60.0,707.4,,,,,
2002-01-09,11.85,70.0,829.5,0.0050890585241729624,1.0,,,
2002-01-10,11.86,10.0,118.6,,,,,
2002-01-11,11.84,50.0,592.0,,,,,
2002-01-12,11.84,0.0,0.0,,,,,
2002-01-13,11.84,0.0,0.0,,,,,
2002-01-14,11.83,10.0,118.3,,,,,
2002-01-15,11.83,30.0,354.9,,,,,
2002-01-16,11.84,30.0,355.2,,,,,
2002-01-17,11.83,20.0,236.6,,,,,
2002-01-18,11.89,20.0,237.8,,,,,
2002-01-19,11.89,0.0,0.0,,,,,
2002-01-20,11.89,0.0,0.0,,,,,
2002-01-21,11.89,0.0,0.0,,,,,
2002-01-22,11.86,10.0,118.6,,,,,
2002-01-23,11.88,10.0,118.80000000000001,,,,,
2002-01-24,11.88,30.0,356.40000000000003,,,,,
2002-01-25,11.87,10.0,118.69999999999999,,,,,
2002-01-26,11.87,0.0,0.0,,,,,
2002-01-27,11.87,0.0,0.0,,,,,
2002-01-28,11.86,0.0,0.0,,,,,
2002-01-29,11.85,10.0,118.5,,,,,
2002-01-30,11.85,0.0,0.0,,,,,
2002-01-31,11.86,0.0,0.0,,,,,
2002-02-01,11.95,20.0,239.0,,,,,
2002-02-02,11.95,0.0,0.0,,,,,
2002-02-03,11.95,0.0,0.0,,,,,
2002-02-04,11.8,20.0,236.0,,,,,
2002-02-05,11.7,20.0,234.0,,,,,
2002-02-06,11.72,60.0,703.2,,,,,
2002-02-07,11.72,10.0,117.2,,,,,
2002-02-08,11.72,50.0,586.0,,,,,
2002-02-09,11.72,0.0,0.0,,,,,
2002-02-10,11.72,0.0,0.0,,,,,
2002-02-11,11.72,10.0,117.2,,,,,
2002-02-12,11.7,140.0,1638.0,,,,,
2002-02-13,11.7,40.0,468.0,,,,,
2002-02-14,11.72,140.0,1640.8000000000002,,,,,
2002-02-15,11.68,60.0,700.8,,,,,
2002-02-16,11.68,0.0,0.0,,,,,
2002-02-17,11.68,0.0,0.0,,,,,
2002-02-18,11.68,0.0,0.0,,,,,
2002-02-19,11.65,20.0,233.0,,,,,
2002-02-20,11.63,10.0,116.30000000000001,,,,,
2002-02-21,11.62,0.0,0.0,,,,,
2002-02-22,11.64,0.0,0.0,,,,,
2002-02-23,11.64,0.0,0.0,,,,,
2002-02-24,11.64,0.0,0.0,,,,,
2002-02-25,11.61,10.0,116.1,,,,,
2002-02-26,11.62,0.0,0.0,,,,,
2002-02-27,11.63,0.0,0.0,,,,,
2002-02-28,11.7,10.0,117.0,,,,,
2002-03-01,10.55,50.0,527.5,,,,,
2002-03-02,10.55,0.0,0.0,,,,,
2002-03-03,10.55,0.0,0.0,,,,,
2002-03-04,10.58,20.0,211.6,,,,,
2002-03-05,10.55,50.0,527.5,,,,,
2002-03-06,10.56,20.0,211.20000000000002,,,,,
2002-03-07,10.63,40.0,425.20000000000005,,,,,
2002-03-08,10.63,20.0,212.60000000000002,,,,,
2002-03-09,10.63,0.0,0.0,,,,,
2002-03-10,10.63,0.0,0.0,,,,,
2002-03-11,10.63,10.0,106.30000000000001,,,,,
2002-03-12,10.65,20.0,213.0,,,,,
2002-03-13,10.66,10.0,106.6,,,,,
2002-03-14,10.64,50.0,532.0,,,,,
2002-03-15,10.6,30.0,318.0,,,,,
2002-03-16,10.6,0.0,0.0,,,,,
2002-03-17,10.6,0.0,0.0,,,,,
2002-03-18,10.6,20.0,212.0,,,,,
2002-03-19,10.6,10.0,106.0,,,,,
2002-03-20,10.6,0.0,0.0,,,,,
2002-03-21,10.6,0.0,0.0,,,,,
2002-03-22,10.62,0.0,0.0,,,,,
2002-03-23,10.62,0.0,0.0,,,,,
2002-03-24,10.62,0.0,0.0,,,,,
2002-03-25,10.64,0.0,0.0,,,,,
2002-03-26,10.66,0.0,0.0,,,,,
2002-03-27,10.69,0.0,0.0,,,,,
2002-03-28,10.67,20.0,213.4,,,,,
2002-03-29,10.67,0.0,0.0,,,,,
2002-03-30,10.67,0.0,0.0,,,,,
2002-03-31,10.67,0.0,0.0,,,,,
2002-04-01,10.66,10.0,106.6,,,,,
2002-04-02,10.66,10.0,106.6,,,,,
2002-04-03,10.66,0.0,0.0,,,,,
2002-04-04,10.92,0.0,0.0,,,,,
2002-04-05,10.92,20.0,218.4,,,,,
2002-04-06,10.92,0.0,0.0,,,,,
2002-04-07,10.92,0.0,0.0,,,,,
2002-04-08,10.92,0.0,0.0,,,,,
2002-04-09,10.9,50.0,545.0,,,,,
2002-04-10,10.91,0.0,0.0,,,,,
2002-04-11,10.92,10.0,109.2,,,,,
2002-04-12,10.92,50.0,546.0,,,,,
2002-04-13,10.92,0.0,0.0,,,,,
2002-04-14,10.92,0.0,0.0,,,,,
2002-04-15,10.92,10.0,109.2,,,,,
2002-04-16,10.92,270.0,2948.4,,,,,
2002-04-17,10.9,20.0,218.0,,,,,
2002-04-18,10.88,80.0,870.4000000000001,,,,,
2002-04-19,10.85,30.0,325.5,,,,,
2002-04-20,10.85,0.0,0.0,,,,,
2002-04-21,10.85,0.0,0.0,,,,,
2002-04-22,10.85,20.0,217.0,,,,,
2002-04-23,10.85,10.0,108.5,,,,,
2002-04-24,10.85,0.0,0.0,,,,,
2002-04-25,10.86,10.0,108.6,,,,,
2002-04-26,10.85,140.0,1519.0,,,,,
2002-04-27,10.85,0.0,0.0,,,,,
2002-04-28,10.85,0.0,0.0,,,,,
2002-04-29,10.85,0.0,0.0,,,,,
2002-04-30,10.84,10.0,108.4,,,,,
2002-05-01,10.84,10.0,108.4,,,,,
2002-05-02,11.02,0.0,0.0,,,,,
2002-05-03,11.02,210.0,2314.2,,,,,
2002-05-04,11.02,0.0,0.0,,,,,
2002-05-05,11.02,0.0,0.0,,,,,
2002-05-06,11.0,20.0,220.0,,,,,
2002-05-07,10.94,80.0,875.1999999999999,,,,,
2002-05-08,10.86,80.0,868.8,,,,,
2002-05-09,10.8,70.0,756.0,,,,,
2002-05-10,10.8,60.0,648.0,,,,,
2002-05-11,10.8,0.0,0.0,,,,,
2002-05-12,10.8,0.0,0.0,,,,,
2002-05-13,10.8,0.0,0.0,,,,,
2002-05-14,10.8,0.0,0.0,,,,,
2002-05-15,10.8,10.0,108.0,,,,,
2002-05-16,10.8,100.0,1080.0,,,,,
2002-05-17,10.8,30.0,324.0,,,,,
2002-05-18,10.8,0.0,0.0,,,,,
2002-05-19,10.8,0.0,0.0,,,,,
2002-05-20,10.82,0.0,0.0,,,,,
2002-05-21,10.81,10.0,108.10000000000001,,,,,
2002-05-22,10.81,0.0,0.0,,,,,
2002-05-23,10.81,0.0,0.0,,,,,
2002-05-24,10.81,0.0,0.0,,,,,
2002-05-25,10.81,0.0,0.0,,,,,
2002-05-26,10.81,0.0,0.0,,,,,
2002-05-27,10.81,0.0,0.0,,,,,
2002-05-28,10.81,0.0,0.0,,,,,
2002-05-29,10.81,170.0,1837.7,,,,,
2002-05-30,10.81,170.0,1837.7,,,,,
2002-05-31,10.81,0.0,0.0,,,,,
2002-06-01,10.81,0.0,0.0,,,,,
2002-06-02,10.81,0.0,0.0,,,,,
2002-06-03,11.0,10.0,110.0,,,,,
2002-06-04,10.99,30.0,329.7,,,,,
2002-06-05,10.9,70.0,763.0,,,,,
2002-06-06,10.9,250.0,2725.0,,,,,
2002-06-07,10.77,30.0,323.09999999999997,,,,,
2002-06-08,10.77,0.0,0.0,,,,,
2002-06-09,10.77,0.0,0.0,,,,,
2002-06-10,10.67,0.0,0.0,,,,,
2002-06-11,10.7,0.0,0.0,,,,,
2002-06-12,10.35,60.0,621.0,,,,,
2002-06-13,10.43,60.0,625.8,,,,,
2002-06-14,10.3,110.0,1133.0,,,,,
2002-06-15,10.3,0.0,0.0,,,,,
2002-06-16,10.3,0.0,0.0,,,,,
2002-06-17,10.3,40.0,412.0,,,,,
2002-06-18,10.2,40.0,408.0,,,,,
2002-06-19,10.1,140.0,1414.0,,,,,
2002-06-20,9.99,40.0,399.6,,,,,
2002-06-21,9.89,50.0,494.5,,,,,
2002-06-22,9.89,0.0,0.0,,,,,
2002-06-23,9.89,0.0,0.0,,,,,
2002-06-24,9.93,20.0,198.6,,,,,
2002-06-25,9.93,50.0,496.5,,,,,
2002-06-26,9.8,50.0,490.00000000000006,,,,,
2002-06-27,9.54,50.0,476.99999999999994,,,,,
2002-06-28,9.53,60.0,571.8,,,,,
2002-06-29,9.53,0.0,0.0,,,,,
2002-06-30,9.53,0.0,0.0,,,,,
2002-07-01,9.57,40.0,382.8,,,,,
2002-07-02,9.43,60.0,565.8,,,,,
2002-07-03,9.3,50.0,465.00000000000006,,,,,
2002-07-04,9.3,0.0,0.0,,,,,
2002-07-05,9.25,0.0,0.0,,,,,
2002-07-06,9.25,0.0,0.0,,,,,
2002-07-07,9.25,0.0,0.0,,,,,
2002-07-08,9.3,10.0,93.0,,,,,
2002-07-09,9.35,10.0,93.5,,,,,
2002-07-10,9.35,10.0,93.5,,,,,
2002-07-11,9.35,70.0,654.5,,,,,
2002-07-12,9.35,0.0,0.0,,,,,
2002-07-13,9.35,0.0,0.0,,,,,
2002-07-14,9.35,0.0,0.0,,,,,
2002-07-15,9.35,0.0,0.0,,,,,
2002-07-16,9.35,0.0,0.0,,,,,
2002-07-17,9.35,0.0,0.0,,,,,
2002-07-18,9.35,20.0,187.0,,,,,
2002-07-19,9.35,0.0,0.0,,,,,
2002-07-20,9.35,0.0,0.0,,,,,
2002-07-21,9.35,0.0,0.0,,,,,
2002-07-22,9.35,0.0,0.0,,,,,
2002-07-23,9.36,0.0,0.0,,,,,
2002-07-24,9.36,0.0,0.0,,,,,
2002-07-25,9.35,30.0,280.5,,,,,
2002-07-26,9.35,60.0,561.0,,,,,
2002-07-27,9.35,0.0,0.0,,,,,
2002-07-28,9.35,0.0,0.0,,,,,
2002-07-29,9.35,40.0,374.0,,,,,
2002-07-30,9.35,0.0,0.0,,,,,
2002-07-31,9.35,0.0,0.0,,,,,
2002-08-01,9.62,30.0,288.59999999999997,,,,,
2002-08-02,9.62,100.0,961.9999999999999,,,,,
2002-08-03,9.62,0.0,0.0,,,,,
2002-08-04,9.62,0.0,0.0,,,,,
2002-08-05,9.62,180.0,1731.6,,,,,
2002-08-06,9.61,0.0,0.0,,,,,
2002-08-07,9.5,160.0,1520.0,,,,,
2002-08-08,9.52,20.0,190.39999999999998,,,,,
2002-08-09,9.5,80.0,760.0,,,,,
2002-08-10,9.5,0.0,0.0,,,,,
2002-08-11,9.5,0.0,0.0,,,,,
2002-08-12,9.5,10.0,95.0,,,,,
2002-08-13,9.5,0.0,0.0,,,,,
2002-08-14,9.5,520.0,4940.0,,,,,
2002-08-15,9.5,140.0,1330.0,,,,,
2002-08-16,9.5,90.0,855.0,,,,,
2002-08-17,9.5,0.0,0.0,,,,,
2002-08-18,9.5,0.0,0.0,,,,,
2002-08-19,9.55,10.0,95.5,,,,,
2002-08-20,9.55,0.0,0.0,,,,,
2002-08-21,9.57,10.0,95.7,,,,,
2002-08-22,9.57,0.0,0.0,,,,,
2002-08-23,9.55,0.0,0.0,,,,,
2002-08-24,9.55,0.0,0.0,,,,,
2002-08-25,9.55,0.0,0.0,,,,,
2002-08-26,9.55,0.0,0.0,,,,,
2002-08-27,9.55,0.0,0.0,,,,,
2002-08-28,9.57,0.0,0.0,,,,,
2002-08-29,9.57,20.0,191.4,,,,,
2002-08-30,9.54,0.0,0.0,,,,,
2002-08-31,9.54,0.0,0.0,,,,,
2002-09-01,9.54,0.0,0.0,,,,,
2002-09-02,9.54,0.0,0.0,,,,,
2002-09-03,9.9,40.0,396.0,,,,,
2002-09-04,9.94,20.0,198.79999999999998,,,,,
2002-09-05,9.91,30.0,297.3,,,,,
2002-09-06,9.85,40.0,394.0,,,,,
2002-09-07,9.85,0.0,0.0,,,,,
2002-09-08,9.85,0.0,0.0,,,,,
2002-09-09,9.86,10.0,98.6,,,,,
2002-09-10,9.88,20.0,197.60000000000002,,,,,
2002-09-11,9.88,0.0,0.0,,,,,
2002-09-12,9.88,20.0,197.60000000000002,,,,,
2002-09-13,9.81,10.0,98.10000000000001,,,,,
2002-09-14,9.81,0.0,0.0,,,,,
2002-09-15,9.81,0.0,0.0,,,,,
2002-09-16,9.85,10.0,98.5,,,,,
2002-09-17,9.89,20.0,197.8,,,,,
2002-09-18,9.87,10.0,98.69999999999999,,,,,
2002-09-19,9.87,20.0,197.39999999999998,,,,,
2002-09-20,9.85,10.0,98.5,,,,,
2002-09-21,9.85,0.0,0.0,,,,,
2002-09-22,9.85,0.0,0.0,,,,,
2002-09-23,9.85,20.0,197.0,,,,,
2002-09-24,9.84,20.0,196.8,,,,,
2002-09-25,9.84,0.0,0.0,,,,,
2002-09-26,9.84,0.0,0.0,,,,,
2002-09-27,9.84,0.0,0.0,,,,,
2002-09-28,9.84,0.0,0.0,,,,,
2002-09-29,9.84,0.0,0.0,,,,,
2002-09-30,9.84,0.0,0.0,,,,,
2002-10-01,10.49,20.0,209.8,,,,,
2002-10-02,10.5,50.0,525.0,,,,,
2002-10-03,10.55,10.0,105.5,,,,,
2002-10-04,10.67,40.0,426.8,,,,,
2002-10-05,10.67,0.0,0.0,,,,,
2002-10-06,10.67,0.0,0.0,,,,,
2002-10-07,10.6,40.0,424.0,,,,,
2002-10-08,10.62,10.0,106.19999999999999,,,,,
2002-10-09,10.65,0.0,0.0,,,,,
2002-10-10,10.61,50.0,530.5,,,,,
2002-10-11,10.65,0.0,0.0,,,,,
2002-10-12,10.65,0.0,0.0,,,,,
2002-10-13,10.65,0.0,0.0,,,,,
2002-10-14,10.65,50.0,532.5,,,,,
2002-10-15,10.66,0.0,0.0,,,,,
2002-10-16,10.66,30.0,319.8,,,,,
2002-10-17,10.65,20.0,213.0,,,,,
2002-10-18,10.65,0.0,0.0,,,,,
2002-10-19,10.65,0.0,0.0,,,,,
2002-10-20,10.65,0.0,0.0,,,,,
2002-10-21,10.65,0.0,0.0,,,,,
2002-10-22,10.65,10.0,106.5,,,,,
2002-10-23,10.65,0.0,0.0,,,,,
2002-10-24,10.65,10.0,106.5,,,,,
2002-10-25,10.65,40.0,426.0,,,,,
2002-10-26,10.65,0.0,0.0,,,,,
2002-10-27,10.65,0.0,0.0,,,,,
2002-10-28,10.65,0.0,0.0,,,,,
2002-10-29,10.65,0.0,0.0,,,,,
2002-10-30,10.7,20.0,214.0,,,,,
2002-10-31,10.7,0.0,0.0,,,,,
2002-11-01,10.72,0.0,0.0,,,,,
2002-11-02,10.72,0.0,0.0,,,,,
2002-11-03,10.72,0.0,0.0,,,,,
2002-11-04,9.71,40.0,388.40000000000003,,,,,
2002-11-05,9.72,50.0,486.00000000000006,,,,,
2002-11-06,9.73,80.0,778.4000000000001,,,,,
2002-11-07,9.73,0.0,0.0,,,,,
2002-11-08,9.73,10.0,97.30000000000001,,,,,
2002-11-09,9.73,0.0,0.0,,,,,
2002-11-10,9.73,0.0,0.0,,,,,
2002-11-11,9.75,20.0,195.0,,,,,
2002-11-12,9.7,20.0,194.0,,,,,
2002-11-13,9.69,0.0,0.0,,,,,
2002-11-14,9.67,10.0,96.7,,,,,
2002-11-15,9.8,300.0,2940.0,,,,,
2002-11-16,9.8,0.0,0.0,,,,,
2002-11-17,9.8,0.0,0.0,,,,,
2002-11-18,9.85,20.0,197.0,,,,,
2002-11-19,9.82,0.0,0.0,,,,,
2002-11-20,9.8,20.0,196.0,,,,,
2002-11-21,9.8,0.0,0.0,,,,,
2002-11-22,9.8,0.0,0.0,,,,,
2002-11-23,9.8,0.0,0.0,,,,,
2002-11-24,9.8,0.0,0.0,,,,,
2002-11-25,9.8,0.0,0.0,,,,,
2002-11-26,9.8,0.0,0.0,,,,,
2002-11-27,9.8,0.0,0.0,,,,,
2002-11-28,9.8,0.0,0.0,,,,,
2002-11-29,9.8,0.0,0.0,,,,,
2002-11-30,9.8,0.0,0.0,,,,,
2002-12-01,9.8,0.0,0.0,,,,,
2002-12-02,10.02,10.0,100.19999999999999,,,,,
2002-12-03,10.0,30.0,300.0,,,,,
2002-12-04,10.0,150.0,1500.0,,,,,
2002-12-05,9.97,50.0,498.50000000000006,,,,,
2002-12-06,9.88,20.0,197.60000000000002,,,,,
2002-12-07,9.88,0.0,0.0,,,,,
2002-12-08,9.88,0.0,0.0,,,,,
2002-12-09,9.88,10.0,98.80000000000001,,,,,
2002-12-10,9.83,90.0,884.7,,,,,
2002-12-11,9.8,90.0,882.0000000000001,,,,,
2002-12-12,9.78,60.0,586.8,,,,,
2002-12-13,9.79,50.0,489.49999999999994,,,,,
2002-12-14,9.79,0.0,0.0,,,,,
2002-12-15,9.79,0.0,0.0,,,,,
2002-12-16,9.76,70.0,683.1999999999999,,,,,
2002-12-17,9.76,20.0,195.2,,,,,
2002-12-18,9.76,0.0,0.0,,,,,
2002-12-19,9.76,0.0,0.0,,,,,
2002-12-20,9.76,40.0,390.4,,,,,
2002-12-21,9.76,0.0,0.0,,,,,
2002-12-22,9.76,0.0,0.0,,,,,
2002-12-23,9.76,0.0,0.0,,,,,
2002-12-24,9.76,0.0,0.0,,,,,
2002-12-25,9.76,0.0,0.0,,,,,
2002-12-26,9.75,30.0,292.5,,,,,
2002-12-27,9.72,0.0,0.0,,,,,
2002-12-28,9.72,0.0,0.0,,,,,
2002-12-29,9.72,0.0,0.0,,,,,
2002-12-30,9.7,110.0,1067.0,,,,,
2002-12-31,9.7,100.0,969.9999999999999,,,,,
2003-01-01,9.7,0.0,0.0,,,,,
2003-01-02,9.7,10.0,97.0,,,,,
2003-01-03,9.8,100.0,980.0000000000001,,,,,
2003-01-04,9.8,0.0,0.0,,,,,
2003-01-05,9.8,0.0,0.0,,,,,
2003-01-06,9.8,60.0,588.0,,,,,
2003-01-07,9.85,90.0,886.5,,,,,
2003-01-08,9.82,110.0,1080.2,,,,,
2003-01-09,9.77,20.0,195.39999999999998,,,,,
2003-01-10,9.76,40.0,390.4,,,,,
2003-01-11,9.76,0.0,0.0,,,,,
2003-01-12,9.76,0.0,0.0,,,,,
2003-01-13,9.76,10.0,97.6,,,,,
2003-01-14,9.76,20.0,195.2,,,,,
2003-01-15,9.75,10.0,97.5,,,,,
2003-01-16,9.76,0.0,0.0,,,,,
2003-01-17,9.77,0.0,0.0,,,,,
2003-01-18,9.77,0.0,0.0,,,,,
2003-01-19,9.77,0.0,0.0,,,,,
2003-01-20,9.77,0.0,0.0,,,,,
2003-01-21,9.76,0.0,0.0,,,,,
2003-01-22,9.76,0.0,0.0,,,,,
2003-01-23,9.76,10.0,97.6,,,,,
2003-01-24,9.76,0.0,0.0,,,,,
2003-01-25,9.76,0.0,0.0,,,,,
2003-01-26,9.76,0.0,0.0,,,,,
2003-01-27,9.76,0.0,0.0,,,,,
2003-01-28,9.76,0.0,0.0,,,,,
2003-01-29,9.76,0.0,0.0,,,,,
2003-01-30,9.77,10.0,97.69999999999999,,,,,
2003-01-31,9.78,0.0,0.0,,,,,
2003-02-01,9.78,0.0,0.0,,,,,
2003-02-02,9.78,0.0,0.0,,,,,
2003-02-03,9.7,10.0,97.0,,,,,
2003-02-04,9.7,20.0,194.0,,,,,
2003-02-05,9.7,160.0,1552.0,,,,,
2003-02-06,9.7,30.0,291.0,,,,,
2003-02-07,9.7,40.0,388.0,,,,,
2003-02-08,9.7,0.0,0.0,,,,,
2003-02-09,9.7,0.0,0.0,,,,,
2003-02-10,9.69,30.0,290.7,,,,,
2003-02-11,9.69,10.0,96.89999999999999,,,,,
2003-02-12,9.69,10.0,96.89999999999999,,,,,
2003-02-13,9.71,0.0,0.0,,,,,
2003-02-14,9.69,0.0,0.0,,,,,
2003-02-15,9.69,0.0,0.0,,,,,
2003-02-16,9.69,0.0,0.0,,,,,
2003-02-17,9.69,0.0,0.0,,,,,
2003-02-18,9.69,0.0,0.0,,,,,
2003-02-19,9.69,0.0,0.0,,,,,
2003-02-20,9.69,0.0,0.0,,,,,
2003-02-21,9.65,10.0,96.5,,,,,
2003-02-22,9.65,0.0,0.0,,,,,
2003-02-23,9.65,0.0,0.0,,,,,
2003-02-24,9.65,0.0,0.0,,,,,
2003-02-25,9.65,0.0,0.0,,,,,
2003-02-26,9.65,0.0,0.0,,,,,
2003-02-27,9.66,0.0,0.0,,,,,
2003-02-28,9.66,0.0,0.0,,,,,
2003-03-01,9.66,0.0,0.0,,,,,
2003-03-02,9.66,0.0,0.0,,,,,
2003-03-03,9.15,60.0,549.0,,,,,
2003-03-04,9.12,20.0,182.39999999999998,,,,,
2003-03-05,9.12,0.0,0.0,,,,,
2003-03-06,9.1,50.0,455.0,,,,,
2003-03-07,9.1,10.0,91.0,,,,,
2003-03-08,9.1,0.0,0.0,,,,,
2003-03-09,9.1,0.0,0.0,,,,,
2003-03-10,9.13,0.0,0.0,,,,,
2003-03-11,9.13,0.0,0.0,,,,,
2003-03-12,9.13,20.0,182.60000000000002,,,,,
2003-03-13,9.11,190.0,1730.8999999999999,,,,,
2003-03-14,9.11,10.0,91.1,,,,,
2003-03-15,9.11,0.0,0.0,,,,,
2003-03-16,9.11,0.0,0.0,,,,,
2003-03-17,9.11,0.0,0.0,,,,,
2003-03-18,9.1,260.0,2366.0,,,,,
2003-03-19,9.1,0.0,0.0,,,,,
2003-03-20,9.1,0.0,0.0,,,,,
2003-03-21,9.1,0.0,0.0,,,,,
2003-03-22,9.1,0.0,0.0,,,,,
2003-03-23,9.1,0.0,0.0,,,,,
2003-03-24,9.1,0.0,0.0,,,,,
2003-03-25,9.1,580.0,5278.0,,,,,
2003-03-26,9.1,10.0,91.0,,,,,
2003-03-27,9.1,0.0,0.0,,,,,
2003-03-28,9.1,0.0,0.0,,,,,
2003-03-29,9.1,0.0,0.0,,,,,
2003-03-30,9.1,0.0,0.0,,,,,
2003-03-31,9.1,0.0,0.0,,,,,
2003-04-01,9.1,0.0,0.0,,,,,
2003-04-02,9.1,10.0,91.0,,,,,
2003-04-03,9.1,0.0,0.0,,,,,
2003-04-04,9.46,100.0,946.0000000000001,,,,,
2003-04-05,9.46,0.0,0.0,,,,,
2003-04-06,9.46,0.0,0.0,,,,,
2003-04-07,9.5,10.0,95.0,,,,,
2003-04-08,9.5,160.0,1520.0,,,,,
2003-04-09,9.45,0.0,0.0,,,,,
2003-04-10,9.47,20.0,189.4,,,,,
2003-04-11,9.42,260.0,2449.2,,,,,
2003-04-12,9.42,0.0,0.0,,,,,
2003-04-13,9.42,0.0,0.0,,,,,
2003-04-14,9.41,0.0,0.0,,,,,
2003-04-15,9.41,0.0,0.0,,,,,
2003-04-16,9.42,0.0,0.0,,,,,
2003-04-17,9.42,0.0,0.0,,,,,
2003-04-18,9.42,0.0,0.0,,,,,
2003-04-19,9.42,0.0,0.0,,,,,
2003-04-20,9.42,0.0,0.0,,,,,
2003-04-21,9.35,50.0,467.5,,,,,
2003-04-22,9.35,0.0,0.0,,,,,
2003-04-23,9.35,50.0,467.5,,,,,
2003-04-24,9.36,10.0,93.6,,,,,
2003-04-25,9.4,0.0,0.0,,,,,
2003-04-26,9.4,0.0,0.0,,,,,
2003-04-27,9.4,0.0,0.0,,,,,
2003-04-28,9.4,0.0,0.0,,,,,
2003-04-29,9.41,0.0,0.0,,,,,
2003-04-30,9.41,0.0,0.0,,,,,
2003-05-01,9.41,150.0,1411.5,,,,,
2003-05-02,9.87,100.0,986.9999999999999,,,,,
2003-05-03,9.87,0.0,0.0,,,,,
2003-05-04,9.87,0.0,0.0,,,,,
2003-05-05,9.86,50.0,493.0,,,,,
2003-05-06,9.84,60.0,590.4,,,,,
2003-05-07,9.84,0.0,0.0,,,,,
2003-05-08,9.84,360.0,3542.4,,,,,
2003-05-09,9.82,90.0,883.8000000000001,,,,,
2003-05-10,9.82,0.0,0.0,,,,,
2003-05-11,9.82,0.0,0.0,,,,,
2003-05-12,9.77,120.0,1172.3999999999999,,,,,
2003-05-13,9.75,170.0,1657.5,,,,,
2003-05-14,9.72,40.0,388.8,,,,,
2003-05-15,9.71,110.0,1068.1000000000001,,,,,
2003-05-16,9.68,50.0,484.0,,,,,
2003-05-17,9.68,0.0,0.0,,,,,
2003-05-18,9.68,0.0,0.0,,,,,
2003-05-19,9.68,20.0,193.6,,,,,
2003-05-20,9.68,0.0,0.0,,,,,
2003-05-21,9.67,250.0,2417.5,,,,,
2003-05-22,9.62,0.0,0.0,,,,,
2003-05-23,9.67,100.0,967.0,,,,,
2003-05-24,9.67,0.0,0.0,,,,,
2003-05-25,9.67,0.0,0.0,,,,,
2003-05-26,9.67,0.0,0.0,,,,,
2003-05-27,9.65,10.0,96.5,,,,,
2003-05-28,9.67,20.0,193.4,,,,,
2003-05-29,9.67,10.0,96.7,,,,,
2003-05-30,9.71,0.0,0.0,,,,,
2003-05-31,9.71,0.0,0.0,,,,,
2003-06-01,9.71,0.0,0.0,,,,,
2003-06-02,9.81,140.0,1373.4,,,,,
2003-06-03,9.81,60.0,588.6,,,,,
2003-06-04,9.8,110.0,1078.0,,,,,
2003-06-05,9.82,30.0,294.6,,,,,
2003-06-06,9.77,120.0,1172.3999999999999,,,,,
2003-06-07,9.77,0.0,0.0,,,,,
2003-06-08,9.77,0.0,0.0,,,,,
2003-06-09,9.77,100.0,977.0,,,,,
2003-06-10,9.75,40.0,390.0,,,,,
2003-06-11,9.75,130.0,1267.5,,,,,
2003-06-12,9.75,120.0,1170.0,,,,,
2003-06-13,9.67,520.0,5028.4,,,,,
2003-06-14,9.67,0.0,0.0,,,,,
2003-06-15,9.67,0.0,0.0,,,,,
2003-06-16,9.7,30.0,291.0,,,,,
2003-06-17,9.69,0.0,0.0,,,,,
2003-06-18,9.71,380.0,3689.8,,,,,
2003-06-19,9.73,40.0,389.20000000000005,,,,,
2003-06-20,9.74,0.0,0.0,,,,,
2003-06-21,9.74,0.0,0.0,,,,,
2003-06-22,9.74,0.0,0.0,,,,,
2003-06-23,9.73,0.0,0.0,,,,,
2003-06-24,9.73,30.0,291.90000000000003,,,,,
2003-06-25,9.73,10.0,97.30000000000001,,,,,
2003-06-26,9.73,10.0,97.30000000000001,,,,,
2003-06-27,9.73,10.0,97.30000000000001,,,,,
2003-06-28,9.73,0.0,0.0,,,,,
2003-06-29,9.73,0.0,0.0,,,,,
2003-06-30,9.75,0.0,0.0,,,,,
2003-07-01,9.73,10.0,97.30000000000001,,,,,
2003-07-02,9.73,10.0,97.30000000000001,,,,,
2003-07-03,12.13,140.0,1698.2,,,,,
2003-07-04,12.13,0.0,0.0,0.0,0.0,,,
2003-07-05,12.13,0.0,0.0,,,,,
2003-07-06,12.13,0.0,0.0,,,,,
2003-07-07,12.05,280.0,3374.0,,,,,
2003-07-08,11.92,170.0,2026.4,,,,,
2003-07-09,11.77,150.0,1765.5,,,,,
2003-07-10,11.7,70.0,819.0,-0.005947323704333041,-1.0,,,
2003-07-11,11.85,190.0,2251.5,,,,,
2003-07-12,11.85,0.0,0.0,,,,,
2003-07-13,11.85,0.0,0.0,,,,,
2003-07-14,11.9,170.0,2023.0,,,,,
2003-07-15,11.8,90.0,1062.0,,,,,
2003-07-16,11.75,70.0,822.5,,,,,
2003-07-17,11.75,70.0,822.5,,,,,
2003-07-18,11.75,70.0,822.5,,,,,
2003-07-19,11.75,0.0,0.0,,,,,
2003-07-20,11.75,0.0,0.0,,,,,
2003-07-21,11.78,10.0,117.8,,,,,
2003-07-22,11.78,10.0,117.8,,,,,
2003-07-23,11.8,0.0,0.0,,,,,
2003-07-24,11.77,10.0,117.69999999999999,,,,,
2003-07-25,11.73,70.0,821.1,,,,,
2003-07-26,11.73,0.0,0.0,,,,,
2003-07-27,11.73,0.0,0.0,,,,,
2003-07-28,11.75,130.0,1527.5,,,,,
2003-07-29,11.75,0.0,0.0,,,,,
2003-07-30,11.75,0.0,0.0,,,,,
2003-07-31,11.75,0.0,0.0,,,,,
2003-08-01,11.78,0.0,0.0,,,,,
2003-08-02,11.78,0.0,0.0,,,,,
2003-08-03,11.78,0.0,0.0,,,,,
2003-08-04,13.89,70.0,972.3000000000001,,,,,
2003-08-05,13.84,160.0,2214.4,-0.003599712023038215,-1.0,,,
2003-08-06,13.89,120.0,1666.8000000000002,,,,,
2003-08-07,13.85,80.0,1108.0,,,,,
2003-08-08,13.8,150.0,2070.0,,,,,
2003-08-09,13.8,0.0,0.0,,,,,
2003-08-10,13.8,0.0,0.0,,,,,
2003-08-11,13.84,60.0,830.4,,,,,
2003-08-12,13.84,90.0,1245.6,,,,,
2003-08-13,13.89,130.0,1805.7,,,,,
2003-08-14,13.82,10.0,138.2,,,,,
2003-08-15,13.82,110.0,1520.2,,,,,
2003-08-16,13.82,0.0,0.0,,,,,
2003-08-17,13.82,0.0,0.0,,,,,
2003-08-18,13.8,250.0,3450.0,,,,,
2003-08-19,13.8,50.0,690.0,,,,,
2003-08-20,13.8,50.0,690.0,,,,,
2003-08-21,13.8,60.0,828.0,,,,,
2003-08-22,13.77,0.0,0.0,,,,,
2003-08-23,13.77,0.0,0.0,,,,,
2003-08-24,13.77,0.0,0.0,,,,,
2003-08-25,13.78,0.0,0.0,,,,,
2003-08-26,13.77,90.0,1239.3,,,,,
2003-08-27,13.77,0.0,0.0,,,,,
2003-08-28,13.77,0.0,0.0,,,,,
2003-08-29,13.8,10.0,138.0,,,,,
2003-08-30,13.8,0.0,0.0,,,,,
2003-08-31,13.8,0.0,0.0,,,,,
2003-09-01,13.8,0.0,0.0,,,,,
2003-09-02,13.8,10.0,138.0,,,,,
2003-09-03,13.8,40.0,552.0,,,,,
2003-09-04,14.2,20.0,284.0,,,,,
2003-09-05,14.18,10.0,141.8,-0.0014084507042253502,-1.0,,,
2003-09-06,14.18,0.0,0.0,,,,,
2003-09-07,14.18,0.0,0.0,,,,,
2003-09-08,14.2,180.0,2556.0,,,,,
2003-09-09,14.09,80.0,1127.2,,,,,
2003-09-10,14.15,100.0,1415.0,,,,,
2003-09-11,14.2,50.0,710.0,,,,,
2003-09-12,14.21,80.0,1136.8000000000002,,,,,
2003-09-13,14.21,0.0,0.0,,,,,
2003-09-14,14.21,0.0,0.0,,,,,
2003-09-15,14.22,30.0,426.6,,,,,
2003-09-16,14.24,40.0,569.6,,,,,
2003-09-17,14.24,140.0,1993.6000000000001,,,,,
2003-09-18,14.25,10.0,142.5,,,,,
2003-09-19,14.25,10.0,142.5,,,,,
2003-09-20,14.25,0.0,0.0,,,,,
2003-09-21,14.25,0.0,0.0,,,,,
2003-09-22,14.22,10.0,142.20000000000002,,,,,
2003-09-23,14.25,10.0,142.5,,,,,
2003-09-24,14.25,0.0,0.0,,,,,
2003-09-25,14.25,20.0,285.0,,,,,
2003-09-26,14.25,40.0,570.0,,,,,
2003-09-27,14.25,0.0,0.0,,,,,
2003-09-28,14.25,0.0,0.0,,,,,
2003-09-29,14.26,750.0,10695.0,,,,,
2003-09-30,14.27,20.0,285.4,,,,,
2003-10-01,14.27,90.0,1284.3,,,,,
2003-10-02,14.12,160.0,2259.2,,,,,
2003-10-03,14.04,170.0,2386.7999999999997,,,,,
2003-10-04,14.04,0.0,0.0,,,,,
2003-10-05,14.04,0.0,0.0,,,,,
2003-10-06,14.12,140.0,1976.8,,,,,
2003-10-07,14.22,260.0,3697.2000000000003,,,,,
2003-10-08,14.21,150.0,2131.5,,,,,
2003-10-09,14.2,130.0,1846.0,,,,,
2003-10-10,14.23,100.0,1423.0,,,,,
2003-10-11,14.23,0.0,0.0,,,,,
2003-10-12,14.23,0.0,0.0,,,,,
2003-10-13,14.25,30.0,427.5,,,,,
2003-10-14,14.25,100.0,1425.0,,,,,
2003-10-15,14.3,20.0,286.0,,,,,
2003-10-16,14.33,60.0,859.8,,,,,
2003-10-17,14.35,10.0,143.5,,,,,
2003-10-18,14.35,0.0,0.0,,,,,
2003-10-19,14.35,0.0,0.0,,,,,
2003-10-20,14.35,0.0,0.0,,,,,
2003-10-21,14.35,0.0,0.0,,,,,
2003-10-22,14.35,0.0,0.0,,,,,
2003-10-23,14.35,50.0,717.5,,,,,
2003-10-24,14.35,20.0,287.0,,,,,
2003-10-25,14.35,0.0,0.0,,,,,
2003-10-26,14.35,0.0,0.0,,,,,
2003-10-27,14.34,30.0,430.2,,,,,
2003-10-28,14.34,110.0,1577.4,,,,,
2003-10-29,14.35,10.0,143.5,,,,,
2003-10-30,14.38,10.0,143.8,,,,,
2003-10-31,13.16,460.0,6053.6,,,,,
2003-11-01,13.16,0.0,0.0,,,,,
2003-11-02,13.16,0.0,0.0,,,,,
2003-11-03,13.16,410.0,5395.6,,,,,
2003-11-04,13.18,290.0,3822.2,,,,,
2003-11-05,12.91,460.0,5938.6,,,,,
2003-11-06,13.22,770.0,10179.4,0.024012393493415995,1.0,,,
2003-11-07,13.26,320.0,4243.2,0.00302571860816947,1.0,,,
2003-11-08,13.26,0.0,0.0,,,,,
2003-11-09,13.26,0.0,0.0,,,,,
2003-11-10,13.28,80.0,1062.3999999999999,,,,,
2003-11-11,13.37,430.0,5749.099999999999,,,,,
2003-11-12,13.36,250.0,3340.0,,,,,
2003-11-13,13.36,30.0,400.79999999999995,,,,,
2003-11-14,13.4,260.0,3484.0,,,,,
2003-11-15,13.4,0.0,0.0,,,,,
2003-11-16,13.4,0.0,0.0,,,,,
2003-11-17,13.41,40.0,536.4,,,,,
2003-11-18,13.41,20.0,268.2,,,,,
2003-11-19,13.42,0.0,0.0,,,,,
2003-11-20,13.43,20.0,268.6,,,,,
2003-11-21,13.47,370.0,4983.900000000001,,,,,
2003-11-22,13.47,0.0,0.0,,,,,
2003-11-23,13.47,0.0,0.0,,,,,
2003-11-24,13.46,10.0,134.60000000000002,,,,,
2003-11-25,13.48,60.0,808.8000000000001,,,,,
2003-11-26,13.49,10.0,134.9,,,,,
2003-11-27,13.49,0.0,0.0,,,,,
2003-11-28,11.43,0.0,0.0,,,,,
2003-11-29,11.43,0.0,0.0,0.0,0.0,-0.0,0.0,-1.0
2003-11-30,11.43,0.0,0.0,,,,,
2003-12-01,11.3,110.0,1243.0,,,,,
2003-12-02,11.4,60.0,684.0,,,,,
2003-12-03,11.4,60.0,684.0,,,,,
2003-12-04,11.53,80.0,922.4,,,,,
2003-12-05,11.47,10.0,114.7,-0.005203816131829853,-1.0,,,
2003-12-06,11.47,0.0,0.0,,,,,
2003-12-07,11.47,0.0,0.0,,,,,
2003-12-08,11.41,20.0,228.2,,,,,
2003-12-09,11.38,0.0,0.0,,,,,
2003-12-10,11.39,40.0,455.6,,,,,
2003-12-11,11.38,50.0,569.0,,,,,
2003-12-12,11.38,140.0,1593.2,,,,,
2003-12-13,11.38,0.0,0.0,,,,,
2003-12-14,11.38,0.0,0.0,,,,,
2003-12-15,11.38,20.0,227.60000000000002,,,,,
2003-12-16,11.43,50.0,571.5,,,,,
2003-12-17,11.45,10.0,114.5,,,,,
2003-12-18,11.53,50.0,576.5,,,,,
2003-12-19,11.64,150.0,1746.0,,,,,
2003-12-20,11.64,0.0,0.0,0.0,0.0,,,
2003-12-21,11.64,0.0,0.0,,,,,
2003-12-22,11.55,70.0,808.5,,,,,
2003-12-23,11.48,70.0,803.6,,,,,
2003-12-24,11.23,90.0,1010.7,,,,,
2003-12-25,11.23,0.0,0.0,0.0,0.0,,,
2003-12-26,11.23,0.0,0.0,,,,,
2003-12-27,11.23,0.0,0.0,,,,,
2003-12-28,11.23,0.0,0.0,,,,,
2003-12-29,11.4,90.0,1026.0,,,,,
2003-12-30,11.42,120.0,1370.4,,,,,
2003-12-31,11.45,40.0,458.0,,,,,
2004-01-01,11.45,0.0,0.0,0.0,0.0,,,
2004-01-02,11.45,0.0,0.0,,,,,
2004-01-03,11.45,0.0,0.0,,,,,
2004-01-04,11.45,0.0,0.0,,,,,
2004-01-05,11.5,70.0,805.0,,,,,
2004-01-06,11.56,20.0,231.20000000000002,,,,,
2004-01-07,11.55,70.0,808.5,,,,,
2004-01-08,11.53,40.0,461.2,,,,,
2004-01-09,11.5,40.0,460.0,,,,,
2004-01-10,11.5,0.0,0.0,,,,,
2004-01-11,11.5,0.0,0.0,,,,,
2004-01-12,11.52,80.0,921.5999999999999,,,,,
2004-01-13,11.52,40.0,460.79999999999995,,,,,
2004-01-14,11.52,10.0,115.19999999999999,,,,,
2004-01-15,11.54,50.0,577.0,,,,,
2004-01-16,11.55,40.0,462.0,,,,,
2004-01-17,11.55,0.0,0.0,,,,,
2004-01-18,11.55,0.0,0.0,,,,,
2004-01-19,11.55,0.0,0.0,,,,,
2004-01-20,11.61,140.0,1625.3999999999999,,,,,
2004-01-21,11.66,110.0,1282.6,,,,,
2004-01-22,11.65,240.0,2796.0,,,,,
2004-01-23,11.57,60.0,694.2,,,,,
2004-01-24,11.57,0.0,0.0,,,,,
2004-01-25,11.57,0.0,0.0,,,,,
2004-01-26,11.69,180.0,2104.2,,,,,
2004-01-27,11.65,50.0,582.5,,,,,
2004-01-28,11.7,120.0,1404.0,,,,,
2004-01-29,11.67,110.0,1283.7,,,,,
2004-01-30,11.67,130.0,1517.1,,,,,
2004-01-31,11.67,0.0,0.0,,,,,
2004-02-01,11.67,0.0,0.0,,,,,
2004-02-02,11.63,130.0,1511.9,,,,,
2004-02-03,11.7,40.0,468.0,,,,,
2004-02-04,11.75,60.0,705.0,,,,,
2004-02-05,11.77,70.0,823.9,,,,,
2004-02-06,11.77,390.0,4590.3,,,,,
2004-02-07,11.77,0.0,0.0,,,,,
2004-02-08,11.77,0.0,0.0,,,,,
2004-02-09,11.75,10.0,117.5,,,,,
2004-02-10,11.77,10.0,117.69999999999999,,,,,
2004-02-11,11.79,110.0,1296.8999999999999,,,,,
2004-02-12,11.78,20.0,235.6,,,,,
2004-02-13,11.78,10.0,117.8,,,,,
2004-02-14,11.78,0.0,0.0,,,,,
2004-02-15,11.78,0.0,0.0,,,,,
2004-02-16,11.78,0.0,0.0,,,,,
2004-02-17,11.8,60.0,708.0,,,,,
2004-02-18,11.82,10.0,118.2,,,,,
2004-02-19,11.84,10.0,118.4,,,,,
2004-02-20,11.82,30.0,354.6,,,,,
2004-02-21,11.82,0.0,0.0,,,,,
2004-02-22,11.82,0.0,0.0,,,,,
2004-02-23,11.85,10.0,118.5,,,,,
2004-02-24,11.86,110.0,1304.6,,,,,
2004-02-25,11.86,30.0,355.79999999999995,,,,,
2004-02-26,11.86,0.0,0.0,,,,,
2004-02-27,11.85,80.0,948.0,,,,,
2004-02-28,11.85,0.0,0.0,,,,,
2004-02-29,11.85,0.0,0.0,,,,,
2004-03-01,13.48,100.0,1348.0,,,,,
2004-03-02,13.55,140.0,1897.0,,,,,
2004-03-03,13.56,70.0,949.2,,,,,
2004-03-04,13.57,40.0,542.8,,,,,
2004-03-05,13.64,50.0,682.0,,,,,
2004-03-06,13.64,0.0,0.0,,,,,
2004-03-07,13.64,0.0,0.0,,,,,
2004-03-08,13.64,20.0,272.8,,,,,
2004-03-09,13.66,100.0,1366.0,,,,,
2004-03-10,13.71,90.0,1233.9,,,,,
2004-03-11,13.77,10.0,137.7,,,,,
2004-03-12,13.83,180.0,2489.4,0.004357298474945592,1.0,,,
2004-03-13,13.83,0.0,0.0,,,,,
2004-03-14,13.83,0.0,0.0,,,,,
2004-03-15,13.88,110.0,1526.8000000000002,,,,,
2004-03-16,13.9,170.0,2363.0,,,,,
2004-03-17,13.95,70.0,976.5,,,,,
2004-03-18,13.95,10.0,139.5,,,,,
2004-03-19,14.1,90.0,1269.0,,,,,
2004-03-20,14.1,0.0,0.0,0.0,0.0,,,
2004-03-21,14.1,0.0,0.0,,,,,
2004-03-22,14.45,40.0,578.0,,,,,
2004-03-23,14.29,50.0,714.5,-0.01107266435986165,-1.0,,,
2004-03-24,14.32,20.0,286.4,,,,,
2004-03-25,14.32,60.0,859.2,,,,,
2004-03-26,14.3,240.0,3432.0,,,,,
2004-03-27,14.3,0.0,0.0,,,,,
2004-03-28,14.3,0.0,0.0,,,,,
2004-03-29,14.4,10.0,144.0,,,,,
2004-03-30,14.4,10.0,144.0,,,,,
2004-03-31,14.4,0.0,0.0,,,,,
2004-04-01,14.4,0.0,0.0,,,,,
2004-04-02,19.04,180.0,3427.2,,,,,
2004-04-03,19.04,0.0,0.0,0.0,0.0,,,
2004-04-04,19.04,0.0,0.0,,,,,
2004-04-05,19.04,190.0,3617.6,,,,,
2004-04-06,19.26,200.0,3852.0000000000005,,,,,
2004-04-07,19.39,220.0,4265.8,,,,,
2004-04-08,19.36,370.0,7163.2,,,,,
2004-04-09,19.36,0.0,0.0,,,,,
2004-04-10,19.36,0.0,0.0,,,,,
2004-04-11,19.36,0.0,0.0,,,,,
2004-04-12,19.54,440.0,8597.6,,,,,
2004-04-13,19.53,190.0,3710.7000000000003,-0.0005117707267143778,-1.0,,,
2004-04-14,19.56,180.0,3520.7999999999997,,,,,
2004-04-15,19.56,180.0,3520.7999999999997,,,,,
2004-04-16,19.64,350.0,6874.0,,,,,
2004-04-17,19.64,0.0,0.0,,,,,
2004-04-18,19.64,0.0,0.0,,,,,
2004-04-19,19.61,280.0,5490.8,,,,,
2004-04-20,19.63,110.0,2159.2999999999997,,,,,
2004-04-21,19.64,90.0,1767.6000000000001,,,,,
2004-04-22,19.65,20.0,393.0,,,,,
2004-04-23,19.61,280.0,5490.8,,,,,
2004-04-24,19.61,0.0,0.0,,,,,
2004-04-25,19.61,0.0,0.0,,,,,
2004-04-26,19.57,80.0,1565.6,,,,,
2004-04-27,19.59,10.0,195.9,,,,,
2004-04-28,19.59,0.0,0.0,,,,,
2004-04-29,19.61,0.0,0.0,,,,,
2004-04-30,19.79,260.0,5145.4,,,,,
2004-05-01,19.79,0.0,0.0,,,,,
2004-05-02,19.79,0.0,0.0,,,,,
2004-05-03,19.96,750.0,14970.0,,,,,
2004-05-04,20.23,660.0,13351.800000000001,0.013527054108216419,1.0,,,
2004-05-05,20.08,610.0,12248.8,,,,,
2004-05-06,20.2,430.0,8686.0,,,,,
2004-05-07,20.34,230.0,4678.2,,,,,
2004-05-08,20.34,0.0,0.0,,,,,
2004-05-09,20.34,0.0,0.0,,,,,
2004-05-10,20.45,280.0,5726.0,,,,,
2004-05-11,20.39,560.0,11418.4,-0.0029339853300732743,-1.0,,,
2004-05-12,20.39,190.0,3874.1,,,,,
2004-05-13,20.22,40.0,808.8,,,,,
2004-05-14,20.4,110.0,2244.0,,,,,
2004-05-15,20.4,0.0,0.0,,,,,
2004-05-16,20.4,0.0,0.0,,,,,
2004-05-17,20.49,170.0,3483.2999999999997,,,,,
2004-05-18,20.59,50.0,1029.5,,,,,
2004-05-19,20.59,20.0,411.8,,,,,
2004-05-20,20.6,50.0,1030.0,,,,,
2004-05-21,20.48,10.0,204.8,,,,,
2004-05-22,20.48,0.0,0.0,,,,,
2004-05-23,20.48,0.0,0.0,,,,,
2004-05-24,20.55,80.0,1644.0,,,,,
2004-05-25,20.55,40.0,822.0,,,,,
2004-05-26,20.54,0.0,0.0,,,,,
2004-05-27,20.55,10.0,205.5,,,,,
2004-05-28,20.55,60.0,1233.0,,,,,
2004-05-29,20.55,0.0,0.0,,,,,
2004-05-30,20.55,0.0,0.0,,,,,
2004-05-31,20.55,0.0,0.0,,,,,
2004-06-01,20.56,20.0,411.2,,,,,
2004-06-02,20.58,30.0,617.4,,,,,
2004-06-03,17.06,600.0,10236.0,,,,,
2004-06-04,17.2,830.0,14276.0,0.008206330597889888,1.0,-0.008206330597889888,0.0,-1.0
2004-06-05,17.2,0.0,0.0,,,,,
2004-06-06,17.2,0.0,0.0,,,,,
2004-06-07,17.27,740.0,12779.8,,,,,
2004-06-08,17.39,1590.0,27650.100000000002,,,,,
2004-06-09,17.55,320.0,5616.0,0.009200690051753835,1.0,,,
2004-06-10,17.57,190.0,3338.3,,,,,
2004-06-11,17.57,0.0,0.0,,,,,
2004-06-12,17.57,0.0,0.0,,,,,
2004-06-13,17.57,0.0,0.0,,,,,
2004-06-14,17.54,270.0,4735.8,,,,,
2004-06-15,17.54,0.0,0.0,,,,,
2004-06-16,17.53,100.0,1753.0,,,,,
2004-06-17,17.57,350.0,6149.5,,,,,
2004-06-18,17.65,180.0,3176.9999999999995,,,,,
2004-06-19,17.65,0.0,0.0,,,,,
2004-06-20,17.65,0.0,0.0,,,,,
2004-06-21,17.63,10.0,176.29999999999998,,,,,
2004-06-22,17.63,140.0,2468.2,,,,,
2004-06-23,17.7,70.0,1239.0,,,,,
2004-06-24,17.68,160.0,2828.8,,,,,
2004-06-25,17.69,50.0,884.5000000000001,,,,,
2004-06-26,17.69,0.0,0.0,,,,,
2004-06-27,17.69,0.0,0.0,,,,,
2004-06-28,17.7,40.0,708.0,,,,,
2004-06-29,17.69,10.0,176.9,,,,,
2004-06-30,17.69,30.0,530.7,,,,,
2004-07-01,14.89,220.0,3275.8,,,,,
2004-07-02,14.9,170.0,2533.0,0.000671591672263272,1.0,,,
2004-07-03,14.9,0.0,0.0,,,,,
2004-07-04,14.9,0.0,0.0,,,,,
2004-07-05,14.9,0.0,0.0,,,,,
2004-07-06,14.82,320.0,4742.4,,,,,
2004-07-07,14.82,160.0,2371.2,,,,,
2004-07-08,14.82,140.0,2074.8,,,,,
2004-07-09,14.78,110.0,1625.8,,,,,
2004-07-10,14.78,0.0,0.0,,,,,
2004-07-11,14.78,0.0,0.0,,,,,
2004-07-12,14.78,10.0,147.79999999999998,,,,,
2004-07-13,14.8,10.0,148.0,,,,,
2004-07-14,14.87,30.0,446.09999999999997,,,,,
2004-07-15,14.85,10.0,148.5,,,,,
2004-07-16,14.69,240.0,3525.6,,,,,
2004-07-17,14.69,0.0,0.0,,,,,
2004-07-18,14.69,0.0,0.0,,,,,
2004-07-19,14.67,20.0,293.4,,,,,
2004-07-20,14.67,110.0,1613.7,,,,,
2004-07-21,14.69,150.0,2203.5,,,,,
2004-07-22,14.69,210.0,3084.9,,,,,
2004-07-23,14.83,180.0,2669.4,,,,,
2004-07-24,14.83,0.0,0.0,,,,,
2004-07-25,14.83,0.0,0.0,,,,,
2004-07-26,14.84,50.0,742.0,,,,,
2004-07-27,14.84,50.0,742.0,,,,,
2004-07-28,14.84,50.0,742.0,,,,,
2004-07-29,14.37,210.0,3017.7,,,,,
2004-07-30,14.25,70.0,997.5,-0.008350730688935215,-1.0,,,
2004-07-31,14.25,0.0,0.0,,,,,
2004-08-01,14.25,0.0,0.0,,,,,
2004-08-02,14.27,320.0,4566.4,,,,,
2004-08-03,14.21,10.0,142.10000000000002,,,,,
2004-08-04,14.14,60.0,848.4000000000001,,,,,
2004-08-05,14.09,40.0,563.6,,,,,
2004-08-06,14.0,110.0,1540.0,-0.0063875088715400485,-1.0,,,
2004-08-07,14.0,0.0,0.0,,,,,
2004-08-08,14.0,0.0,0.0,,,,,
2004-08-09,13.98,10.0,139.8,,,,,
2004-08-10,13.98,70.0,978.6,,,,,
2004-08-11,13.98,0.0,0.0,,,,,
2004-08-12,13.98,30.0,419.40000000000003,,,,,
2004-08-13,14.04,30.0,421.2,,,,,
2004-08-14,14.04,0.0,0.0,,,,,
2004-08-15,14.04,0.0,0.0,,,,,
2004-08-16,14.02,0.0,0.0,,,,,
2004-08-17,14.04,50.0,702.0,,,,,
2004-08-18,14.1,10.0,141.0,,,,,
2004-08-19,14.1,10.0,141.0,,,,,
2004-08-20,14.1,150.0,2115.0,,,,,
2004-08-21,14.1,0.0,0.0,,,,,
2004-08-22,14.1,0.0,0.0,,,,,
2004-08-23,14.1,20.0,282.0,,,,,
2004-08-24,14.1,10.0,141.0,,,,,
2004-08-25,14.1,0.0,0.0,,,,,
2004-08-26,14.05,0.0,0.0,,,,,
2004-08-27,14.0,100.0,1400.0,,,,,
2004-08-28,14.0,0.0,0.0,,,,,
2004-08-29,14.0,0.0,0.0,,,,,
2004-08-30,14.0,10.0,140.0,,,,,
2004-08-31,14.0,10.0,140.0,,,,,
2004-09-01,14.0,0.0,0.0,,,,,
2004-09-02,14.03,0.0,0.0,,,,,
2004-09-03,14.5,250.0,3625.0,,,,,
2004-09-04,14.5,0.0,0.0,0.0,0.0,0.0,0.0,1.0
2004-09-05,14.5,0.0,0.0,,,,,
2004-09-06,14.5,0.0,0.0,,,,,
2004-09-07,14.56,340.0,4950.400000000001,,,,,
2004-09-08,14.5,270.0,3915.0,,,,,
2004-09-09,14.58,250.0,3645.0,,,,,
2004-09-10,14.62,1420.0,20760.399999999998,,,,,
2004-09-11,14.62,0.0,0.0,,,,,
2004-09-12,14.62,0.0,0.0,,,,,
2004-09-13,14.62,1180.0,17251.6,,,,,
2004-09-14,14.61,60.0,876.5999999999999,,,,,
2004-09-15,14.63,110.0,1609.3000000000002,,,,,
2004-09-16,14.63,10.0,146.3,,,,,
2004-09-17,14.65,0.0,0.0,,,,,
2004-09-18,14.65,0.0,0.0,,,,,
2004-09-19,14.65,0.0,0.0,,,,,
2004-09-20,14.67,60.0,880.2,,,,,
2004-09-21,14.67,30.0,440.1,,,,,
2004-09-22,14.65,10.0,146.5,,,,,
2004-09-23,14.66,50.0,733.0,,,,,
2004-09-24,14.72,250.0,3680.0,,,,,
2004-09-25,14.72,0.0,0.0,,,,,
2004-09-26,14.72,0.0,0.0,,,,,
2004-09-27,14.72,10.0,147.20000000000002,,,,,
2004-09-28,14.72,50.0,736.0,,,,,
2004-09-29,14.7,50.0,735.0,,,,,
2004-09-30,14.71,0.0,0.0,,,,,
2004-10-01,13.95,640.0,8928.0,,,,,
2004-10-02,13.95,0.0,0.0,,,,,
2004-10-03,13.95,0.0,0.0,,,,,
2004-10-04,13.95,930.0,12973.5,,,,,
2004-10-05,14.13,160.0,2260.8,,,,,
2004-10-06,13.95,280.0,3906.0,,,,,
2004-10-07,13.77,350.0,4819.5,,,,,
2004-10-08,13.86,0.0,0.0,,,,,
2004-10-09,13.86,0.0,0.0,,,,,
2004-10-10,13.86,0.0,0.0,,,,,
2004-10-11,13.92,120.0,1670.4,,,,,
2004-10-12,14.0,120.0,1680.0,,,,,
2004-10-13,14.1,70.0,987.0,,,,,
2004-10-14,14.11,40.0,564.4,,,,,
2004-10-15,14.14,80.0,1131.2,,,,,
2004-10-16,14.14,0.0,0.0,,,,,
2004-10-17,14.14,0.0,0.0,,,,,
2004-10-18,14.18,80.0,1134.4,,,,,
2004-10-19,14.18,40.0,567.2,,,,,
2004-10-20,14.19,80.0,1135.2,,,,,
2004-10-21,14.19,50.0,709.5,,,,,
2004-10-22,14.19,10.0,141.9,,,,,
2004-10-23,14.19,0.0,0.0,,,,,
2004-10-24,14.19,0.0,0.0,,,,,
2004-10-25,14.19,60.0,851.4,,,,,
2004-10-26,14.18,10.0,141.8,,,,,
2004-10-27,14.18,10.0,141.8,,,,,
2004-10-28,14.2,0.0,0.0,,,,,
2004-10-29,14.19,30.0,425.7,,,,,
2004-10-30,14.19,0.0,0.0,,,,,
2004-10-31,14.19,0.0,0.0,,,,,
2004-11-01,14.19,0.0,0.0,,,,,
2004-11-02,14.2,0.0,0.0,,,,,
2004-11-03,14.19,0.0,0.0,,,,,
2004-11-04,14.34,70.0,1003.8,,,,,
2004-11-05,14.4,300.0,4320.0,,,,,
2004-11-06,14.4,0.0,0.0,,,,,
2004-11-07,14.4,0.0,0.0,,,,,
2004-11-08,14.5,210.0,3045.0,,,,,
2004-11-09,14.57,380.0,5536.6,,,,,
2004-11-10,14.68,110.0,1614.8,,,,,
2004-11-11,14.71,360.0,5295.6,,,,,
2004-11-12,14.75,520.0,7670.0,,,,,
2004-11-13,14.75,0.0,0.0,,,,,
2004-11-14,14.75,0.0,0.0,,,,,
2004-11-15,14.84,550.0,8162.0,,,,,
2004-11-16,14.91,270.0,4025.7,,,,,
2004-11-17,14.95,80.0,1196.0,,,,,
2004-11-18,14.92,60.0,895.2,,,,,
2004-11-19,14.92,20.0,298.4,,,,,
2004-11-20,14.92,0.0,0.0,,,,,
2004-11-21,14.92,0.0,0.0,,,,,
2004-11-22,14.92,50.0,746.0,,,,,
2004-11-23,14.91,10.0,149.1,,,,,
2004-11-24,14.92,100.0,1492.0,,,,,
2004-11-25,14.92,0.0,0.0,,,,,
2004-11-26,14.92,0.0,0.0,,,,,
2004-11-27,14.92,0.0,0.0,,,,,
2004-11-28,14.92,0.0,0.0,,,,,
2004-11-29,14.97,200.0,2994.0,,,,,
2004-11-30,14.97,10.0,149.70000000000002,,,,,
2004-12-01,14.97,20.0,299.40000000000003,,,,,
2004-12-02,17.15,470.0,8060.499999999999,,,,,
2004-12-03,17.2,380.0,6536.0,,,,,
2004-12-04,17.2,0.0,0.0,,,,,
2004-12-05,17.2,0.0,0.0,,,,,
2004-12-06,16.95,230.0,3898.5,,,,,
2004-12-07,16.5,350.0,5775.0,,,,,
2004-12-08,16.55,310.0,5130.5,0.003030303030303161,1.0,,,
2004-12-09,16.5,30.0,495.0,,,,,
2004-12-10,16.55,200.0,3310.0,,,,,
2004-12-11,16.55,0.0,0.0,,,,,
2004-12-12,16.55,0.0,0.0,,,,,
2004-12-13,16.4,140.0,2296.0,,,,,
2004-12-14,16.4,110.0,1803.9999999999998,,,,,
2004-12-15,16.53,120.0,1983.6000000000001,,,,,
2004-12-16,16.52,60.0,991.1999999999999,,,,,
2004-12-17,16.49,20.0,329.79999999999995,,,,,
2004-12-18,16.49,0.0,0.0,,,,,
2004-12-19,16.49,0.0,0.0,,,,,
2004-12-20,16.45,140.0,2303.0,,,,,
2004-12-21,16.5,560.0,9240.0,,,,,
2004-12-22,16.48,40.0,659.2,,,,,
2004-12-23,16.48,20.0,329.6,,,,,
2004-12-24,16.48,0.0,0.0,,,,,
2004-12-25,16.48,0.0,0.0,,,,,
2004-12-26,16.48,0.0,0.0,,,,,
2004-12-27,16.21,210.0,3404.1000000000004,,,,,
2004-12-28,16.2,20.0,324.0,-0.0006169031462061048,-1.0,0.0006169031462061048,1.0,-1.0
2004-12-29,16.19,80.0,1295.2,,,,,
2004-12-30,13.67,60.0,820.2,,,,,
2004-12-31,13.67,0.0,0.0,0.0,0.0,,,
2005-01-01,13.67,0.0,0.0,,,,,
2005-01-02,13.67,0.0,0.0,,,,,
2005-01-03,13.63,360.0,4906.8,,,,,
2005-01-04,13.65,40.0,546.0,,,,,
2005-01-05,13.75,40.0,550.0,,,,,
2005-01-06,13.72,210.0,2881.2000000000003,,,,,
2005-01-07,13.85,240.0,3324.0,,,,,
2005-01-08,13.85,0.0,0.0,,,,,
2005-01-09,13.85,0.0,0.0,,,,,
2005-01-10,13.9,30.0,417.0,,,,,
2005-01-11,13.95,230.0,3208.5,0.003597122302158251,1.0,,,
2005-01-12,13.98,10.0,139.8,,,,,
2005-01-13,14.06,70.0,984.2,,,,,
2005-01-14,14.0,30.0,420.0,,,,,
2005-01-15,14.0,0.0,0.0,,,,,
2005-01-16,14.0,0.0,0.0,,,,,
2005-01-17,14.0,0.0,0.0,,,,,
2005-01-18,14.08,20.0,281.6,,,,,
2005-01-19,14.08,70.0,985.6,,,,,
2005-01-20,14.1,60.0,846.0,,,,,
2005-01-21,14.1,130.0,1833.0,,,,,
2005-01-22,14.1,0.0,0.0,,,,,
2005-01-23,14.1,0.0,0.0,,,,,
2005-01-24,14.14,20.0,282.8,,,,,
2005-01-25,14.14,30.0,424.20000000000005,,,,,
2005-01-26,14.14,10.0,141.4,,,,,
2005-01-27,14.14,10.0,141.4,,,,,
2005-01-28,14.15,20.0,283.0,,,,,
2005-01-29,14.15,0.0,0.0,,,,,
2005-01-30,14.15,0.0,0.0,,,,,
2005-01-31,14.21,10.0,142.10000000000002,,,,,
2005-02-01,14.21,0.0,0.0,0.0,0.0,,,
2005-02-02,14.21,0.0,0.0,,,,,
2005-02-03,15.1,200.0,3020.0,,,,,
2005-02-04,14.9,230.0,3427.0,-0.013245033112582738,-1.0,,,
2005-02-05,14.9,0.0,0.0,,,,,
2005-02-06,14.9,0.0,0.0,,,,,
2005-02-07,14.75,110.0,1622.5,,,,,
2005-02-08,14.65,120.0,1758.0,-0.006779661016949157,-1.0,,,
2005-02-09,14.72,100.0,1472.0,,,,,
2005-02-10,14.75,50.0,737.5,,,,,
2005-02-11,14.75,110.0,1622.5,,,,,
2005-02-12,14.75,0.0,0.0,,,,,
2005-02-13,14.75,0.0,0.0,,,,,
2005-02-14,14.75,30.0,442.5,,,,,
2005-02-15,14.79,0.0,0.0,,,,,
2005-02-16,14.79,10.0,147.89999999999998,,,,,
2005-02-17,14.79,120.0,1774.8,,,,,
2005-02-18,14.73,30.0,441.90000000000003,,,,,
2005-02-19,14.73,0.0,0.0,,,,,
2005-02-20,14.73,0.0,0.0,,,,,
2005-02-21,14.73,0.0,0.0,,,,,
2005-02-22,14.71,20.0,294.20000000000005,,,,,
2005-02-23,14.69,30.0,440.7,,,,,
2005-02-24,14.68,30.0,440.4,,,,,
2005-02-25,14.68,0.0,0.0,,,,,
2005-02-26,14.68,0.0,0.0,,,,,
2005-02-27,14.68,0.0,0.0,,,,,
2005-02-28,14.68,0.0,0.0,,,,,
2005-03-01,14.68,0.0,0.0,,,,,
2005-03-02,14.68,0.0,0.0,,,,,
2005-03-03,14.68,0.0,0.0,,,,,
2005-03-04,14.68,0.0,0.0,,,,,
2005-03-05,14.68,0.0,0.0,,,,,
2005-03-06,14.68,0.0,0.0,,,,,
2005-03-07,14.68,0.0,0.0,,,,,
2005-03-08,14.68,0.0,0.0,,,,,
2005-03-09,14.68,0.0,0.0,,,,,
2005-03-10,14.68,0.0,0.0,,,,,
2005-03-11,14.68,0.0,0.0,,,,,
2005-03-12,14.68,0.0,0.0,,,,,
2005-03-13,14.68,0.0,0.0,,,,,
2005-03-14,14.68,0.0,0.0,,,,,
2005-03-15,14.68,0.0,0.0,,,,,
2005-03-16,14.68,0.0,0.0,,,,,
2005-03-17,14.68,0.0,0.0,,,,,
2005-03-18,14.68,0.0,0.0,,,,,
2005-03-19,14.68,0.0,0.0,,,,,
2005-03-20,14.68,0.0,0.0,,,,,
2005-03-21,14.68,0.0,0.0,,,,,
2005-03-22,14.68,0.0,0.0,,,,,
2005-03-23,14.68,0.0,0.0,,,,,
2005-03-24,14.68,0.0,0.0,,,,,
2005-03-25,14.68,0.0,0.0,,,,,
2005-03-26,14.68,0.0,0.0,,,,,
2005-03-27,14.68,0.0,0.0,,,,,
2005-03-28,14.68,0.0,0.0,,,,,
2005-03-29,14.68,0.0,0.0,,,,,
2005-03-30,14.68,0.0,0.0,,,,,
2005-03-31,14.68,0.0,0.0,,,,,
2005-04-01,14.68,0.0,0.0,,,,,
2005-04-02,14.68,0.0,0.0,,,,,
2005-04-03,14.68,0.0,0.0,,,,,
2005-04-04,14.68,0.0,0.0,,,,,
2005-04-05,14.68,0.0,0.0,,,,,
2005-04-06,14.68,0.0,0.0,,,,,
2005-04-07,14.68,0.0,0.0,,,,,
2005-04-08,14.68,0.0,0.0,,,,,
2005-04-09,14.68,0.0,0.0,,,,,
2005-04-10,14.68,0.0,0.0,,,,,
2005-04-11,14.68,0.0,0.0,,,,,
2005-04-12,14.68,0.0,0.0,,,,,
2005-04-13,14.68,0.0,0.0,,,,,
2005-04-14,14.68,0.0,0.0,,,,,
2005-04-15,14.68,0.0,0.0,,,,,
2005-04-16,14.68,0.0,0.0,,,,,
2005-04-17,14.68,0.0,0.0,,,,,
2005-04-18,14.68,0.0,0.0,,,,,
2005-04-19,14.68,0.0,0.0,,,,,
2005-04-20,14.68,0.0,0.0,,,,,
2005-04-21,14.68,0.0,0.0,,,,,
2005-04-22,14.68,0.0,0.0,,,,,
2005-04-23,14.68,0.0,0.0,,,,,
2005-04-24,14.68,0.0,0.0,,,,,
2005-04-25,14.68,0.0,0.0,,,,,
2005-04-26,14.68,0.0,0.0,,,,,
2005-04-27,14.68,0.0,0.0,,,,,
2005-04-28,14.68,0.0,0.0,,,,,
2005-04-29,14.68,0.0,0.0,,,,,
2005-04-30,14.68,0.0,0.0,,,,,
2005-05-01,14.68,0.0,0.0,,,,,
2005-05-02,14.68,0.0,0.0,,,,,
2005-05-03,14.68,0.0,0.0,,,,,
2005-05-04,14.68,0.0,0.0,,,,,
2005-05-05,14.68,0.0,0.0,,,,,
2005-05-06,14.68,0.0,0.0,,,,,
2005-05-07,14.68,0.0,0.0,,,,,
2005-05-08,14.68,0.0,0.0,,,,,
2005-05-09,14.68,0.0,0.0,,,,,
2005-05-10,14.68,0.0,0.0,,,,,
2005-05-11,14.68,0.0,0.0,,,,,
2005-05-12,14.68,0.0,0.0,,,,,
2005-05-13,14.68,0.0,0.0,,,,,
2005-05-14,14.68,0.0,0.0,,,,,
2005-05-15,14.68,0.0,0.0,,,,,
2005-05-16,14.68,0.0,0.0,,,,,
2005-05-17,14.68,0.0,0.0,,,,,
2005-05-18,14.68,0.0,0.0,,,,,
2005-05-19,14.68,0.0,0.0,,,,,
2005-05-20,14.68,0.0,0.0,,,,,
2005-05-21,14.68,0.0,0.0,,,,,
2005-05-22,14.68,0.0,0.0,,,,,
2005-05-23,14.68,0.0,0.0,,,,,
2005-05-24,14.68,0.0,0.0,,,,,
2005-05-25,14.68,0.0,0.0,,,,,
2005-05-26,14.68,0.0,0.0,,,,,
2005-05-27,14.68,0.0,0.0,,,,,
2005-05-28,14.68,0.0,0.0,,,,,
2005-05-29,14.68,0.0,0.0,,,,,
2005-05-30,14.68,0.0,0.0,,,,,
2005-05-31,14.68,0.0,0.0,,,,,
2005-06-01,14.68,0.0,0.0,,,,,
2005-06-02,14.68,0.0,0.0,,,,,
2005-06-03,14.68,0.0,0.0,,,,,
2005-06-04,14.68,0.0,0.0,,,,,
2005-06-05,14.68,0.0,0.0,,,,,
2005-06-06,14.68,0.0,0.0,,,,,
2005-06-07,14.68,0.0,0.0,,,,,
2005-06-08,14.68,0.0,0.0,,,,,
2005-06-09,14.68,0.0,0.0,,,,,
2005-06-10,14.68,0.0,0.0,,,,,
2005-06-11,14.68,0.0,0.0,,,,,
2005-06-12,14.68,0.0,0.0,,,,,
2005-06-13,14.68,0.0,0.0,,,,,
2005-06-14,14.68,0.0,0.0,,,,,
2005-06-15,14.68,0.0,0.0,,,,,
2005-06-16,14.68,0.0,0.0,,,,,
2005-06-17,14.68,0.0,0.0,,,,,
2005-06-18,14.68,0.0,0.0,,,,,
2005-06-19,14.68,0.0,0.0,,,,,
2005-06-20,14.68,0.0,0.0,,,,,
2005-06-21,14.68,0.0,0.0,,,,,
2005-06-22,14.68,0.0,0.0,,,,,
2005-06-23,14.68,0.0,0.0,,,,,
2005-06-24,14.68,0.0,0.0,,,,,
2005-06-25,14.68,0.0,0.0,,,,,
2005-06-26,14.68,0.0,0.0,,,,,
2005-06-27,14.68,0.0,0.0,,,,,
2005-06-28,14.68,0.0,0.0,,,,,
2005-06-29,14.68,0.0,0.0,,,,,
2005-06-30,14.68,0.0,0.0,,,,,
2005-07-01,14.68,0.0,0.0,,,,,
2005-07-02,14.68,0.0,0.0,,,,,
2005-07-03,14.68,0.0,0.0,,,,,
2005-07-04,14.68,0.0,0.0,,,,,
2005-07-05,14.68,0.0,0.0,,,,,
2005-07-06,14.68,0.0,0.0,,,,,
2005-07-07,14.68,0.0,0.0,,,,,
2005-07-08,14.68,0.0,0.0,,,,,
2005-07-09,14.68,0.0,0.0,,,,,
2005-07-10,14.68,0.0,0.0,,,,,
2005-07-11,14.68,0.0,0.0,,,,,
2005-07-12,14.68,0.0,0.0,,,,,
2005-07-13,14.68,0.0,0.0,,,,,
2005-07-14,14.68,0.0,0.0,,,,,
2005-07-15,14.68,0.0,0.0,,,,,
2005-07-16,14.68,0.0,0.0,,,,,
2005-07-17,14.68,0.0,0.0,,,,,
2005-07-18,14.68,0.0,0.0,,,,,
2005-07-19,14.68,0.0,0.0,,,,,
2005-07-20,14.68,0.0,0.0,,,,,
2005-07-21,14.68,0.0,0.0,,,,,
2005-07-22,14.68,0.0,0.0,,,,,
2005-07-23,14.68,0.0,0.0,,,,,
2005-07-24,14.68,0.0,0.0,,,,,
2005-07-25,14.68,0.0,0.0,,,,,
2005-07-26,14.68,0.0,0.0,,,,,
2005-07-27,14.68,0.0,0.0,,,,,
2005-07-28,14.68,0.0,0.0,,,,,
2005-07-29,14.68,0.0,0.0,,,,,
2005-07-30,14.68,0.0,0.0,,,,,
2005-07-31,14.68,0.0,0.0,,,,,
2005-08-01,14.68,0.0,0.0,,,,,
2005-08-02,14.68,0.0,0.0,,,,,
2005-08-03,14.68,0.0,0.0,,,,,
2005-08-04,14.68,0.0,0.0,,,,,
2005-08-05,14.68,0.0,0.0,,,,,
2005-08-06,14.68,0.0,0.0,,,,,
2005-08-07,14.68,0.0,0.0,,,,,
2005-08-08,14.68,0.0,0.0,,,,,
2005-08-09,14.68,0.0,0.0,,,,,
2005-08-10,14.68,0.0,0.0,,,,,
2005-08-11,14.68,0.0,0.0,,,,,
2005-08-12,14.68,0.0,0.0,,,,,
2005-08-13,14.68,0.0,0.0,,,,,
2005-08-14,14.68,0.0,0.0,,,,,
2005-08-15,14.68,0.0,0.0,,,,,
2005-08-16,14.68,0.0,0.0,,,,,
2005-08-17,14.68,0.0,0.0,,,,,
2005-08-18,14.68,0.0,0.0,,,,,
2005-08-19,14.68,0.0,0.0,,,,,
2005-08-20,14.68,0.0,0.0,,,,,
2005-08-21,14.68,0.0,0.0,,,,,
2005-08-22,14.68,0.0,0.0,,,,,
2005-08-23,14.68,0.0,0.0,,,,,
2005-08-24,14.68,0.0,0.0,,,,,
2005-08-25,14.68,0.0,0.0,,,,,
2005-08-26,14.68,0.0,0.0,,,,,
2005-08-27,14.68,0.0,0.0,,,,,
2005-08-28,14.68,0.0,0.0,,,,,
2005-08-29,14.68,0.0,0.0,,,,,
2005-08-30,14.68,0.0,0.0,,,,,
2005-08-31,14.68,0.0,0.0,,,,,
2005-09-01,14.68,0.0,0.0,,,,,
2005-09-02,14.68,0.0,0.0,,,,,
2005-09-03,14.68,0.0,0.0,,,,,
2005-09-04,14.68,0.0,0.0,,,,,
2005-09-05,14.68,0.0,0.0,,,,,
2005-09-06,14.68,0.0,0.0,,,,,
2005-09-07,14.68,0.0,0.0,,,,,
2005-09-08,14.68,0.0,0.0,,,,,
2005-09-09,14.68,0.0,0.0,,,,,
2005-09-10,14.68,0.0,0.0,,,,,
2005-09-11,14.68,0.0,0.0,,,,,
2005-09-12,14.68,0.0,0.0,,,,,
2005-09-13,14.68,0.0,0.0,,,,,
2005-09-14,14.68,0.0,0.0,,,,,
2005-09-15,14.68,0.0,0.0,,,,,
2005-09-16,14.68,0.0,0.0,,,,,
2005-09-17,14.68,0.0,0.0,,,,,
2005-09-18,14.68,0.0,0.0,,,,,
2005-09-19,14.68,0.0,0.0,,,,,
2005-09-20,14.68,0.0,0.0,,,,,
2005-09-21,14.68,0.0,0.0,,,,,
2005-09-22,14.68,0.0,0.0,,,,,
2005-09-23,14.68,0.0,0.0,,,,,
2005-09-24,14.68,0.0,0.0,,,,,
2005-09-25,14.68,0.0,0.0,,,,,
2005-09-26,14.68,0.0,0.0,,,,,
2005-09-27,14.68,0.0,0.0,,,,,
2005-09-28,14.68,0.0,0.0,,,,,
2005-09-29,14.68,0.0,0.0,,,,,
2005-09-30,14.68,0.0,0.0,,,,,
2005-10-01,14.68,0.0,0.0,,,,,
2005-10-02,14.68,0.0,0.0,,,,,
2005-10-03,14.68,0.0,0.0,,,,,
2005-10-04,14.68,0.0,0.0,,,,,
2005-10-05,14.68,0.0,0.0,,,,,
2005-10-06,14.68,0.0,0.0,,,,,
2005-10-07,14.68,0.0,0.0,,,,,
2005-10-08,14.68,0.0,0.0,,,,,
2005-10-09,14.68,0.0,0.0,,,,,
2005-10-10,14.68,0.0,0.0,,,,,
2005-10-11,14.68,0.0,0.0,,,,,
2005-10-12,14.68,0.0,0.0,,,,,
2005-10-13,14.68,0.0,0.0,,,,,
2005-10-14,14.68,0.0,0.0,,,,,
2005-10-15,14.68,0.0,0.0,,,,,
2005-10-16,14.68,0.0,0.0,,,,,
2005-10-17,14.68,0.0,0.0,,,,,
2005-10-18,14.68,0.0,0.0,,,,,
2005-10-19,14.68,0.0,0.0,,,,,
2005-10-20,14.68,0.0,0.0,,,,,
2005-10-21,14.68,0.0,0.0,,,,,
2005-10-22,14.68,0.0,0.0,,,,,
2005-10-23,14.68,0.0,0.0,,,,,
2005-10-24,14.68,0.0,0.0,,,,,
2005-10-25,14.68,0.0,0.0,,,,,
2005-10-26,14.68,0.0,0.0,,,,,
2005-10-27,14.68,0.0,0.0,,,,,
2005-10-28,14.68,0.0,0.0,,,,,
2005-10-29,14.68,0.0,0.0,,,,,
2005-10-30,14.68,0.0,0.0,,,,,
2005-10-31,14.68,0.0,0.0,,,,,
2005-11-01,14.68,0.0,0.0,,,,,
2005-11-02,14.68,0.0,0.0,,,,,
2005-11-03,14.68,0.0,0.0,,,,,
2005-11-04,14.68,0.0,0.0,,,,,
2005-11-05,14.68,0.0,0.0,,,,,
2005-11-06,14.68,0.0,0.0,,,,,
2005-11-07,14.68,0.0,0.0,,,,,
2005-11-08,14.68,0.0,0.0,,,,,
2005-11-09,14.68,0.0,0.0,,,,,
2005-11-10,14.68,0.0,0.0,,,,,
2005-11-11,13.38,0.0,0.0,,,,,
2005-11-12,13.38,0.0,0.0,,,,,
2005-11-13,13.38,0.0,0.0,,,,,
2005-11-14,13.38,0.0,0.0,,,,,
2005-11-15,13.37,10.0,133.7,,,,,
2005-11-16,13.35,70.0,934.5,,,,,
2005-11-17,13.35,30.0,400.5,,,,,
2005-11-18,13.35,40.0,534.0,,,,,
2005-11-19,13.35,0.0,0.0,,,,,
2005-11-20,13.35,0.0,0.0,,,,,
2005-11-21,13.37,70.0,935.9,,,,,
2005-11-22,13.37,0.0,0.0,,,,,
2005-11-23,13.36,50.0,668.0,,,,,
2005-11-24,13.36,0.0,0.0,,,,,
2005-11-25,13.36,0.0,0.0,,,,,
2005-11-26,13.36,0.0,0.0,,,,,
2005-11-27,13.36,0.0,0.0,,,,,
2005-11-28,13.36,0.0,0.0,,,,,
2005-11-29,13.35,20.0,267.0,,,,,
2005-11-30,13.35,0.0,0.0,,,,,
2005-12-01,13.35,0.0,0.0,,,,,
2005-12-02,13.3,210.0,2793.0,,,,,
2005-12-03,13.3,0.0,0.0,,,,,
2005-12-04,13.3,0.0,0.0,,,,,
2005-12-05,13.35,90.0,1201.5,,,,,
2005-12-06,13.39,100.0,1339.0,,,,,
2005-12-07,13.39,40.0,535.6,,,,,
2005-12-08,13.44,20.0,268.8,,,,,
2005-12-09,13.44,0.0,0.0,,,,,
2005-12-10,13.44,0.0,0.0,,,,,
2005-12-11,13.44,0.0,0.0,,,,,
2005-12-12,13.38,20.0,267.6,,,,,
2005-12-13,13.42,30.0,402.6,,,,,
2005-12-14,13.44,20.0,268.8,,,,,
2005-12-15,13.43,10.0,134.3,,,,,
2005-12-16,13.4,30.0,402.0,,,,,
2005-12-17,13.4,0.0,0.0,,,,,
2005-12-18,13.4,0.0,0.0,,,,,
2005-12-19,13.41,0.0,0.0,,,,,
2005-12-20,13.41,10.0,134.1,,,,,
2005-12-21,13.4,30.0,402.0,,,,,
2005-12-22,13.38,40.0,535.2,,,,,
2005-12-23,13.4,50.0,670.0,,,,,
2005-12-24,13.4,0.0,0.0,,,,,
2005-12-25,13.4,0.0,0.0,,,,,
2005-12-26,13.4,0.0,0.0,,,,,
2005-12-27,13.4,0.0,0.0,,,,,
2005-12-28,13.4,0.0,0.0,,,,,
2005-12-29,13.4,0.0,0.0,,,,,
2005-12-30,13.25,40.0,530.0,,,,,
2005-12-31,13.25,0.0,0.0,,,,,
2006-01-01,13.25,0.0,0.0,,,,,
2006-01-02,13.25,0.0,0.0,,,,,
2006-01-03,13.27,130.0,1725.1,,,,,
2006-01-04,13.38,300.0,4014.0000000000005,,,,,
2006-01-05,13.32,110.0,1465.2,,,,,
2006-01-06,13.37,10.0,133.7,,,,,
2006-01-07,13.37,0.0,0.0,,,,,
2006-01-08,13.37,0.0,0.0,,,,,
2006-01-09,13.37,10.0,133.7,,,,,
2006-01-10,13.37,80.0,1069.6,,,,,
2006-01-11,13.37,10.0,133.7,,,,,
2006-01-12,13.37,30.0,401.09999999999997,,,,,
2006-01-13,13.35,10.0,133.5,,,,,
2006-01-14,13.35,0.0,0.0,,,,,
2006-01-15,13.35,0.0,0.0,,,,,
2006-01-16,13.35,0.0,0.0,,,,,
2006-01-17,13.35,0.0,0.0,,,,,
2006-01-18,13.35,10.0,133.5,,,,,
2006-01-19,13.35,0.0,0.0,,,,,
2006-01-20,13.38,30.0,401.40000000000003,,,,,
2006-01-21,13.38,0.0,0.0,,,,,
2006-01-22,13.38,0.0,0.0,,,,,
2006-01-23,13.38,20.0,267.6,,,,,
2006-01-24,13.38,0.0,0.0,,,,,
2006-01-25,13.38,20.0,267.6,,,,,
2006-01-26,13.38,0.0,0.0,,,,,
2006-01-27,13.42,0.0,0.0,,,,,
2006-01-28,13.42,0.0,0.0,,,,,
2006-01-29,13.42,0.0,0.0,,,,,
2006-01-30,13.4,10.0,134.0,,,,,
2006-01-31,13.4,10.0,134.0,,,,,
2006-02-01,13.42,0.0,0.0,,,,,
2006-02-02,13.4,0.0,0.0,,,,,
2006-02-03,12.32,130.0,1601.6000000000001,,,,,
2006-02-04,12.32,0.0,0.0,,,,,
2006-02-05,12.32,0.0,0.0,,,,,
2006-02-06,12.3,80.0,984.0,,,,,
2006-02-07,12.33,70.0,863.1,,,,,
2006-02-08,12.32,20.0,246.4,,,,,
2006-02-09,12.31,30.0,369.3,,,,,
2006-02-10,12.26,30.0,367.8,,,,,
2006-02-11,12.26,0.0,0.0,,,,,
2006-02-12,12.26,0.0,0.0,,,,,
2006-02-13,12.25,40.0,490.0,,,,,
2006-02-14,12.24,40.0,489.6,,,,,
2006-02-15,12.2,0.0,0.0,,,,,
2006-02-16,12.17,30.0,365.1,,,,,
2006-02-17,12.1,10.0,121.0,,,,,
2006-02-18,12.1,0.0,0.0,,,,,
2006-02-19,12.1,0.0,0.0,,,,,
2006-02-20,12.1,0.0,0.0,,,,,
2006-02-21,12.1,40.0,484.0,,,,,
2006-02-22,12.12,0.0,0.0,,,,,
2006-02-23,12.12,0.0,0.0,,,,,
2006-02-24,12.19,30.0,365.7,,,,,
2006-02-25,12.19,0.0,0.0,,,,,
2006-02-26,12.19,0.0,0.0,,,,,
2006-02-27,12.19,10.0,121.89999999999999,,,,,
2006-02-28,12.19,0.0,0.0,,,,,
2006-03-01,12.2,0.0,0.0,,,,,
2006-03-02,12.2,0.0,0.0,,,,,
2006-03-03,11.13,60.0,667.8000000000001,,,,,
2006-03-04,11.13,0.0,0.0,,,,,
2006-03-05,11.13,0.0,0.0,,,,,
2006-03-06,11.06,130.0,1437.8,,,,,
2006-03-07,11.11,70.0,777.6999999999999,,,,,
2006-03-08,11.17,20.0,223.4,,,,,
2006-03-09,11.13,220.0,2448.6000000000004,,,,,
2006-03-10,11.13,90.0,1001.7,,,,,
2006-03-11,11.13,0.0,0.0,,,,,
2006-03-12,11.13,0.0,0.0,,,,,
2006-03-13,11.13,20.0,222.60000000000002,,,,,
2006-03-14,11.13,20.0,222.60000000000002,,,,,
2006-03-15,11.13,30.0,333.90000000000003,,,,,
2006-03-16,11.13,10.0,111.30000000000001,,,,,
2006-03-17,11.13,50.0,556.5,,,,,
2006-03-18,11.13,0.0,0.0,,,,,
2006-03-19,11.13,0.0,0.0,,,,,
2006-03-20,11.13,10.0,111.30000000000001,,,,,
2006-03-21,11.15,30.0,334.5,,,,,
2006-03-22,11.15,30.0,334.5,,,,,
2006-03-23,11.14,10.0,111.4,,,,,
2006-03-24,11.12,120.0,1334.3999999999999,,,,,
2006-03-25,11.12,0.0,0.0,,,,,
2006-03-26,11.12,0.0,0.0,,,,,
2006-03-27,11.12,30.0,333.59999999999997,,,,,
2006-03-28,11.12,0.0,0.0,,,,,
2006-03-29,11.12,20.0,222.39999999999998,,,,,
2006-03-30,11.12,0.0,0.0,,,,,
2006-03-31,10.96,10.0,109.60000000000001,,,,,
2006-04-01,10.96,0.0,0.0,,,,,
2006-04-02,10.96,0.0,0.0,,,,,
2006-04-03,11.01,60.0,660.6,,,,,
2006-04-04,10.98,140.0,1537.2,,,,,
2006-04-05,10.95,30.0,328.5,,,,,
2006-04-06,10.95,60.0,657.0,,,,,
2006-04-07,10.92,30.0,327.6,,,,,
2006-04-08,10.92,0.0,0.0,,,,,
2006-04-09,10.92,0.0,0.0,,,,,
2006-04-10,10.88,30.0,326.40000000000003,,,,,
2006-04-11,10.88,30.0,326.40000000000003,,,,,
2006-04-12,10.88,30.0,326.40000000000003,,,,,
2006-04-13,10.88,20.0,217.60000000000002,,,,,
2006-04-14,10.88,0.0,0.0,,,,,
2006-04-15,10.88,0.0,0.0,,,,,
2006-04-16,10.88,0.0,0.0,,,,,
2006-04-17,10.88,10.0,108.80000000000001,,,,,
2006-04-18,10.91,30.0,327.3,,,,,
2006-04-19,10.9,20.0,218.0,,,,,
2006-04-20,10.93,70.0,765.1,,,,,
2006-04-21,10.95,80.0,876.0,,,,,
2006-04-22,10.95,0.0,0.0,,,,,
2006-04-23,10.95,0.0,0.0,,,,,
2006-04-24,10.92,10.0,109.2,,,,,
2006-04-25,10.92,0.0,0.0,,,,,
2006-04-26,10.95,10.0,109.5,,,,,
2006-04-27,10.95,60.0,657.0,,,,,
2006-04-28,10.95,20.0,219.0,,,,,
2006-04-29,10.95,0.0,0.0,,,,,
2006-04-30,10.95,0.0,0.0,,,,,
2006-05-01,10.95,0.0,0.0,,,,,
2006-05-02,10.95,0.0,0.0,,,,,
2006-05-03,10.94,0.0,0.0,,,,,
2006-05-04,10.94,0.0,0.0,,,,,
2006-05-05,10.81,230.0,2486.3,,,,,
2006-05-06,10.81,0.0,0.0,,,,,
2006-05-07,10.81,0.0,0.0,,,,,
2006-05-08,10.72,20.0,214.4,,,,,
2006-05-09,10.71,220.0,2356.2000000000003,,,,,
2006-05-10,10.75,120.0,1290.0,,,,,
2006-05-11,10.76,70.0,753.1999999999999,,,,,
2006-05-12,10.8,40.0,432.0,,,,,
2006-05-13,10.8,0.0,0.0,,,,,
2006-05-14,10.8,0.0,0.0,,,,,
2006-05-15,10.77,40.0,430.79999999999995,,,,,
2006-05-16,10.8,0.0,0.0,,,,,
2006-05-17,10.85,10.0,108.5,,,,,
2006-05-18,10.85,100.0,1085.0,,,,,
2006-05-19,10.82,0.0,0.0,,,,,
2006-05-20,10.82,0.0,0.0,,,,,
2006-05-21,10.82,0.0,0.0,,,,,
2006-05-22,10.82,0.0,0.0,,,,,
2006-05-23,10.82,10.0,108.2,,,,,
2006-05-24,10.81,100.0,1081.0,,,,,
2006-05-25,10.82,0.0,0.0,,,,,
2006-05-26,10.82,0.0,0.0,,,,,
2006-05-27,10.82,0.0,0.0,,,,,
2006-05-28,10.82,0.0,0.0,,,,,
2006-05-29,10.82,0.0,0.0,,,,,
2006-05-30,10.82,10.0,108.2,,,,,
2006-05-31,10.82,10.0,108.2,,,,,
2006-06-01,10.82,0.0,0.0,,,,,
2006-06-02,11.34,70.0,793.8,,,,,
2006-06-03,11.34,0.0,0.0,,,,,
2006-06-04,11.34,0.0,0.0,,,,,
2006-06-05,11.34,40.0,453.6,,,,,
2006-06-06,11.25,10.0,112.5,,,,,
2006-06-07,11.21,50.0,560.5,,,,,
2006-06-08,11.22,110.0,1234.2,,,,,
2006-06-09,11.24,30.0,337.2,,,,,
2006-06-10,11.24,0.0,0.0,,,,,
2006-06-11,11.24,0.0,0.0,,,,,
2006-06-12,11.24,10.0,112.4,,,,,
2006-06-13,11.26,90.0,1013.4,,,,,
2006-06-14,11.26,40.0,450.4,,,,,
2006-06-15,11.25,50.0,562.5,,,,,
2006-06-16,11.26,40.0,450.4,,,,,
2006-06-17,11.26,0.0,0.0,,,,,
2006-06-18,11.26,0.0,0.0,,,,,
2006-06-19,11.26,30.0,337.8,,,,,
2006-06-20,11.26,10.0,112.6,,,,,
2006-06-21,11.26,0.0,0.0,,,,,
2006-06-22,11.26,0.0,0.0,,,,,
2006-06-23,11.29,150.0,1693.4999999999998,,,,,
2006-06-24,11.29,0.0,0.0,,,,,
2006-06-25,11.29,0.0,0.0,,,,,
2006-06-26,11.29,0.0,0.0,,,,,
2006-06-27,11.28,60.0,676.8,,,,,
2006-06-28,11.28,0.0,0.0,,,,,
2006-06-29,11.28,0.0,0.0,,,,,
2006-06-30,11.15,100.0,1115.0,,,,,
2006-07-01,11.15,0.0,0.0,,,,,
2006-07-02,11.15,0.0,0.0,,,,,
2006-07-03,11.17,30.0,335.1,,,,,
2006-07-04,11.17,0.0,0.0,,,,,
2006-07-05,11.18,30.0,335.4,,,,,
2006-07-06,11.1,120.0,1332.0,,,,,
2006-07-07,11.05,70.0,773.5,,,,,
2006-07-08,11.05,0.0,0.0,,,,,
2006-07-09,11.05,0.0,0.0,,,,,
2006-07-10,11.0,30.0,330.0,,,,,
2006-07-11,11.0,20.0,220.0,,,,,
2006-07-12,11.01,80.0,880.8,,,,,
2006-07-13,11.01,70.0,770.6999999999999,,,,,
2006-07-14,10.98,160.0,1756.8000000000002,,,,,
2006-07-15,10.98,0.0,0.0,,,,,
2006-07-16,10.98,0.0,0.0,,,,,
2006-07-17,10.99,60.0,659.4,,,,,
2006-07-18,10.95,80.0,876.0,,,,,
2006-07-19,10.96,40.0,438.40000000000003,,,,,
2006-07-20,10.95,90.0,985.4999999999999,,,,,
2006-07-21,10.93,30.0,327.9,,,,,
2006-07-22,10.93,0.0,0.0,,,,,
2006-07-23,10.93,0.0,0.0,,,,,
2006-07-24,10.95,140.0,1533.0,,,,,
2006-07-25,10.94,0.0,0.0,,,,,
2006-07-26,10.95,0.0,0.0,,,,,
2006-07-27,10.95,0.0,0.0,,,,,
2006-07-28,10.95,30.0,328.5,,,,,
2006-07-29,10.95,0.0,0.0,,,,,
2006-07-30,10.95,0.0,0.0,,,,,
2006-07-31,10.96,20.0,219.20000000000002,,,,,
2006-08-01,10.94,0.0,0.0,,,,,
2006-08-02,10.94,0.0,0.0,,,,,
2006-08-03,10.91,0.0,0.0,,,,,
2006-08-04,10.96,60.0,657.6,,,,,
2006-08-05,10.96,0.0,0.0,,,,,
2006-08-06,10.96,0.0,0.0,,,,,
2006-08-07,10.97,100.0,1097.0,,,,,
2006-08-08,10.96,20.0,219.20000000000002,,,,,
2006-08-09,10.95,80.0,876.0,,,,,
2006-08-10,10.94,20.0,218.79999999999998,,,,,
2006-08-11,10.99,100.0,1099.0,,,,,
2006-08-12,10.99,0.0,0.0,,,,,
2006-08-13,10.99,0.0,0.0,,,,,
2006-08-14,11.0,80.0,880.0,,,,,
2006-08-15,11.0,20.0,220.0,,,,,
2006-08-16,11.02,120.0,1322.3999999999999,,,,,
2006-08-17,11.03,100.0,1103.0,,,,,
2006-08-18,11.05,80.0,884.0,,,,,
2006-08-19,11.05,0.0,0.0,,,,,
2006-08-20,11.05,0.0,0.0,,,,,
2006-08-21,11.07,30.0,332.1,,,,,
2006-08-22,10.98,10.0,109.80000000000001,,,,,
2006-08-23,11.05,0.0,0.0,,,,,
2006-08-24,11.06,110.0,1216.6000000000001,,,,,
2006-08-25,11.05,50.0,552.5,,,,,
2006-08-26,11.05,0.0,0.0,,,,,
2006-08-27,11.05,0.0,0.0,,,,,
2006-08-28,11.05,10.0,110.5,,,,,
2006-08-29,11.06,10.0,110.60000000000001,,,,,
2006-08-30,11.06,20.0,221.20000000000002,,,,,
2006-08-31,11.05,10.0,110.5,,,,,
2006-09-01,12.35,60.0,741.0,,,,,
2006-09-02,12.35,0.0,0.0,,,,,
2006-09-03,12.35,0.0,0.0,,,,,
2006-09-04,12.35,0.0,0.0,,,,,
2006-09-05,12.4,70.0,868.0,,,,,
2006-09-06,12.4,50.0,620.0,,,,,
2006-09-07,12.36,100.0,1236.0,,,,,
2006-09-08,12.18,150.0,1827.0,,,,,
2006-09-09,12.18,0.0,0.0,,,,,
2006-09-10,12.18,0.0,0.0,,,,,
2006-09-11,12.2,90.0,1098.0,,,,,
2006-09-12,12.15,140.0,1701.0,,,,,
2006-09-13,12.14,70.0,849.8000000000001,,,,,
2006-09-14,12.18,120.0,1461.6,,,,,
2006-09-15,12.22,80.0,977.6,,,,,
2006-09-16,12.22,0.0,0.0,,,,,
2006-09-17,12.22,0.0,0.0,,,,,
2006-09-18,12.25,80.0,980.0,,,,,
2006-09-19,12.28,240.0,2947.2,,,,,
2006-09-20,12.28,240.0,2947.2,,,,,
2006-09-21,12.28,10.0,122.8,,,,,
2006-09-22,12.25,80.0,980.0,,,,,
2006-09-23,12.25,0.0,0.0,,,,,
2006-09-24,12.25,0.0,0.0,,,,,
2006-09-25,12.26,80.0,980.8,,,,,
2006-09-26,12.26,40.0,490.4,,,,,
2006-09-27,12.25,10.0,122.5,,,,,
2006-09-28,12.25,20.0,245.0,,,,,
2006-09-29,12.6,40.0,504.0,,,,,
2006-09-30,12.6,0.0,0.0,,,,,
2006-10-01,12.6,0.0,0.0,,,,,
2006-10-02,12.4,100.0,1240.0,,,,,
2006-10-03,12.37,50.0,618.5,,,,,
2006-10-04,12.4,170.0,2108.0,,,,,
2006-10-05,12.39,80.0,991.2,,,,,
2006-10-06,12.37,40.0,494.79999999999995,,,,,
2006-10-07,12.37,0.0,0.0,,,,,
2006-10-08,12.37,0.0,0.0,,,,,
2006-10-09,12.29,80.0,983.1999999999999,,,,,
2006-10-10,12.25,120.0,1470.0,,,,,
2006-10-11,12.24,180.0,2203.2,,,,,
2006-10-12,12.3,50.0,615.0,,,,,
2006-10-13,12.3,40.0,492.0,,,,,
2006-10-14,12.3,0.0,0.0,,,,,
2006-10-15,12.3,0.0,0.0,,,,,
2006-10-16,12.35,0.0,0.0,,,,,
2006-10-17,12.35,120.0,1482.0,,,,,
2006-10-18,12.35,40.0,494.0,,,,,
2006-10-19,12.35,10.0,123.5,,,,,
2006-10-20,12.32,20.0,246.4,,,,,
2006-10-21,12.32,0.0,0.0,,,,,
2006-10-22,12.32,0.0,0.0,,,,,
2006-10-23,12.35,90.0,1111.5,,,,,
2006-10-24,12.33,10.0,123.3,,,,,
2006-10-25,12.33,0.0,0.0,,,,,
2006-10-26,12.33,0.0,0.0,,,,,
2006-10-27,12.35,30.0,370.5,,,,,
2006-10-28,12.35,0.0,0.0,,,,,
2006-10-29,12.35,0.0,0.0,,,,,
2006-10-30,12.35,0.0,0.0,,,,,
2006-10-31,12.38,10.0,123.80000000000001,,,,,
2006-11-01,12.38,0.0,0.0,,,,,
2006-11-02,12.38,0.0,0.0,,,,,
2006-11-03,12.72,130.0,1653.6000000000001,,,,,
2006-11-04,12.72,0.0,0.0,,,,,
2006-11-05,12.72,0.0,0.0,,,,,
2006-11-06,12.59,210.0,2643.9,,,,,
2006-11-07,12.68,70.0,887.6,,,,,
2006-11-08,12.72,70.0,890.4000000000001,,,,,
2006-11-09,12.75,150.0,1912.5,,,,,
2006-11-10,12.75,90.0,1147.5,,,,,
2006-11-11,12.75,0.0,0.0,,,,,
2006-11-12,12.75,0.0,0.0,,,,,
2006-11-13,12.8,20.0,256.0,,,,,
2006-11-14,12.75,20.0,255.0,,,,,
2006-11-15,12.79,10.0,127.89999999999999,,,,,
2006-11-16,12.83,40.0,513.2,,,,,
2006-11-17,12.87,50.0,643.5,,,,,
2006-11-18,12.87,0.0,0.0,,,,,
2006-11-19,12.87,0.0,0.0,,,,,
2006-11-20,12.87,0.0,0.0,,,,,
2006-11-21,12.9,20.0,258.0,,,,,
2006-11-22,12.9,0.0,0.0,,,,,
2006-11-23,12.9,0.0,0.0,,,,,
2006-11-24,12.9,0.0,0.0,,,,,
2006-11-25,12.9,0.0,0.0,,,,,
2006-11-26,12.9,0.0,0.0,,,,,
2006-11-27,12.89,110.0,1417.9,,,,,
2006-11-28,12.88,10.0,128.8,,,,,
2006-11-29,12.85,10.0,128.5,,,,,
2006-11-30,12.85,0.0,0.0,,,,,
2006-12-01,13.35,280.0,3738.0,,,,,
2006-12-02,13.35,0.0,0.0,,,,,
2006-12-03,13.35,0.0,0.0,,,,,
2006-12-04,13.35,130.0,1735.5,,,,,
2006-12-05,13.38,80.0,1070.4,,,,,
2006-12-06,13.48,260.0,3504.8,,,,,
2006-12-07,13.44,60.0,806.4,,,,,
2006-12-08,13.42,70.0,939.4,,,,,
2006-12-09,13.42,0.0,0.0,,,,,
2006-12-10,13.42,0.0,0.0,,,,,
2006-12-11,13.4,70.0,938.0,,,,,
2006-12-12,13.42,80.0,1073.6,,,,,
2006-12-13,13.42,50.0,671.0,,,,,
2006-12-14,13.42,20.0,268.4,,,,,
2006-12-15,13.52,130.0,1757.6,,,,,
2006-12-16,13.52,0.0,0.0,,,,,
2006-12-17,13.52,0.0,0.0,,,,,
2006-12-18,13.51,50.0,675.5,,,,,
2006-12-19,13.5,50.0,675.0,,,,,
2006-12-20,13.5,20.0,270.0,,,,,
2006-12-21,13.53,0.0,0.0,,,,,
2006-12-22,13.47,50.0,673.5,,,,,
2006-12-23,13.47,0.0,0.0,,,,,
2006-12-24,13.47,0.0,0.0,,,,,
2006-12-25,13.47,0.0,0.0,,,,,
2006-12-26,13.49,0.0,0.0,,,,,
2006-12-27,13.53,30.0,405.9,,,,,
2006-12-28,13.48,10.0,134.8,,,,,
2006-12-29,13.46,10.0,134.60000000000002,,,,,
2006-12-30,13.46,0.0,0.0,,,,,
2006-12-31,13.46,0.0,0.0,,,,,
2007-01-01,13.46,0.0,0.0,,,,,
2007-01-02,13.46,0.0,0.0,,,,,
2007-01-03,13.46,0.0,0.0,,,,,
2007-01-04,13.49,10.0,134.9,,,,,
2007-01-05,13.33,110.0,1466.3,,,,,
2007-01-06,13.33,0.0,0.0,,,,,
2007-01-07,13.33,0.0,0.0,,,,,
2007-01-08,13.44,80.0,1075.2,,,,,
2007-01-09,13.4,40.0,536.0,,,,,
2007-01-10,13.37,120.0,1604.3999999999999,,,,,
2007-01-11,13.36,120.0,1603.1999999999998,,,,,
2007-01-12,13.4,30.0,402.0,,,,,
2007-01-13,13.4,0.0,0.0,,,,,
2007-01-14,13.4,0.0,0.0,,,,,
2007-01-15,13.4,0.0,0.0,,,,,
2007-01-16,13.38,10.0,133.8,,,,,
2007-01-17,13.38,0.0,0.0,,,,,
2007-01-18,13.36,0.0,0.0,,,,,
2007-01-19,13.49,320.0,4316.8,,,,,
2007-01-20,13.49,0.0,0.0,,,,,
2007-01-21,13.49,0.0,0.0,,,,,
2007-01-22,13.5,0.0,0.0,,,,,
2007-01-23,13.54,110.0,1489.3999999999999,,,,,
2007-01-24,13.54,10.0,135.39999999999998,,,,,
2007-01-25,13.54,30.0,406.2,,,,,
2007-01-26,13.56,70.0,949.2,,,,,
2007-01-27,13.56,0.0,0.0,,,,,
2007-01-28,13.56,0.0,0.0,,,,,
2007-01-29,13.56,10.0,135.6,,,,,
2007-01-30,13.54,0.0,0.0,,,,,
2007-01-31,13.56,0.0,0.0,,,,,
2007-02-01,13.57,0.0,0.0,,,,,
2007-02-02,14.14,120.0,1696.8000000000002,,,,,
2007-02-03,14.14,0.0,0.0,,,,,
2007-02-04,14.14,0.0,0.0,,,,,
2007-02-05,14.13,30.0,423.90000000000003,,,,,
2007-02-06,14.22,100.0,1422.0,,,,,
2007-02-07,14.2,10.0,142.0,,,,,
2007-02-08,14.3,60.0,858.0,,,,,
2007-02-09,14.24,10.0,142.4,,,,,
2007-02-10,14.24,0.0,0.0,,,,,
2007-02-11,14.24,0.0,0.0,,,,,
2007-02-12,14.23,10.0,142.3,,,,,
2007-02-13,14.2,20.0,284.0,,,,,
2007-02-14,14.2,60.0,852.0,,,,,
2007-02-15,14.2,50.0,710.0,,,,,
2007-02-16,14.3,40.0,572.0,,,,,
2007-02-17,14.3,0.0,0.0,,,,,
2007-02-18,14.3,0.0,0.0,,,,,
2007-02-19,14.3,0.0,0.0,,,,,
2007-02-20,14.35,50.0,717.5,,,,,
2007-02-21,14.38,20.0,287.6,,,,,
2007-02-22,14.39,0.0,0.0,,,,,
2007-02-23,14.17,60.0,850.2,,,,,
2007-02-24,14.17,0.0,0.0,,,,,
2007-02-25,14.17,0.0,0.0,,,,,
2007-02-26,14.16,30.0,424.8,,,,,
2007-02-27,14.14,10.0,141.4,,,,,
2007-02-28,14.14,10.0,141.4,,,,,
2007-03-01,14.14,0.0,0.0,,,,,
2007-03-02,14.54,30.0,436.2,,,,,
2007-03-03,14.54,0.0,0.0,,,,,
2007-03-04,14.54,0.0,0.0,,,,,
2007-03-05,14.64,70.0,1024.8,,,,,
2007-03-06,14.82,90.0,1333.8,,,,,
2007-03-07,14.8,20.0,296.0,,,,,
2007-03-08,15.02,50.0,751.0,,,,,
2007-03-09,14.87,50.0,743.5,,,,,
2007-03-10,14.87,0.0,0.0,,,,,
2007-03-11,14.87,0.0,0.0,,,,,
2007-03-12,14.82,40.0,592.8,,,,,
2007-03-13,14.87,50.0,743.5,,,,,
2007-03-14,14.89,30.0,446.70000000000005,,,,,
2007-03-15,14.95,60.0,897.0,,,,,
2007-03-16,14.93,20.0,298.6,,,,,
2007-03-17,14.93,0.0,0.0,,,,,
2007-03-18,14.93,0.0,0.0,,,,,
2007-03-19,14.91,20.0,298.2,,,,,
2007-03-20,14.87,160.0,2379.2,,,,,
2007-03-21,14.88,60.0,892.8000000000001,,,,,
2007-03-22,14.89,20.0,297.8,,,,,
2007-03-23,14.95,60.0,897.0,,,,,
2007-03-24,14.95,0.0,0.0,,,,,
2007-03-25,14.95,0.0,0.0,,,,,
2007-03-26,14.91,40.0,596.4,,,,,
2007-03-27,14.9,20.0,298.0,,,,,
2007-03-28,14.94,30.0,448.2,,,,,
2007-03-29,14.96,20.0,299.20000000000005,,,,,
2007-03-30,15.77,60.0,946.1999999999999,,,,,
2007-03-31,15.77,0.0,0.0,,,,,
2007-04-01,15.77,0.0,0.0,,,,,
2007-04-02,15.7,160.0,2512.0,,,,,
2007-04-03,15.72,50.0,786.0,,,,,
2007-04-04,15.75,10.0,157.5,,,,,
2007-04-05,15.87,40.0,634.8,,,,,
2007-04-06,15.87,0.0,0.0,,,,,
2007-04-07,15.87,0.0,0.0,,,,,
2007-04-08,15.87,0.0,0.0,,,,,
2007-04-09,15.97,40.0,638.8000000000001,,,,,
2007-04-10,15.98,20.0,319.6,,,,,
2007-04-11,15.98,30.0,479.40000000000003,,,,,
2007-04-12,15.98,60.0,958.8000000000001,,,,,
2007-04-13,16.05,20.0,321.0,,,,,
2007-04-14,16.05,0.0,0.0,,,,,
2007-04-15,16.05,0.0,0.0,,,,,
2007-04-16,16.01,0.0,0.0,,,,,
2007-04-17,16.05,30.0,481.5,,,,,
2007-04-18,16.02,20.0,320.4,,,,,
2007-04-19,16.1,10.0,161.0,,,,,
2007-04-20,16.1,0.0,0.0,,,,,
2007-04-21,16.1,0.0,0.0,,,,,
2007-04-22,16.1,0.0,0.0,,,,,
2007-04-23,16.1,10.0,161.0,,,,,
2007-04-24,16.05,10.0,160.5,,,,,
2007-04-25,16.05,30.0,481.5,,,,,
2007-04-26,16.05,20.0,321.0,,,,,
2007-04-27,16.1,270.0,4347.0,,,,,
2007-04-28,16.1,0.0,0.0,,,,,
2007-04-29,16.1,0.0,0.0,,,,,
2007-04-30,16.1,30.0,483.00000000000006,,,,,
2007-05-01,16.11,0.0,0.0,,,,,
2007-05-02,16.11,0.0,0.0,,,,,
2007-05-03,16.15,0.0,0.0,,,,,
2007-05-04,17.45,60.0,1047.0,,,,,
2007-05-05,17.45,0.0,0.0,,,,,
2007-05-06,17.45,0.0,0.0,,,,,
2007-05-07,17.15,40.0,686.0,,,,,
2007-05-08,17.3,120.0,2076.0,,,,,
2007-05-09,17.32,100.0,1732.0,,,,,
2007-05-10,17.5,90.0,1575.0,,,,,
2007-05-11,17.45,20.0,349.0,,,,,
2007-05-12,17.45,0.0,0.0,,,,,
2007-05-13,17.45,0.0,0.0,,,,,
2007-05-14,17.5,10.0,175.0,,,,,
2007-05-15,17.4,30.0,522.0,,,,,
2007-05-16,17.35,40.0,694.0,,,,,
2007-05-17,17.5,90.0,1575.0,,,,,
2007-05-18,17.5,10.0,175.0,,,,,
2007-05-19,17.5,0.0,0.0,,,,,
2007-05-20,17.5,0.0,0.0,,,,,
2007-05-21,17.5,0.0,0.0,,,,,
2007-05-22,17.5,0.0,0.0,,,,,
2007-05-23,17.58,170.0,2988.6,,,,,
2007-05-24,17.55,30.0,526.5,,,,,
2007-05-25,17.56,60.0,1053.6,,,,,
2007-05-26,17.56,0.0,0.0,,,,,
2007-05-27,17.56,0.0,0.0,,,,,
2007-05-28,17.56,0.0,0.0,,,,,
2007-05-29,17.56,0.0,0.0,,,,,
2007-05-30,17.58,10.0,175.79999999999998,,,,,
2007-05-31,17.58,20.0,351.59999999999997,,,,,
2007-06-01,20.16,200.0,4032.0,,,,,
2007-06-02,20.16,0.0,0.0,,,,,
2007-06-03,20.16,0.0,0.0,,,,,
2007-06-04,20.25,140.0,2835.0,,,,,
2007-06-05,20.2,270.0,5454.0,,,,,
2007-06-06,20.15,110.0,2216.5,,,,,
2007-06-07,20.14,210.0,4229.400000000001,,,,,
2007-06-08,20.03,420.0,8412.6,,,,,
2007-06-09,20.03,0.0,0.0,,,,,
2007-06-10,20.03,0.0,0.0,,,,,
2007-06-11,20.1,280.0,5628.0,,,,,
2007-06-12,20.1,70.0,1407.0,,,,,
2007-06-13,20.12,140.0,2816.8,,,,,
2007-06-14,20.1,80.0,1608.0,,,,,
2007-06-15,20.06,80.0,1604.8,,,,,
2007-06-16,20.06,0.0,0.0,,,,,
2007-06-17,20.06,0.0,0.0,,,,,
2007-06-18,20.05,20.0,401.0,,,,,
2007-06-19,20.05,110.0,2205.5,,,,,
2007-06-20,20.02,10.0,200.2,,,,,
2007-06-21,20.05,50.0,1002.5,,,,,
2007-06-22,20.15,50.0,1007.4999999999999,,,,,
2007-06-23,20.15,0.0,0.0,,,,,
2007-06-24,20.15,0.0,0.0,,,,,
2007-06-25,20.15,0.0,0.0,,,,,
2007-06-26,20.15,20.0,403.0,,,,,
2007-06-27,20.15,10.0,201.5,,,,,
2007-06-28,20.15,30.0,604.5,,,,,
2007-06-29,20.1,470.0,9447.0,,,,,
2007-06-30,20.1,0.0,0.0,,,,,
2007-07-01,20.1,0.0,0.0,,,,,
2007-07-02,20.85,170.0,3544.5000000000005,,,,,
2007-07-03,21.19,180.0,3814.2000000000003,,,,,
2007-07-04,21.19,0.0,0.0,,,,,
2007-07-05,21.15,90.0,1903.4999999999998,,,,,
2007-07-06,20.95,130.0,2723.5,,,,,
2007-07-07,20.95,0.0,0.0,,,,,
2007-07-08,20.95,0.0,0.0,,,,,
2007-07-09,21.29,40.0,851.5999999999999,,,,,
2007-07-10,21.23,30.0,636.9,,,,,
2007-07-11,21.07,50.0,1053.5,,,,,
2007-07-12,21.04,80.0,1683.1999999999998,,,,,
2007-07-13,21.17,90.0,1905.3000000000002,,,,,
2007-07-14,21.17,0.0,0.0,,,,,
2007-07-15,21.17,0.0,0.0,,,,,
2007-07-16,21.25,40.0,850.0,,,,,
2007-07-17,21.25,30.0,637.5,,,,,
2007-07-18,21.2,150.0,3180.0,,,,,
2007-07-19,21.2,180.0,3816.0,,,,,
2007-07-20,21.29,30.0,638.6999999999999,,,,,
2007-07-21,21.29,0.0,0.0,,,,,
2007-07-22,21.29,0.0,0.0,,,,,
2007-07-23,21.29,10.0,212.89999999999998,,,,,
2007-07-24,21.29,150.0,3193.5,,,,,
2007-07-25,21.3,0.0,0.0,,,,,
2007-07-26,21.29,0.0,0.0,,,,,
2007-07-27,21.43,0.0,0.0,,,,,
2007-07-28,21.43,0.0,0.0,,,,,
2007-07-29,21.43,0.0,0.0,,,,,
2007-07-30,21.4,10.0,214.0,,,,,
2007-07-31,21.4,10.0,214.0,,,,,
2007-08-01,21.4,10.0,214.0,,,,,
2007-08-02,21.4,0.0,0.0,,,,,
2007-08-03,19.99,20.0,399.79999999999995,,,,,
2007-08-04,19.99,0.0,0.0,,,,,
2007-08-05,19.99,0.0,0.0,,,,,
2007-08-06,19.89,40.0,795.6,,,,,
2007-08-07,19.89,160.0,3182.4,,,,,
2007-08-08,19.89,20.0,397.8,,,,,
2007-08-09,19.82,60.0,1189.2,,,,,
2007-08-10,19.83,30.0,594.9,,,,,
2007-08-11,19.83,0.0,0.0,,,,,
2007-08-12,19.83,0.0,0.0,,,,,
2007-08-13,19.76,30.0,592.8000000000001,,,,,
2007-08-14,19.78,50.0,989.0,,,,,
2007-08-15,19.78,40.0,791.2,,,,,
2007-08-16,19.72,10.0,197.2,,,,,
2007-08-17,19.82,20.0,396.4,,,,,
2007-08-18,19.82,0.0,0.0,,,,,
2007-08-19,19.82,0.0,0.0,,,,,
2007-08-20,19.79,50.0,989.5,,,,,
2007-08-21,19.85,40.0,794.0,,,,,
2007-08-22,19.91,40.0,796.4,,,,,
2007-08-23,19.83,30.0,594.9,,,,,
2007-08-24,19.83,200.0,3965.9999999999995,,,,,
2007-08-25,19.83,0.0,0.0,,,,,
2007-08-26,19.83,0.0,0.0,,,,,
2007-08-27,19.83,0.0,0.0,,,,,
2007-08-28,19.83,60.0,1189.8,,,,,
2007-08-29,19.85,10.0,198.5,,,,,
2007-08-30,19.87,40.0,794.8000000000001,,,,,
2007-08-31,20.22,130.0,2628.6,,,,,
2007-09-01,20.22,0.0,0.0,,,,,
2007-09-02,20.22,0.0,0.0,,,,,
2007-09-03,20.22,0.0,0.0,,,,,
2007-09-04,20.4,170.0,3467.9999999999995,,,,,
2007-09-05,20.4,100.0,2039.9999999999998,,,,,
2007-09-06,20.28,190.0,3853.2000000000003,,,,,
2007-09-07,20.29,140.0,2840.6,,,,,
2007-09-08,20.29,0.0,0.0,,,,,
2007-09-09,20.29,0.0,0.0,,,,,
2007-09-10,20.23,70.0,1416.1000000000001,,,,,
2007-09-11,20.38,300.0,6114.0,,,,,
2007-09-12,20.36,280.0,5700.8,,,,,
2007-09-13,20.16,220.0,4435.2,,,,,
2007-09-14,20.1,100.0,2010.0000000000002,,,,,
2007-09-15,20.1,0.0,0.0,,,,,
2007-09-16,20.1,0.0,0.0,,,,,
2007-09-17,20.1,50.0,1005.0000000000001,,,,,
2007-09-18,20.15,70.0,1410.5,,,,,
2007-09-19,20.17,180.0,3630.6000000000004,,,,,
2007-09-20,20.17,60.0,1210.2,,,,,
2007-09-21,20.17,350.0,7059.500000000001,,,,,
2007-09-22,20.17,0.0,0.0,,,,,
2007-09-23,20.17,0.0,0.0,,,,,
2007-09-24,20.16,30.0,604.8,,,,,
2007-09-25,20.17,10.0,201.70000000000002,,,,,
2007-09-26,20.15,40.0,806.0,,,,,
2007-09-27,20.14,50.0,1007.0,,,,,
2007-09-28,20.11,70.0,1407.7,,,,,
2007-09-29,20.11,0.0,0.0,,,,,
2007-09-30,20.11,0.0,0.0,,,,,
2007-10-01,20.15,20.0,403.0,,,,,
2007-10-02,20.13,20.0,402.59999999999997,,,,,
2007-10-03,20.12,40.0,804.8000000000001,,,,,
2007-10-04,20.14,30.0,604.2,,,,,
2007-10-05,18.3,110.0,2013.0,,,,,
2007-10-06,18.3,0.0,0.0,,,,,
2007-10-07,18.3,0.0,0.0,,,,,
2007-10-08,18.12,130.0,2355.6,,,,,
2007-10-09,18.32,190.0,3480.8,,,,,
2007-10-10,18.34,30.0,550.2,,,,,
2007-10-11,18.3,60.0,1098.0,,,,,
2007-10-12,18.47,150.0,2770.5,,,,,
2007-10-13,18.47,0.0,0.0,,,,,
2007-10-14,18.47,0.0,0.0,,,,,
2007-10-15,18.47,120.0,2216.3999999999996,,,,,
2007-10-16,18.5,80.0,1480.0,,,,,
2007-10-17,18.5,50.0,925.0,,,,,
2007-10-18,18.52,30.0,555.6,,,,,
2007-10-19,18.53,10.0,185.3,,,,,
2007-10-20,18.53,0.0,0.0,,,,,
2007-10-21,18.53,0.0,0.0,,,,,
2007-10-22,18.52,40.0,740.8,,,,,
2007-10-23,18.54,30.0,556.1999999999999,,,,,
2007-10-24,18.54,320.0,5932.799999999999,,,,,
2007-10-25,18.57,60.0,1114.2,,,,,
2007-10-26,18.62,50.0,931.0,,,,,
2007-10-27,18.62,0.0,0.0,,,,,
2007-10-28,18.62,0.0,0.0,,,,,
2007-10-29,18.62,10.0,186.20000000000002,,,,,
2007-10-30,18.63,70.0,1304.1,,,,,
2007-10-31,18.63,10.0,186.29999999999998,,,,,
2007-11-01,18.63,30.0,558.9,,,,,
2007-11-02,18.77,150.0,2815.5,,,,,
2007-11-03,18.77,0.0,0.0,,,,,
2007-11-04,18.77,0.0,0.0,,,,,
2007-11-05,18.72,70.0,1310.3999999999999,,,,,
2007-11-06,18.93,130.0,2460.9,,,,,
2007-11-07,19.15,120.0,2298.0,,,,,
2007-11-08,19.13,70.0,1339.1,,,,,
2007-11-09,19.2,90.0,1728.0,,,,,
2007-11-10,19.2,0.0,0.0,,,,,
2007-11-11,19.2,0.0,0.0,,,,,
2007-11-12,19.2,110.0,2112.0,,,,,
2007-11-13,19.18,100.0,1918.0,,,,,
2007-11-14,19.18,10.0,191.8,,,,,
2007-11-15,19.2,30.0,576.0,,,,,
2007-11-16,19.2,40.0,768.0,,,,,
2007-11-17,19.2,0.0,0.0,,,,,
2007-11-18,19.2,0.0,0.0,,,,,
2007-11-19,19.21,10.0,192.10000000000002,,,,,
2007-11-20,19.2,40.0,768.0,,,,,
2007-11-21,19.25,40.0,770.0,,,,,
2007-11-22,19.25,0.0,0.0,,,,,
2007-11-23,19.25,0.0,0.0,,,,,
2007-11-24,19.25,0.0,0.0,,,,,
2007-11-25,19.25,0.0,0.0,,,,,
2007-11-26,19.25,340.0,6545.0,,,,,
2007-11-27,19.25,10.0,192.5,,,,,
2007-11-28,19.24,0.0,0.0,,,,,
2007-11-29,19.24,20.0,384.79999999999995,,,,,
2007-11-30,19.85,420.0,8337.0,,,,,
2007-12-01,19.85,0.0,0.0,,,,,
2007-12-02,19.85,0.0,0.0,,,,,
2007-12-03,20.24,360.0,7286.4,,,,,
2007-12-04,20.18,280.0,5650.4,,,,,
2007-12-05,20.3,360.0,7308.0,,,,,
2007-12-06,20.3,170.0,3451.0,,,,,
2007-12-07,20.4,250.0,5100.0,,,,,
2007-12-08,20.4,0.0,0.0,,,,,
2007-12-09,20.4,0.0,0.0,,,,,
2007-12-10,20.46,200.0,4092.0,,,,,
2007-12-11,20.4,100.0,2039.9999999999998,,,,,
2007-12-12,20.33,100.0,2032.9999999999998,,,,,
2007-12-13,20.38,150.0,3057.0,,,,,
2007-12-14,20.38,130.0,2649.4,,,,,
2007-12-15,20.38,0.0,0.0,,,,,
2007-12-16,20.38,0.0,0.0,,,,,
2007-12-17,20.3,110.0,2233.0,,,,,
2007-12-18,20.28,340.0,6895.200000000001,,,,,
2007-12-19,20.34,60.0,1220.4,,,,,
2007-12-20,20.33,30.0,609.9,,,,,
2007-12-21,20.49,90.0,1844.1,,,,,
2007-12-22,20.49,0.0,0.0,,,,,
2007-12-23,20.49,0.0,0.0,,,,,
2007-12-24,20.49,0.0,0.0,,,,,
2007-12-25,20.49,0.0,0.0,,,,,
2007-12-26,20.54,290.0,5956.599999999999,,,,,
2007-12-27,20.53,10.0,205.3,,,,,
2007-12-28,20.49,80.0,1639.1999999999998,,,,,
2007-12-29,20.49,0.0,0.0,,,,,
2007-12-30,20.49,0.0,0.0,,,,,
2007-12-31,20.49,0.0,0.0,,,,,
2008-01-01,20.49,0.0,0.0,,,,,
2008-01-02,20.5,110.0,2255.0,,,,,
2008-01-03,20.48,50.0,1024.0,,,,,
2008-01-04,19.95,420.0,8379.0,,,,,
2008-01-05,19.95,0.0,0.0,,,,,
2008-01-06,19.95,0.0,0.0,,,,,
2008-01-07,19.28,410.0,7904.8,,,,,
2008-01-08,19.7,260.0,5122.0,,,,,
2008-01-09,19.48,290.0,5649.2,,,,,
2008-01-10,19.4,190.0,3685.9999999999995,,,,,
2008-01-11,19.3,700.0,13510.0,,,,,
2008-01-12,19.3,0.0,0.0,,,,,
2008-01-13,19.3,0.0,0.0,,,,,
2008-01-14,19.36,120.0,2323.2,,,,,
2008-01-15,19.35,150.0,2902.5,,,,,
2008-01-16,19.29,280.0,5401.2,,,,,
2008-01-17,19.3,140.0,2702.0,,,,,
2008-01-18,19.28,70.0,1349.6000000000001,,,,,
2008-01-19,19.28,0.0,0.0,,,,,
2008-01-20,19.28,0.0,0.0,,,,,
2008-01-21,19.28,0.0,0.0,,,,,
2008-01-22,19.32,110.0,2125.2,,,,,
2008-01-23,19.27,110.0,2119.7,,,,,
2008-01-24,19.26,330.0,6355.8,,,,,
2008-01-25,19.35,150.0,2902.5,,,,,
2008-01-26,19.35,0.0,0.0,,,,,
2008-01-27,19.35,0.0,0.0,,,,,
2008-01-28,19.38,20.0,387.59999999999997,,,,,
2008-01-29,19.35,30.0,580.5,,,,,
2008-01-30,19.35,10.0,193.5,,,,,
2008-01-31,19.35,30.0,580.5,,,,,
2008-02-01,17.04,260.0,4430.4,,,,,
2008-02-02,17.04,0.0,0.0,,,,,
2008-02-03,17.04,0.0,0.0,,,,,
2008-02-04,17.05,120.0,2046.0,,,,,
2008-02-05,17.03,50.0,851.5,,,,,
2008-02-06,17.25,120.0,2070.0,,,,,
2008-02-07,17.28,140.0,2419.2000000000003,,,,,
2008-02-08,17.27,70.0,1208.8999999999999,,,,,
2008-02-09,17.27,0.0,0.0,,,,,
2008-02-10,17.27,0.0,0.0,,,,,
2008-02-11,17.27,40.0,690.8,,,,,
2008-02-12,17.23,110.0,1895.3,,,,,
2008-02-13,17.25,230.0,3967.5,,,,,
2008-02-14,17.28,70.0,1209.6000000000001,,,,,
2008-02-15,17.17,170.0,2918.9,,,,,
2008-02-16,17.17,0.0,0.0,,,,,
2008-02-17,17.17,0.0,0.0,,,,,
2008-02-18,17.17,0.0,0.0,,,,,
2008-02-19,17.16,50.0,858.0,,,,,
2008-02-20,17.17,60.0,1030.2,,,,,
2008-02-21,17.17,100.0,1717.0000000000002,,,,,
2008-02-22,17.03,460.0,7833.8,,,,,
2008-02-23,17.03,0.0,0.0,,,,,
2008-02-24,17.03,0.0,0.0,,,,,
2008-02-25,17.03,20.0,340.6,,,,,
2008-02-26,17.03,30.0,510.90000000000003,,,,,
2008-02-27,17.03,10.0,170.3,,,,,
2008-02-28,17.03,10.0,170.3,,,,,
2008-02-29,18.19,180.0,3274.2000000000003,,,,,
2008-03-01,18.19,0.0,0.0,,,,,
2008-03-02,18.19,0.0,0.0,,,,,
2008-03-03,18.17,150.0,2725.5000000000005,,,,,
2008-03-04,18.03,120.0,2163.6000000000004,,,,,
2008-03-05,18.05,110.0,1985.5,,,,,
2008-03-06,18.21,700.0,12747.0,,,,,
2008-03-07,18.07,480.0,8673.6,,,,,
2008-03-08,18.07,0.0,0.0,,,,,
2008-03-09,18.07,0.0,0.0,,,,,
2008-03-10,18.06,280.0,5056.799999999999,,,,,
2008-03-11,17.99,390.0,7016.099999999999,,,,,
2008-03-12,17.97,190.0,3414.2999999999997,,,,,
2008-03-13,17.98,90.0,1618.2,,,,,
2008-03-14,18.03,170.0,3065.1000000000004,,,,,
2008-03-15,18.03,0.0,0.0,,,,,
2008-03-16,18.03,0.0,0.0,,,,,
2008-03-17,18.0,140.0,2520.0,,,,,
2008-03-18,17.98,70.0,1258.6000000000001,,,,,
2008-03-19,17.98,110.0,1977.8,,,,,
2008-03-20,17.99,100.0,1798.9999999999998,,,,,
2008-03-21,17.99,0.0,0.0,,,,,
2008-03-22,17.99,0.0,0.0,,,,,
2008-03-23,17.99,0.0,0.0,,,,,
2008-03-24,17.99,280.0,5037.2,,,,,
2008-03-25,18.0,10.0,180.0,,,,,
2008-03-26,17.98,0.0,0.0,,,,,
2008-03-27,18.01,50.0,900.5000000000001,,,,,
2008-03-28,18.0,80.0,1440.0,,,,,
2008-03-29,18.0,0.0,0.0,,,,,
2008-03-30,18.0,0.0,0.0,,,,,
2008-03-31,18.02,10.0,180.2,,,,,
2008-04-01,18.02,0.0,0.0,,,,,
2008-04-02,18.02,0.0,0.0,,,,,
2008-04-03,18.02,10.0,180.2,,,,,
2008-04-04,16.72,150.0,2508.0,,,,,
2008-04-05,16.72,0.0,0.0,,,,,
2008-04-06,16.72,0.0,0.0,,,,,
2008-04-07,16.64,60.0,998.4000000000001,,,,,
2008-04-08,16.66,100.0,1666.0,,,,,
2008-04-09,16.75,80.0,1340.0,,,,,
2008-04-10,16.73,220.0,3680.6,,,,,
2008-04-11,16.7,30.0,501.0,,,,,
2008-04-12,16.7,0.0,0.0,,,,,
2008-04-13,16.7,0.0,0.0,,,,,
2008-04-14,16.7,0.0,0.0,,,,,
2008-04-15,16.73,10.0,167.3,,,,,
2008-04-16,16.84,10.0,168.4,,,,,
2008-04-17,16.78,10.0,167.8,,,,,
2008-04-18,16.74,10.0,167.39999999999998,,,,,
2008-04-19,16.74,0.0,0.0,,,,,
2008-04-20,16.74,0.0,0.0,,,,,
2008-04-21,16.72,30.0,501.59999999999997,,,,,
2008-04-22,16.72,0.0,0.0,,,,,
2008-04-23,16.71,0.0,0.0,,,,,
2008-04-24,16.69,20.0,333.8,,,,,
2008-04-25,16.7,30.0,501.0,,,,,
2008-04-26,16.7,0.0,0.0,,,,,
2008-04-27,16.7,0.0,0.0,,,,,
2008-04-28,16.72,10.0,167.2,,,,,
2008-04-29,16.72,10.0,167.2,,,,,
2008-04-30,16.72,20.0,334.4,,,,,
2008-05-01,16.7,30.0,501.0,,,,,
2008-05-02,17.9,170.0,3042.9999999999995,,,,,
2008-05-03,17.9,0.0,0.0,,,,,
2008-05-04,17.9,0.0,0.0,,,,,
2008-05-05,18.01,120.0,2161.2000000000003,,,,,
2008-05-06,18.16,80.0,1452.8,,,,,
2008-05-07,18.13,20.0,362.59999999999997,,,,,
2008-05-08,18.04,80.0,1443.1999999999998,,,,,
2008-05-09,17.97,230.0,4133.099999999999,,,,,
2008-05-10,17.97,0.0,0.0,,,,,
2008-05-11,17.97,0.0,0.0,,,,,
2008-05-12,18.02,130.0,2342.6,,,,,
2008-05-13,18.05,170.0,3068.5,,,,,
2008-05-14,18.1,90.0,1629.0000000000002,,,,,
2008-05-15,18.08,20.0,361.59999999999997,,,,,
2008-05-16,18.09,160.0,2894.4,,,,,
2008-05-17,18.09,0.0,0.0,,,,,
2008-05-18,18.09,0.0,0.0,,,,,
2008-05-19,18.11,90.0,1629.8999999999999,,,,,
2008-05-20,18.12,170.0,3080.4,,,,,
2008-05-21,18.12,10.0,181.20000000000002,,,,,
2008-05-22,18.14,50.0,907.0,,,,,
2008-05-23,18.19,150.0,2728.5,,,,,
2008-05-24,18.19,0.0,0.0,,,,,
2008-05-25,18.19,0.0,0.0,,,,,
2008-05-26,18.19,0.0,0.0,,,,,
2008-05-27,18.19,10.0,181.9,,,,,
2008-05-28,18.18,110.0,1999.8,,,,,
2008-05-29,18.18,20.0,363.6,,,,,
2008-05-30,20.15,360.0,7253.999999999999,,,,,
2008-05-31,20.15,0.0,0.0,,,,,
2008-06-01,20.15,0.0,0.0,,,,,
2008-06-02,20.05,130.0,2606.5,,,,,
2008-06-03,20.11,80.0,1608.8,,,,,
2008-06-04,20.15,70.0,1410.5,,,,,
2008-06-05,20.25,60.0,1215.0,,,,,
2008-06-06,20.15,40.0,806.0,,,,,
2008-06-07,20.15,0.0,0.0,,,,,
2008-06-08,20.15,0.0,0.0,,,,,
2008-06-09,20.09,70.0,1406.3,,,,,
2008-06-10,20.1,40.0,804.0,,,,,
2008-06-11,20.05,140.0,2807.0,,,,,
2008-06-12,20.1,80.0,1608.0,,,,,
2008-06-13,20.2,190.0,3838.0,,,,,
2008-06-14,20.2,0.0,0.0,,,,,
2008-06-15,20.2,0.0,0.0,,,,,
2008-06-16,20.17,10.0,201.70000000000002,,,,,
2008-06-17,20.2,10.0,202.0,,,,,
2008-06-18,20.18,30.0,605.4,,,,,
2008-06-19,20.18,0.0,0.0,,,,,
2008-06-20,20.2,50.0,1010.0,,,,,
2008-06-21,20.2,0.0,0.0,,,,,
2008-06-22,20.2,0.0,0.0,,,,,
2008-06-23,20.2,180.0,3636.0,,,,,
2008-06-24,20.2,10.0,202.0,,,,,
2008-06-25,20.2,40.0,808.0,,,,,
2008-06-26,20.2,0.0,0.0,,,,,
2008-06-27,20.27,10.0,202.7,,,,,
2008-06-28,20.27,0.0,0.0,,,,,
2008-06-29,20.27,0.0,0.0,,,,,
2008-06-30,20.29,10.0,202.89999999999998,,,,,
2008-07-01,20.29,0.0,0.0,,,,,
2008-07-02,20.29,10.0,202.89999999999998,,,,,
2008-07-03,18.31,40.0,732.4,,,,,
2008-07-04,18.31,0.0,0.0,,,,,
2008-07-05,18.31,0.0,0.0,,,,,
2008-07-06,18.31,0.0,0.0,,,,,
2008-07-07,18.06,100.0,1805.9999999999998,,,,,
2008-07-08,18.06,60.0,1083.6,,,,,
2008-07-09,18.07,110.0,1987.7,,,,,
2008-07-10,18.02,40.0,720.8,,,,,
2008-07-11,18.15,30.0,544.5,,,,,
2008-07-12,18.15,0.0,0.0,,,,,
2008-07-13,18.15,0.0,0.0,,,,,
2008-07-14,18.11,0.0,0.0,,,,,
2008-07-15,18.12,0.0,0.0,,,,,
2008-07-16,18.2,30.0,546.0,,,,,
2008-07-17,18.2,30.0,546.0,,,,,
2008-07-18,18.2,230.0,4186.0,,,,,
2008-07-19,18.2,0.0,0.0,,,,,
2008-07-20,18.2,0.0,0.0,,,,,
2008-07-21,18.15,20.0,363.0,,,,,
2008-07-22,18.19,160.0,2910.4,,,,,
2008-07-23,18.18,10.0,181.8,,,,,
2008-07-24,18.19,390.0,7094.1,,,,,
2008-07-25,18.22,70.0,1275.3999999999999,,,,,
2008-07-26,18.22,0.0,0.0,,,,,
2008-07-27,18.22,0.0,0.0,,,,,
2008-07-28,18.22,0.0,0.0,,,,,
2008-07-29,18.23,10.0,182.3,,,,,
2008-07-30,18.19,10.0,181.9,,,,,
2008-07-31,18.18,30.0,545.4,,,,,
2008-08-01,18.0,0.0,0.0,,,,,
2008-08-02,18.0,0.0,0.0,,,,,
2008-08-03,18.0,0.0,0.0,,,,,
2008-08-04,17.85,40.0,714.0,,,,,
2008-08-05,17.72,120.0,2126.3999999999996,,,,,
2008-08-06,17.56,190.0,3336.3999999999996,,,,,
2008-08-07,17.6,330.0,5808.000000000001,,,,,
2008-08-08,17.55,150.0,2632.5,,,,,
2008-08-09,17.55,0.0,0.0,,,,,
2008-08-10,17.55,0.0,0.0,,,,,
2008-08-11,17.58,80.0,1406.3999999999999,,,,,
2008-08-12,17.51,180.0,3151.8,,,,,
2008-08-13,17.4,200.0,3479.9999999999995,,,,,
2008-08-14,17.35,200.0,3470.0000000000005,,,,,
2008-08-15,17.12,160.0,2739.2000000000003,,,,,
2008-08-16,17.12,0.0,0.0,,,,,
2008-08-17,17.12,0.0,0.0,,,,,
2008-08-18,17.18,40.0,687.2,,,,,
2008-08-19,17.15,140.0,2401.0,,,,,
2008-08-20,17.2,200.0,3440.0,,,,,
2008-08-21,17.18,140.0,2405.2,,,,,
2008-08-22,17.18,170.0,2920.6,,,,,
2008-08-23,17.18,0.0,0.0,,,,,
2008-08-24,17.18,0.0,0.0,,,,,
2008-08-25,17.19,0.0,0.0,,,,,
2008-08-26,17.2,0.0,0.0,,,,,
2008-08-27,17.2,0.0,0.0,,,,,
2008-08-28,17.2,40.0,688.0,,,,,
2008-08-29,17.28,40.0,691.2,,,,,
2008-08-30,17.28,0.0,0.0,,,,,
2008-08-31,17.28,0.0,0.0,,,,,
2008-09-01,17.28,0.0,0.0,,,,,
2008-09-02,17.21,70.0,1204.7,,,,,
2008-09-03,17.3,10.0,173.0,,,,,
2008-09-04,17.3,30.0,519.0,,,,,
2008-09-05,16.1,160.0,2576.0,,,,,
2008-09-06,16.1,0.0,0.0,,,,,
2008-09-07,16.1,0.0,0.0,,,,,
2008-09-08,16.16,80.0,1292.8,,,,,
2008-09-09,16.16,80.0,1292.8,,,,,
2008-09-10,16.19,110.0,1780.9,,,,,
2008-09-11,16.16,20.0,323.2,,,,,
2008-09-12,16.17,90.0,1455.3000000000002,,,,,
2008-09-13,16.17,0.0,0.0,,,,,
2008-09-14,16.17,0.0,0.0,,,,,
2008-09-15,16.15,50.0,807.4999999999999,,,,,
2008-09-16,16.18,40.0,647.2,,,,,
2008-09-17,16.21,30.0,486.3,,,,,
2008-09-18,16.28,60.0,976.8000000000001,,,,,
2008-09-19,16.29,110.0,1791.8999999999999,,,,,
2008-09-20,16.29,0.0,0.0,,,,,
2008-09-21,16.29,0.0,0.0,,,,,
2008-09-22,16.3,30.0,489.0,,,,,
2008-09-23,16.34,110.0,1797.4,,,,,
2008-09-24,16.32,100.0,1632.0,,,,,
2008-09-25,16.34,90.0,1470.6,,,,,
2008-09-26,16.26,20.0,325.20000000000005,,,,,
2008-09-27,16.26,0.0,0.0,,,,,
2008-09-28,16.26,0.0,0.0,,,,,
2008-09-29,16.22,50.0,811.0,,,,,
2008-09-30,16.24,10.0,162.39999999999998,,,,,
2008-10-01,16.23,10.0,162.3,,,,,
2008-10-02,16.24,40.0,649.5999999999999,,,,,
2008-10-03,16.7,110.0,1837.0,,,,,
2008-10-04,16.7,0.0,0.0,,,,,
2008-10-05,16.7,0.0,0.0,,,,,
2008-10-06,16.65,80.0,1332.0,,,,,
2008-10-07,16.81,110.0,1849.1,,,,,
2008-10-08,16.9,80.0,1352.0,,,,,
2008-10-09,17.03,120.0,2043.6000000000001,,,,,
2008-10-10,16.88,70.0,1181.6,,,,,
2008-10-11,16.88,0.0,0.0,,,,,
2008-10-12,16.88,0.0,0.0,,,,,
2008-10-13,16.89,20.0,337.8,,,,,
2008-10-14,16.9,40.0,676.0,,,,,
2008-10-15,16.9,30.0,506.99999999999994,,,,,
2008-10-16,16.9,60.0,1013.9999999999999,,,,,
2008-10-17,16.95,20.0,339.0,,,,,
2008-10-18,16.95,0.0,0.0,,,,,
2008-10-19,16.95,0.0,0.0,,,,,
2008-10-20,16.98,20.0,339.6,,,,,
2008-10-21,16.98,0.0,0.0,,,,,
2008-10-22,16.99,0.0,0.0,,,,,
2008-10-23,16.99,0.0,0.0,,,,,
2008-10-24,16.98,150.0,2547.0,,,,,
2008-10-25,16.98,0.0,0.0,,,,,
2008-10-26,16.98,0.0,0.0,,,,,
2008-10-27,16.98,10.0,169.8,,,,,
2008-10-28,17.02,10.0,170.2,,,,,
2008-10-29,17.02,0.0,0.0,,,,,
2008-10-30,17.03,80.0,1362.4,,,,,
2008-10-31,15.46,140.0,2164.4,,,,,
2008-11-01,15.46,0.0,0.0,,,,,
2008-11-02,15.46,0.0,0.0,,,,,
2008-11-03,15.41,90.0,1386.9,,,,,
2008-11-04,15.37,90.0,1383.3,,,,,
2008-11-05,15.28,280.0,4278.4,,,,,
2008-11-06,15.26,380.0,5798.8,,,,,
2008-11-07,15.34,200.0,3068.0,,,,,
2008-11-08,15.34,0.0,0.0,,,,,
2008-11-09,15.34,0.0,0.0,,,,,
2008-11-10,15.51,90.0,1395.9,,,,,
2008-11-11,15.45,50.0,772.5,,,,,
2008-11-12,15.45,10.0,154.5,,,,,
2008-11-13,15.47,10.0,154.70000000000002,,,,,
2008-11-14,15.55,20.0,311.0,,,,,
2008-11-15,15.55,0.0,0.0,,,,,
2008-11-16,15.55,0.0,0.0,,,,,
2008-11-17,15.55,40.0,622.0,,,,,
2008-11-18,15.55,30.0,466.5,,,,,
2008-11-19,15.54,30.0,466.2,,,,,
2008-11-20,15.54,10.0,155.39999999999998,,,,,
2008-11-21,15.5,40.0,620.0,,,,,
2008-11-22,15.5,0.0,0.0,,,,,
2008-11-23,15.5,0.0,0.0,,,,,
2008-11-24,15.51,30.0,465.3,,,,,
2008-11-25,15.5,20.0,310.0,,,,,
2008-11-26,15.5,20.0,310.0,,,,,
2008-11-27,15.5,0.0,0.0,,,,,
2008-11-28,15.5,0.0,0.0,,,,,
2008-11-29,15.5,0.0,0.0,,,,,
2008-11-30,15.5,0.0,0.0,,,,,
2008-12-01,15.5,50.0,775.0,,,,,
2008-12-02,15.5,40.0,620.0,,,,,
2008-12-03,15.5,0.0,0.0,,,,,
2008-12-04,15.5,70.0,1085.0,,,,,
2008-12-05,15.33,130.0,1992.9,,,,,
2008-12-06,15.33,0.0,0.0,,,,,
2008-12-07,15.33,0.0,0.0,,,,,
2008-12-08,15.5,110.0,1705.0,,,,,
2008-12-09,15.48,60.0,928.8000000000001,,,,,
2008-12-10,15.44,100.0,1544.0,,,,,
2008-12-11,15.18,170.0,2580.6,,,,,
2008-12-12,15.11,40.0,604.4,,,,,
2008-12-13,15.11,0.0,0.0,,,,,
2008-12-14,15.11,0.0,0.0,,,,,
2008-12-15,15.15,40.0,606.0,,,,,
2008-12-16,15.18,10.0,151.8,,,,,
2008-12-17,15.16,60.0,909.6,,,,,
2008-12-18,15.08,90.0,1357.2,,,,,
2008-12-19,15.02,50.0,751.0,,,,,
2008-12-20,15.02,0.0,0.0,,,,,
2008-12-21,15.02,0.0,0.0,,,,,
2008-12-22,15.07,40.0,602.8,,,,,
2008-12-23,15.08,20.0,301.6,,,,,
2008-12-24,14.97,10.0,149.70000000000002,,,,,
2008-12-25,14.97,0.0,0.0,,,,,
2008-12-26,14.97,0.0,0.0,,,,,
2008-12-27,14.97,0.0,0.0,,,,,
2008-12-28,14.97,0.0,0.0,,,,,
2008-12-29,15.14,40.0,605.6,,,,,
2008-12-30,15.11,40.0,604.4,,,,,
2008-12-31,15.14,110.0,1665.4,,,,,
2009-01-01,15.14,0.0,0.0,,,,,
2009-01-02,10.8,0.0,0.0,,,,,
2009-01-03,10.8,0.0,0.0,0.0,0.0,,,
2009-01-04,10.8,0.0,0.0,,,,,
2009-01-05,10.97,90.0,987.3000000000001,,,,,
2009-01-06,10.99,410.0,4505.9,,,,,
2009-01-07,10.83,170.0,1841.1,,,,,
2009-01-08,10.95,60.0,657.0,,,,,
2009-01-09,10.88,210.0,2284.8,,,,,
2009-01-10,10.88,0.0,0.0,,,,,
2009-01-11,10.88,0.0,0.0,,,,,
2009-01-12,10.84,50.0,542.0,,,,,
2009-01-13,10.76,40.0,430.4,,,,,
2009-01-14,10.72,10.0,107.2,-0.0037174721189590088,-1.0,,,
2009-01-15,10.68,60.0,640.8,,,,,
2009-01-16,10.67,50.0,533.5,,,,,
2009-01-17,10.67,0.0,0.0,,,,,
2009-01-18,10.67,0.0,0.0,,,,,
2009-01-19,10.67,0.0,0.0,,,,,
2009-01-20,10.65,90.0,958.5,,,,,
2009-01-21,10.65,60.0,639.0,,,,,
2009-01-22,10.63,30.0,318.90000000000003,,,,,
2009-01-23,10.78,70.0,754.5999999999999,,,,,
2009-01-24,10.78,0.0,0.0,,,,,
2009-01-25,10.78,0.0,0.0,,,,,
2009-01-26,10.82,10.0,108.2,,,,,
2009-01-27,10.79,80.0,863.1999999999999,,,,,
2009-01-28,10.83,30.0,324.9,,,,,
2009-01-29,10.83,90.0,974.7,,,,,
2009-01-30,9.45,100.0,944.9999999999999,,,,,
2009-01-31,9.45,0.0,0.0,0.0,0.0,,,
2009-02-01,9.45,0.0,0.0,,,,,
2009-02-02,9.34,90.0,840.6,,,,,
2009-02-03,9.3,160.0,1488.0,,,,,
2009-02-04,9.32,160.0,1491.2,,,,,
2009-02-05,9.29,30.0,278.7,,,,,
2009-02-06,9.26,70.0,648.1999999999999,,,,,
2009-02-07,9.26,0.0,0.0,0.0,0.0,,,
2009-02-08,9.26,0.0,0.0,,,,,
2009-02-09,9.3,70.0,651.0,,,,,
2009-02-10,9.3,30.0,279.0,,,,,
2009-02-11,9.32,10.0,93.2,,,,,
2009-02-12,9.33,90.0,839.7,,,,,
2009-02-13,9.27,80.0,741.5999999999999,,,,,
2009-02-14,9.27,0.0,0.0,,,,,
2009-02-15,9.27,0.0,0.0,,,,,
2009-02-16,9.27,0.0,0.0,,,,,
2009-02-17,9.27,170.0,1575.8999999999999,,,,,
2009-02-18,9.27,190.0,1761.3,,,,,
2009-02-19,9.28,50.0,463.99999999999994,,,,,
2009-02-20,9.28,70.0,649.5999999999999,,,,,
2009-02-21,9.28,0.0,0.0,,,,,
2009-02-22,9.28,0.0,0.0,,,,,
2009-02-23,9.28,30.0,278.4,,,,,
2009-02-24,9.28,0.0,0.0,,,,,
2009-02-25,9.29,40.0,371.59999999999997,,,,,
2009-02-26,9.28,70.0,649.5999999999999,,,,,
2009-02-27,10.23,40.0,409.20000000000005,,,,,
2009-02-28,10.23,0.0,0.0,0.0,0.0,0.0,0.0,1.0
2009-03-01,10.23,0.0,0.0,,,,,
2009-03-02,10.27,90.0,924.3,,,,,
2009-03-03,10.2,60.0,612.0,,,,,
2009-03-04,10.2,40.0,408.0,,,,,
2009-03-05,10.21,20.0,204.20000000000002,,,,,
2009-03-06,10.22,120.0,1226.4,,,,,
2009-03-07,10.22,0.0,0.0,,,,,
2009-03-08,10.22,0.0,0.0,,,,,
2009-03-09,10.29,60.0,617.4,,,,,
2009-03-10,10.22,70.0,715.4000000000001,,,,,
2009-03-11,10.22,60.0,613.2,,,,,
2009-03-12,10.27,20.0,205.39999999999998,,,,,
2009-03-13,10.31,50.0,515.5,,,,,
2009-03-14,10.31,0.0,0.0,,,,,
2009-03-15,10.31,0.0,0.0,,,,,
2009-03-16,10.37,50.0,518.5,,,,,
2009-03-17,10.42,50.0,521.0,,,,,
2009-03-18,10.4,70.0,728.0,-0.0019193857965450478,-1.0,,,
2009-03-19,10.55,120.0,1266.0,,,,,
2009-03-20,10.51,220.0,2312.2,,,,,
2009-03-21,10.51,0.0,0.0,,,,,
2009-03-22,10.51,0.0,0.0,,,,,
2009-03-23,10.48,80.0,838.4000000000001,,,,,
2009-03-24,10.47,100.0,1047.0,,,,,
2009-03-25,10.45,30.0,313.5,,,,,
2009-03-26,10.45,30.0,313.5,,,,,
2009-03-27,10.46,0.0,0.0,,,,,
2009-03-28,10.46,0.0,0.0,,,,,
2009-03-29,10.46,0.0,0.0,,,,,
2009-03-30,10.46,10.0,104.60000000000001,,,,,
2009-03-31,10.46,20.0,209.20000000000002,,,,,
2009-04-01,10.46,10.0,104.60000000000001,,,,,
2009-04-02,10.46,80.0,836.8000000000001,,,,,
2009-04-03,11.03,40.0,441.2,,,,,
2009-04-04,11.03,0.0,0.0,0.0,0.0,,,
2009-04-05,11.03,0.0,0.0,,,,,
2009-04-06,10.98,50.0,549.0,,,,,
2009-04-07,10.81,160.0,1729.6000000000001,,,,,
2009-04-08,10.81,10.0,108.10000000000001,0.0,0.0,,,
2009-04-09,10.78,100.0,1078.0,,,,,
2009-04-10,10.78,0.0,0.0,,,,,
2009-04-11,10.78,0.0,0.0,,,,,
2009-04-12,10.78,0.0,0.0,,,,,
2009-04-13,10.76,20.0,215.2,,,,,
2009-04-14,10.74,140.0,1503.6000000000001,,,,,
2009-04-15,10.75,110.0,1182.5,,,,,
2009-04-16,10.76,80.0,860.8,,,,,
2009-04-17,10.76,150.0,1614.0,,,,,
2009-04-18,10.76,0.0,0.0,,,,,
2009-04-19,10.76,0.0,0.0,,,,,
2009-04-20,10.76,30.0,322.8,,,,,
2009-04-21,10.76,0.0,0.0,,,,,
2009-04-22,10.76,110.0,1183.6,,,,,
2009-04-23,10.77,10.0,107.69999999999999,,,,,
2009-04-24,10.78,50.0,539.0,,,,,
2009-04-25,10.78,0.0,0.0,,,,,
2009-04-26,10.78,0.0,0.0,,,,,
2009-04-27,10.76,10.0,107.6,,,,,
2009-04-28,10.76,50.0,538.0,,,,,
2009-04-29,10.77,0.0,0.0,,,,,
2009-04-30,10.77,60.0,646.1999999999999,,,,,
2009-05-01,9.94,170.0,1689.8,,,,,
2009-05-02,9.94,0.0,0.0,0.0,0.0,-0.0,0.0,-1.0
2009-05-03,9.94,0.0,0.0,,,,,
2009-05-04,9.83,130.0,1277.9,,,,,
2009-05-05,9.85,30.0,295.5,,,,,
2009-05-06,9.81,70.0,686.7,,,,,
2009-05-07,9.81,20.0,196.20000000000002,,,,,
2009-05-08,9.77,120.0,1172.3999999999999,,,,,
2009-05-09,9.77,0.0,0.0,,,,,
2009-05-10,9.77,0.0,0.0,,,,,
2009-05-11,9.78,50.0,488.99999999999994,,,,,
2009-05-12,9.78,20.0,195.6,,,,,
2009-05-13,9.83,50.0,491.5,,,,,
2009-05-14,9.82,170.0,1669.4,,,,,
2009-05-15,9.83,200.0,1966.0,,,,,
2009-05-16,9.83,0.0,0.0,,,,,
2009-05-17,9.83,0.0,0.0,,,,,
2009-05-18,9.83,170.0,1671.1,,,,,
2009-05-19,9.82,10.0,98.2,,,,,
2009-05-20,9.82,20.0,196.4,,,,,
2009-05-21,9.8,100.0,980.0000000000001,,,,,
2009-05-22,9.82,20.0,196.4,,,,,
2009-05-23,9.82,0.0,0.0,,,,,
2009-05-24,9.82,0.0,0.0,,,,,
2009-05-25,9.82,0.0,0.0,,,,,
2009-05-26,9.83,40.0,393.2,,,,,
2009-05-27,9.84,50.0,492.0,,,,,
2009-05-28,9.83,60.0,589.8,,,,,
2009-05-29,9.83,70.0,688.1,,,,,
2009-05-30,9.83,0.0,0.0,,,,,
2009-05-31,9.83,0.0,0.0,,,,,
2009-06-01,9.83,30.0,294.9,,,,,
2009-06-02,9.84,30.0,295.2,,,,,
2009-06-03,9.83,50.0,491.5,,,,,
2009-06-04,9.82,60.0,589.2,,,,,
2009-06-05,9.89,40.0,395.6,,,,,
2009-06-06,9.89,0.0,0.0,,,,,
2009-06-07,9.89,0.0,0.0,,,,,
2009-06-08,9.92,10.0,99.2,,,,,
2009-06-09,9.91,190.0,1882.9,,,,,
2009-06-10,9.89,120.0,1186.8000000000002,,,,,
2009-06-11,9.88,60.0,592.8000000000001,,,,,
2009-06-12,9.91,70.0,693.7,,,,,
2009-06-13,9.91,0.0,0.0,,,,,
2009-06-14,9.91,0.0,0.0,,,,,
2009-06-15,9.91,40.0,396.4,,,,,
2009-06-16,9.89,70.0,692.3000000000001,,,,,
2009-06-17,9.88,280.0,2766.4,,,,,
2009-06-18,9.89,200.0,1978.0,,,,,
2009-06-19,9.93,70.0,695.1,,,,,
2009-06-20,9.93,0.0,0.0,,,,,
2009-06-21,9.93,0.0,0.0,,,,,
2009-06-22,9.94,160.0,1590.3999999999999,,,,,
2009-06-23,9.94,40.0,397.59999999999997,,,,,
2009-06-24,9.91,80.0,792.8,,,,,
2009-06-25,9.92,80.0,793.6,,,,,
2009-06-26,9.95,160.0,1592.0,,,,,
2009-06-27,9.95,0.0,0.0,,,,,
2009-06-28,9.95,0.0,0.0,,,,,
2009-06-29,9.93,20.0,198.6,,,,,
2009-06-30,9.93,40.0,397.2,,,,,
2009-07-01,9.92,200.0,1984.0,,,,,
2009-07-02,10.05,190.0,1909.5000000000002,,,,,
2009-07-03,10.05,0.0,0.0,,,,,
2009-07-04,10.05,0.0,0.0,,,,,
2009-07-05,10.05,0.0,0.0,,,,,
2009-07-06,10.06,100.0,1006.0,,,,,
2009-07-07,10.06,120.0,1207.2,,,,,
2009-07-08,10.02,40.0,400.79999999999995,,,,,
2009-07-09,9.98,110.0,1097.8,,,,,
2009-07-10,9.88,130.0,1284.4,,,,,
2009-07-11,9.88,0.0,0.0,,,,,
2009-07-12,9.88,0.0,0.0,,,,,
2009-07-13,9.89,30.0,296.70000000000005,,,,,
2009-07-14,9.89,90.0,890.1,,,,,
2009-07-15,9.95,70.0,696.5,,,,,
2009-07-16,9.97,130.0,1296.1000000000001,,,,,
2009-07-17,10.0,160.0,1600.0,,,,,
2009-07-18,10.0,0.0,0.0,,,,,
2009-07-19,10.0,0.0,0.0,,,,,
2009-07-20,9.98,80.0,798.4000000000001,,,,,
2009-07-21,9.96,30.0,298.8,,,,,
2009-07-22,9.96,10.0,99.60000000000001,,,,,
2009-07-23,9.96,10.0,99.60000000000001,,,,,
2009-07-24,9.96,40.0,398.40000000000003,,,,,
2009-07-25,9.96,0.0,0.0,,,,,
2009-07-26,9.96,0.0,0.0,,,,,
2009-07-27,9.95,30.0,298.5,,,,,
2009-07-28,9.94,20.0,198.79999999999998,,,,,
2009-07-29,9.94,20.0,198.79999999999998,,,,,
2009-07-30,9.94,70.0,695.8,,,,,
2009-07-31,11.05,180.0,1989.0000000000002,,,,,
2009-08-01,11.05,0.0,0.0,,,,,
2009-08-02,11.05,0.0,0.0,,,,,
2009-08-03,11.1,160.0,1776.0,,,,,
2009-08-04,10.96,180.0,1972.8000000000002,,,,,
2009-08-05,10.96,100.0,1096.0,,,,,
2009-08-06,10.99,230.0,2527.7000000000003,,,,,
2009-08-07,11.09,110.0,1219.9,,,,,
2009-08-08,11.09,0.0,0.0,,,,,
2009-08-09,11.09,0.0,0.0,,,,,
2009-08-10,11.05,70.0,773.5,,,,,
2009-08-11,11.06,20.0,221.20000000000002,,,,,
2009-08-12,11.1,90.0,999.0,,,,,
2009-08-13,11.08,60.0,664.8,,,,,
2009-08-14,11.15,50.0,557.5,,,,,
2009-08-15,11.15,0.0,0.0,,,,,
2009-08-16,11.15,0.0,0.0,,,,,
2009-08-17,11.2,130.0,1456.0,,,,,
2009-08-18,11.2,10.0,112.0,,,,,
2009-08-19,11.21,50.0,560.5,,,,,
2009-08-20,11.24,50.0,562.0,,,,,
2009-08-21,11.21,70.0,784.7,,,,,
2009-08-22,11.21,0.0,0.0,,,,,
2009-08-23,11.21,0.0,0.0,,,,,
2009-08-24,11.22,30.0,336.6,,,,,
2009-08-25,11.21,20.0,224.20000000000002,,,,,
2009-08-26,11.21,40.0,448.40000000000003,,,,,
2009-08-27,11.2,40.0,448.0,,,,,
2009-08-28,11.22,10.0,112.2,,,,,
2009-08-29,11.22,0.0,0.0,,,,,
2009-08-30,11.22,0.0,0.0,,,,,
2009-08-31,11.22,30.0,336.6,,,,,
2009-09-01,11.2,30.0,336.0,,,,,
2009-09-02,11.22,20.0,224.4,,,,,
2009-09-03,11.21,50.0,560.5,,,,,
2009-09-04,12.13,90.0,1091.7,,,,,
2009-09-05,12.13,0.0,0.0,,,,,
2009-09-06,12.13,0.0,0.0,,,,,
2009-09-07,12.13,0.0,0.0,,,,,
2009-09-08,12.08,100.0,1208.0,,,,,
2009-09-09,12.09,80.0,967.2,,,,,
2009-09-10,12.02,70.0,841.4,,,,,
2009-09-11,12.04,80.0,963.1999999999999,,,,,
2009-09-12,12.04,0.0,0.0,,,,,
2009-09-13,12.04,0.0,0.0,,,,,
2009-09-14,12.04,40.0,481.59999999999997,,,,,
2009-09-15,12.04,160.0,1926.3999999999999,,,,,
2009-09-16,12.05,120.0,1446.0,,,,,
2009-09-17,12.05,30.0,361.5,,,,,
2009-09-18,12.08,50.0,604.0,,,,,
2009-09-19,12.08,0.0,0.0,,,,,
2009-09-20,12.08,0.0,0.0,,,,,
2009-09-21,12.08,80.0,966.4,,,,,
2009-09-22,12.07,50.0,603.5,,,,,
2009-09-23,12.06,30.0,361.8,,,,,
2009-09-24,12.06,20.0,241.20000000000002,,,,,
2009-09-25,12.07,0.0,0.0,,,,,
2009-09-26,12.07,0.0,0.0,,,,,
2009-09-27,12.07,0.0,0.0,,,,,
2009-09-28,12.07,10.0,120.7,,,,,
2009-09-29,12.08,10.0,120.8,,,,,
2009-09-30,12.09,10.0,120.9,,,,,
2009-10-01,12.09,0.0,0.0,,,,,
2009-10-02,12.8,170.0,2176.0,,,,,
2009-10-03,12.8,0.0,0.0,,,,,
2009-10-04,12.8,0.0,0.0,,,,,
2009-10-05,12.8,80.0,1024.0,,,,,
2009-10-06,12.84,140.0,1797.6,,,,,
2009-10-07,12.86,70.0,900.1999999999999,,,,,
2009-10-08,12.86,80.0,1028.8,,,,,
2009-10-09,12.75,80.0,1020.0,,,,,
2009-10-10,12.75,0.0,0.0,,,,,
2009-10-11,12.75,0.0,0.0,,,,,
2009-10-12,12.75,40.0,510.0,,,,,
2009-10-13,12.75,20.0,255.0,,,,,
2009-10-14,12.76,30.0,382.8,,,,,
2009-10-15,12.71,40.0,508.40000000000003,,,,,
2009-10-16,12.73,90.0,1145.7,,,,,
2009-10-17,12.73,0.0,0.0,,,,,
2009-10-18,12.73,0.0,0.0,,,,,
2009-10-19,12.73,50.0,636.5,,,,,
2009-10-20,12.76,130.0,1658.8,,,,,
2009-10-21,12.75,90.0,1147.5,,,,,
2009-10-22,12.72,680.0,8649.6,,,,,
2009-10-23,12.78,80.0,1022.4,,,,,
2009-10-24,12.78,0.0,0.0,,,,,
2009-10-25,12.78,0.0,0.0,,,,,
2009-10-26,12.76,10.0,127.6,,,,,
2009-10-27,12.76,60.0,765.6,,,,,
2009-10-28,12.76,40.0,510.4,,,,,
2009-10-29,12.78,40.0,511.2,,,,,
2009-10-30,13.93,70.0,975.1,,,,,
2009-10-31,13.93,0.0,0.0,,,,,
2009-11-01,13.93,0.0,0.0,,,,,
2009-11-02,13.82,50.0,691.0,,,,,
2009-11-03,13.86,40.0,554.4,,,,,
2009-11-04,13.88,40.0,555.2,,,,,
2009-11-05,13.92,90.0,1252.8,,,,,
2009-11-06,14.0,130.0,1820.0,,,,,
2009-11-07,14.0,0.0,0.0,,,,,
2009-11-08,14.0,0.0,0.0,,,,,
2009-11-09,14.09,50.0,704.5,,,,,
2009-11-10,14.08,30.0,422.4,,,,,
2009-11-11,14.04,70.0,982.8,,,,,
2009-11-12,14.04,20.0,280.79999999999995,,,,,
2009-11-13,14.05,10.0,140.5,,,,,
2009-11-14,14.05,0.0,0.0,,,,,
2009-11-15,14.05,0.0,0.0,,,,,
2009-11-16,14.08,30.0,422.4,,,,,
2009-11-17,14.07,40.0,562.8,,,,,
2009-11-18,14.05,50.0,702.5,,,,,
2009-11-19,14.06,40.0,562.4,,,,,
2009-11-20,14.06,10.0,140.6,,,,,
2009-11-21,14.06,0.0,0.0,,,,,
2009-11-22,14.06,0.0,0.0,,,,,
2009-11-23,14.04,80.0,1123.1999999999998,,,,,
2009-11-24,14.08,10.0,140.8,,,,,
2009-11-25,14.08,10.0,140.8,,,,,
2009-11-26,14.08,0.0,0.0,,,,,
2009-11-27,14.08,0.0,0.0,,,,,
2009-11-28,14.08,0.0,0.0,,,,,
2009-11-29,14.08,0.0,0.0,,,,,
2009-11-30,14.1,120.0,1692.0,,,,,
2009-12-01,14.08,10.0,140.8,,,,,
2009-12-02,14.08,0.0,0.0,,,,,
2009-12-03,14.09,30.0,422.7,,,,,
2009-12-04,14.73,50.0,736.5,,,,,
2009-12-05,14.73,0.0,0.0,,,,,
2009-12-06,14.73,0.0,0.0,,,,,
2009-12-07,14.72,90.0,1324.8,,,,,
2009-12-08,14.71,40.0,588.4000000000001,,,,,
2009-12-09,14.76,60.0,885.6,,,,,
2009-12-10,14.79,30.0,443.7,,,,,
2009-12-11,14.83,180.0,2669.4,,,,,
2009-12-12,14.83,0.0,0.0,,,,,
2009-12-13,14.83,0.0,0.0,,,,,
2009-12-14,14.86,180.0,2674.7999999999997,,,,,
2009-12-15,14.86,100.0,1486.0,,,,,
2009-12-16,14.85,80.0,1188.0,,,,,
2009-12-17,14.86,180.0,2674.7999999999997,,,,,
2009-12-18,14.83,200.0,2966.0,,,,,
2009-12-19,14.83,0.0,0.0,,,,,
2009-12-20,14.83,0.0,0.0,,,,,
2009-12-21,14.83,190.0,2817.7,,,,,
2009-12-22,14.84,60.0,890.4,,,,,
2009-12-23,14.84,150.0,2226.0,,,,,
2009-12-24,14.84,10.0,148.4,,,,,
2009-12-25,14.84,0.0,0.0,,,,,
2009-12-26,14.84,0.0,0.0,,,,,
2009-12-27,14.84,0.0,0.0,,,,,
2009-12-28,14.91,260.0,3876.6,,,,,
2009-12-29,14.91,30.0,447.3,,,,,
2009-12-30,14.92,50.0,746.0,,,,,
2009-12-31,14.22,70.0,995.4000000000001,,,,,
2010-01-01,14.22,0.0,0.0,,,,,
2010-01-02,14.22,0.0,0.0,,,,,
2010-01-03,14.22,0.0,0.0,,,,,
2010-01-04,14.3,220.0,3146.0,,,,,
2010-01-05,14.24,140.0,1993.6000000000001,,,,,
2010-01-06,14.15,160.0,2264.0,,,,,
2010-01-07,14.18,100.0,1418.0,,,,,
2010-01-08,14.33,310.0,4442.3,,,,,
2010-01-09,14.33,0.0,0.0,,,,,
2010-01-10,14.33,0.0,0.0,,,,,
2010-01-11,14.32,40.0,572.8,,,,,
2010-01-12,14.32,30.0,429.6,,,,,
2010-01-13,14.4,150.0,2160.0,,,,,
2010-01-14,14.35,550.0,7892.5,,,,,
2010-01-15,14.43,260.0,3751.7999999999997,,,,,
2010-01-16,14.43,0.0,0.0,,,,,
2010-01-17,14.43,0.0,0.0,,,,,
2010-01-18,14.43,0.0,0.0,,,,,
2010-01-19,14.45,70.0,1011.5,,,,,
2010-01-20,14.45,60.0,867.0,,,,,
2010-01-21,14.45,70.0,1011.5,,,,,
2010-01-22,14.49,90.0,1304.1,,,,,
2010-01-23,14.49,0.0,0.0,,,,,
2010-01-24,14.49,0.0,0.0,,,,,
2010-01-25,14.53,20.0,290.59999999999997,,,,,
2010-01-26,14.54,80.0,1163.1999999999998,,,,,
2010-01-27,14.54,0.0,0.0,,,,,
2010-01-28,14.54,20.0,290.79999999999995,,,,,
2010-01-29,14.51,20.0,290.2,,,,,
2010-01-30,14.51,0.0,0.0,,,,,
2010-01-31,14.51,0.0,0.0,,,,,
2010-02-01,14.49,10.0,144.9,,,,,
2010-02-02,14.47,20.0,289.40000000000003,,,,,
2010-02-03,14.5,0.0,0.0,,,,,
2010-02-04,14.48,20.0,289.6,,,,,
2010-02-05,14.1,100.0,1410.0,,,,,
2010-02-06,14.1,0.0,0.0,,,,,
2010-02-07,14.1,0.0,0.0,,,,,
2010-02-08,14.14,50.0,707.0,,,,,
2010-02-09,14.19,100.0,1419.0,,,,,
2010-02-10,14.3,420.0,6006.0,,,,,
2010-02-11,14.24,40.0,569.6,,,,,
2010-02-12,14.25,110.0,1567.5,,,,,
2010-02-13,14.25,0.0,0.0,,,,,
2010-02-14,14.25,0.0,0.0,,,,,
2010-02-15,14.25,0.0,0.0,,,,,
2010-02-16,14.2,30.0,426.0,,,,,
2010-02-17,14.18,30.0,425.4,,,,,
2010-02-18,14.18,10.0,141.8,,,,,
2010-02-19,14.2,10.0,142.0,,,,,
2010-02-20,14.2,0.0,0.0,,,,,
2010-02-21,14.2,0.0,0.0,,,,,
2010-02-22,14.24,30.0,427.2,,,,,
2010-02-23,14.24,40.0,569.6,,,,,
2010-02-24,14.22,10.0,142.20000000000002,,,,,
2010-02-25,14.22,30.0,426.6,,,,,
2010-02-26,14.28,50.0,714.0,,,,,
2010-02-27,14.28,0.0,0.0,,,,,
2010-02-28,14.28,0.0,0.0,,,,,
2010-03-01,14.27,20.0,285.4,,,,,
2010-03-02,14.28,10.0,142.79999999999998,,,,,
2010-03-03,14.29,0.0,0.0,,,,,
2010-03-04,14.29,0.0,0.0,,,,,
2010-03-05,12.89,50.0,644.5,,,,,
2010-03-06,12.89,0.0,0.0,,,,,
2010-03-07,12.89,0.0,0.0,,,,,
2010-03-08,12.78,120.0,1533.6,,,,,
2010-03-09,12.76,70.0,893.1999999999999,,,,,
2010-03-10,12.82,20.0,256.4,,,,,
2010-03-11,12.89,80.0,1031.2,,,,,
2010-03-12,12.84,100.0,1284.0,,,,,
2010-03-13,12.84,0.0,0.0,,,,,
2010-03-14,12.84,0.0,0.0,,,,,
2010-03-15,12.83,50.0,641.5,,,,,
2010-03-16,12.84,70.0,898.8,,,,,
2010-03-17,12.81,30.0,384.3,,,,,
2010-03-18,12.8,30.0,384.0,,,,,
2010-03-19,12.81,20.0,256.2,,,,,
2010-03-20,12.81,0.0,0.0,,,,,
2010-03-21,12.81,0.0,0.0,,,,,
2010-03-22,12.79,30.0,383.7,,,,,
2010-03-23,12.8,10.0,128.0,,,,,
2010-03-24,12.8,10.0,128.0,,,,,
2010-03-25,12.81,30.0,384.3,,,,,
2010-03-26,12.78,50.0,639.0,,,,,
2010-03-27,12.78,0.0,0.0,,,,,
2010-03-28,12.78,0.0,0.0,,,,,
2010-03-29,12.78,30.0,383.4,,,,,
2010-03-30,12.78,10.0,127.8,,,,,
2010-03-31,12.78,10.0,127.8,,,,,
2010-04-01,12.78,0.0,0.0,,,,,
2010-04-02,12.78,0.0,0.0,,,,,
2010-04-03,12.78,0.0,0.0,,,,,
2010-04-04,12.78,0.0,0.0,,,,,
2010-04-05,12.83,70.0,898.1,,,,,
2010-04-06,12.85,250.0,3212.5,,,,,
2010-04-07,12.85,250.0,3212.5,,,,,
2010-04-08,12.83,80.0,1026.4,,,,,
2010-04-09,12.81,160.0,2049.6,,,,,
2010-04-10,12.81,0.0,0.0,,,,,
2010-04-11,12.81,0.0,0.0,,,,,
2010-04-12,12.85,70.0,899.5,,,,,
2010-04-13,12.81,50.0,640.5,,,,,
2010-04-14,12.84,80.0,1027.2,,,,,
2010-04-15,12.85,60.0,771.0,,,,,
2010-04-16,12.85,150.0,1927.5,,,,,
2010-04-17,12.85,0.0,0.0,,,,,
2010-04-18,12.85,0.0,0.0,,,,,
2010-04-19,12.85,10.0,128.5,,,,,
2010-04-20,12.85,10.0,128.5,,,,,
2010-04-21,12.84,30.0,385.2,,,,,
2010-04-22,12.82,20.0,256.4,,,,,
2010-04-23,12.96,220.0,2851.2000000000003,,,,,
2010-04-24,12.96,0.0,0.0,,,,,
2010-04-25,12.96,0.0,0.0,,,,,
2010-04-26,12.95,110.0,1424.5,,,,,
2010-04-27,12.93,10.0,129.3,,,,,
2010-04-28,12.94,10.0,129.4,,,,,
2010-04-29,12.96,10.0,129.60000000000002,,,,,
2010-04-30,13.38,130.0,1739.4,,,,,
2010-05-01,13.38,0.0,0.0,,,,,
2010-05-02,13.38,0.0,0.0,,,,,
2010-05-03,13.36,180.0,2404.7999999999997,,,,,
2010-05-04,13.22,210.0,2776.2000000000003,,,,,
2010-05-05,13.18,140.0,1845.2,,,,,
2010-05-06,13.12,80.0,1049.6,,,,,
2010-05-07,13.24,40.0,529.6,,,,,
2010-05-08,13.24,0.0,0.0,,,,,
2010-05-09,13.24,0.0,0.0,,,,,
2010-05-10,13.24,30.0,397.2,,,,,
2010-05-11,13.24,50.0,662.0,,,,,
2010-05-12,13.24,120.0,1588.8,,,,,
2010-05-13,13.27,50.0,663.5,,,,,
2010-05-14,13.33,60.0,799.8,,,,,
2010-05-15,13.33,0.0,0.0,,,,,
2010-05-16,13.33,0.0,0.0,,,,,
2010-05-17,13.37,110.0,1470.6999999999998,,,,,
2010-05-18,13.32,100.0,1332.0,,,,,
2010-05-19,13.36,50.0,668.0,,,,,
2010-05-20,13.38,10.0,133.8,,,,,
2010-05-21,13.39,20.0,267.8,,,,,
2010-05-22,13.39,0.0,0.0,,,,,
2010-05-23,13.39,0.0,0.0,,,,,
2010-05-24,13.36,10.0,133.6,,,,,
2010-05-25,13.37,10.0,133.7,,,,,
2010-05-26,13.37,10.0,133.7,,,,,
2010-05-27,13.36,10.0,133.6,,,,,
2010-05-28,13.35,10.0,133.5,,,,,
2010-05-29,13.35,0.0,0.0,,,,,
2010-05-30,13.35,0.0,0.0,,,,,
2010-05-31,13.35,0.0,0.0,,,,,
2010-06-01,13.35,10.0,133.5,,,,,
2010-06-02,13.37,30.0,401.09999999999997,,,,,
2010-06-03,13.37,0.0,0.0,,,,,
2010-06-04,13.5,60.0,810.0,,,,,
2010-06-05,13.5,0.0,0.0,,,,,
2010-06-06,13.5,0.0,0.0,,,,,
2010-06-07,13.49,30.0,404.7,,,,,
2010-06-08,13.49,20.0,269.8,,,,,
2010-06-09,13.45,100.0,1345.0,,,,,
2010-06-10,13.5,80.0,1080.0,,,,,
2010-06-11,13.55,70.0,948.5,,,,,
2010-06-12,13.55,0.0,0.0,,,,,
2010-06-13,13.55,0.0,0.0,,,,,
2010-06-14,13.56,20.0,271.2,,,,,
2010-06-15,13.6,20.0,272.0,,,,,
2010-06-16,13.62,40.0,544.8,,,,,
2010-06-17,13.62,20.0,272.4,,,,,
2010-06-18,13.58,30.0,407.4,,,,,
2010-06-19,13.58,0.0,0.0,,,,,
2010-06-20,13.58,0.0,0.0,,,,,
2010-06-21,13.56,0.0,0.0,,,,,
2010-06-22,13.56,30.0,406.8,,,,,
2010-06-23,13.57,60.0,814.2,,,,,
2010-06-24,13.59,0.0,0.0,,,,,
2010-06-25,13.63,100.0,1363.0,,,,,
2010-06-26,13.63,0.0,0.0,,,,,
2010-06-27,13.63,0.0,0.0,,,,,
2010-06-28,13.61,0.0,0.0,,,,,
2010-06-29,13.62,20.0,272.4,,,,,
2010-06-30,13.61,10.0,136.1,,,,,
2010-07-01,13.61,0.0,0.0,,,,,
2010-07-02,13.45,60.0,807.0,,,,,
2010-07-03,13.45,0.0,0.0,,,,,
2010-07-04,13.45,0.0,0.0,,,,,
2010-07-05,13.45,0.0,0.0,,,,,
2010-07-06,13.51,90.0,1215.9,,,,,
2010-07-07,13.5,40.0,540.0,,,,,
2010-07-08,13.56,60.0,813.6,,,,,
2010-07-09,13.64,180.0,2455.2000000000003,,,,,
2010-07-10,13.64,0.0,0.0,,,,,
2010-07-11,13.64,0.0,0.0,,,,,
2010-07-12,13.77,120.0,1652.3999999999999,,,,,
2010-07-13,13.73,110.0,1510.3,,,,,
2010-07-14,13.73,30.0,411.90000000000003,,,,,
2010-07-15,13.76,30.0,412.8,,,,,
2010-07-16,13.76,80.0,1100.8,,,,,
2010-07-17,13.76,0.0,0.0,,,,,
2010-07-18,13.76,0.0,0.0,,,,,
2010-07-19,13.75,10.0,137.5,,,,,
2010-07-20,13.77,60.0,826.1999999999999,,,,,
2010-07-21,13.75,10.0,137.5,,,,,
2010-07-22,13.77,20.0,275.4,,,,,
2010-07-23,13.73,30.0,411.90000000000003,,,,,
2010-07-24,13.73,0.0,0.0,,,,,
2010-07-25,13.73,0.0,0.0,,,,,
2010-07-26,13.74,0.0,0.0,,,,,
2010-07-27,13.74,10.0,137.4,,,,,
2010-07-28,13.75,10.0,137.5,,,,,
2010-07-29,13.74,30.0,412.2,,,,,
2010-07-30,14.94,140.0,2091.6,,,,,
2010-07-31,14.94,0.0,0.0,,,,,
2010-08-01,14.94,0.0,0.0,,,,,
2010-08-02,14.97,90.0,1347.3,,,,,
2010-08-03,14.92,150.0,2238.0,,,,,
2010-08-04,14.94,110.0,1643.3999999999999,,,,,
2010-08-05,14.95,50.0,747.5,,,,,
2010-08-06,15.04,90.0,1353.6,,,,,
2010-08-07,15.04,0.0,0.0,,,,,
2010-08-08,15.04,0.0,0.0,,,,,
2010-08-09,15.06,290.0,4367.400000000001,,,,,
2010-08-10,15.06,100.0,1506.0,,,,,
2010-08-11,15.07,110.0,1657.7,,,,,
2010-08-12,15.08,30.0,452.4,,,,,
2010-08-13,15.05,30.0,451.5,,,,,
2010-08-14,15.05,0.0,0.0,,,,,
2010-08-15,15.05,0.0,0.0,,,,,
2010-08-16,15.05,80.0,1204.0,,,,,
2010-08-17,15.07,0.0,0.0,,,,,
2010-08-18,15.1,10.0,151.0,,,,,
2010-08-19,15.09,10.0,150.9,,,,,
2010-08-20,15.14,60.0,908.4000000000001,,,,,
2010-08-21,15.14,0.0,0.0,,,,,
2010-08-22,15.14,0.0,0.0,,,,,
2010-08-23,15.14,160.0,2422.4,,,,,
2010-08-24,15.15,10.0,151.5,,,,,
2010-08-25,15.15,20.0,303.0,,,,,
2010-08-26,15.15,10.0,151.5,,,,,
2010-08-27,15.15,10.0,151.5,,,,,
2010-08-28,15.15,0.0,0.0,,,,,
2010-08-29,15.15,0.0,0.0,,,,,
2010-08-30,15.15,20.0,303.0,,,,,
2010-08-31,15.15,0.0,0.0,,,,,
2010-09-01,15.15,0.0,0.0,,,,,
2010-09-02,15.15,0.0,0.0,,,,,
2010-09-03,16.16,40.0,646.4,,,,,
2010-09-04,16.16,0.0,0.0,,,,,
2010-09-05,16.16,0.0,0.0,,,,,
2010-09-06,16.16,0.0,0.0,,,,,
2010-09-07,16.19,60.0,971.4000000000001,,,,,
2010-09-08,16.19,100.0,1619.0000000000002,,,,,
2010-09-09,16.29,240.0,3909.6,,,,,
2010-09-10,16.28,180.0,2930.4,,,,,
2010-09-11,16.28,0.0,0.0,,,,,
2010-09-12,16.28,0.0,0.0,,,,,
2010-09-13,16.3,120.0,1956.0,,,,,
2010-09-14,16.33,230.0,3755.8999999999996,,,,,
2010-09-15,16.32,70.0,1142.4,,,,,
2010-09-16,16.37,140.0,2291.8,,,,,
2010-09-17,16.31,140.0,2283.3999999999996,,,,,
2010-09-18,16.31,0.0,0.0,,,,,
2010-09-19,16.31,0.0,0.0,,,,,
2010-09-20,16.3,60.0,978.0,,,,,
2010-09-21,16.3,20.0,326.0,,,,,
2010-09-22,16.31,40.0,652.4,,,,,
2010-09-23,16.3,150.0,2445.0,,,,,
2010-09-24,16.26,10.0,162.60000000000002,,,,,
2010-09-25,16.26,0.0,0.0,,,,,
2010-09-26,16.26,0.0,0.0,,,,,
2010-09-27,16.28,20.0,325.6,,,,,
2010-09-28,16.28,10.0,162.8,,,,,
2010-09-29,16.28,20.0,325.6,,,,,
2010-09-30,16.28,0.0,0.0,,,,,
2010-10-01,16.58,150.0,2486.9999999999995,,,,,
2010-10-02,16.58,0.0,0.0,,,,,
2010-10-03,16.58,0.0,0.0,,,,,
2010-10-04,16.56,110.0,1821.6,,,,,
2010-10-05,16.63,260.0,4323.8,,,,,
2010-10-06,16.72,180.0,3009.6,,,,,
2010-10-07,16.7,20.0,334.0,,,,,
2010-10-08,16.79,160.0,2686.3999999999996,,,,,
2010-10-09,16.79,0.0,0.0,,,,,
2010-10-10,16.79,0.0,0.0,,,,,
2010-10-11,16.8,40.0,672.0,,,,,
2010-10-12,16.8,60.0,1008.0,,,,,
2010-10-13,16.82,50.0,841.0,,,,,
2010-10-14,16.82,110.0,1850.2,,,,,
2010-10-15,16.82,350.0,5887.0,,,,,
2010-10-16,16.82,0.0,0.0,,,,,
2010-10-17,16.82,0.0,0.0,,,,,
2010-10-18,16.84,270.0,4546.8,,,,,
2010-10-19,16.83,10.0,168.29999999999998,,,,,
2010-10-20,16.88,30.0,506.4,,,,,
2010-10-21,16.88,70.0,1181.6,,,,,
2010-10-22,16.88,10.0,168.79999999999998,,,,,
2010-10-23,16.88,0.0,0.0,,,,,
2010-10-24,16.88,0.0,0.0,,,,,
2010-10-25,16.89,10.0,168.9,,,,,
2010-10-26,16.88,20.0,337.59999999999997,,,,,
2010-10-27,16.88,80.0,1350.3999999999999,,,,,
2010-10-28,16.86,0.0,0.0,,,,,
2010-10-29,16.92,30.0,507.6,,,,,
2010-10-30,16.92,0.0,0.0,,,,,
2010-10-31,16.92,0.0,0.0,,,,,
2010-11-01,16.93,20.0,338.6,,,,,
2010-11-02,16.93,0.0,0.0,,,,,
2010-11-03,16.93,0.0,0.0,,,,,
2010-11-04,16.93,10.0,169.3,,,,,
2010-11-05,15.45,150.0,2317.5,,,,,
2010-11-06,15.45,0.0,0.0,,,,,
2010-11-07,15.45,0.0,0.0,,,,,
2010-11-08,15.38,100.0,1538.0,,,,,
2010-11-09,15.45,100.0,1545.0,,,,,
2010-11-10,15.45,20.0,309.0,,,,,
2010-11-11,15.43,70.0,1080.1,,,,,
2010-11-12,15.43,120.0,1851.6,,,,,
2010-11-13,15.43,0.0,0.0,,,,,
2010-11-14,15.43,0.0,0.0,,,,,
2010-11-15,15.43,50.0,771.5,,,,,
2010-11-16,15.43,120.0,1851.6,,,,,
2010-11-17,15.46,70.0,1082.2,,,,,
2010-11-18,15.48,80.0,1238.4,,,,,
2010-11-19,15.43,190.0,2931.7,,,,,
2010-11-20,15.43,0.0,0.0,,,,,
2010-11-21,15.43,0.0,0.0,,,,,
2010-11-22,15.43,40.0,617.2,,,,,
2010-11-23,15.42,40.0,616.8,,,,,
2010-11-24,15.42,10.0,154.2,,,,,
2010-11-25,15.42,0.0,0.0,,,,,
2010-11-26,15.42,0.0,0.0,,,,,
2010-11-27,15.42,0.0,0.0,,,,,
2010-11-28,15.42,0.0,0.0,,,,,
2010-11-29,15.43,320.0,4937.6,,,,,
2010-11-30,15.46,80.0,1236.8000000000002,,,,,
2010-12-01,15.46,30.0,463.8,,,,,
2010-12-02,15.46,0.0,0.0,,,,,
2010-12-03,13.9,70.0,973.0,,,,,
2010-12-04,13.9,0.0,0.0,,,,,
2010-12-05,13.9,0.0,0.0,,,,,
2010-12-06,13.88,240.0,3331.2000000000003,,,,,
2010-12-07,13.84,320.0,4428.8,,,,,
2010-12-08,13.84,190.0,2629.6,,,,,
2010-12-09,13.78,80.0,1102.3999999999999,,,,,
2010-12-10,13.8,130.0,1794.0,,,,,
2010-12-11,13.8,0.0,0.0,,,,,
2010-12-12,13.8,0.0,0.0,,,,,
2010-12-13,13.82,130.0,1796.6000000000001,,,,,
2010-12-14,13.78,30.0,413.4,,,,,
2010-12-15,13.78,100.0,1378.0,,,,,
2010-12-16,13.78,80.0,1102.3999999999999,,,,,
2010-12-17,13.73,330.0,4530.900000000001,,,,,
2010-12-18,13.73,0.0,0.0,,,,,
2010-12-19,13.73,0.0,0.0,,,,,
2010-12-20,13.74,40.0,549.6,,,,,
2010-12-21,13.74,30.0,412.2,,,,,
2010-12-22,13.73,30.0,411.90000000000003,,,,,
2010-12-23,13.79,110.0,1516.8999999999999,,,,,
2010-12-24,13.79,0.0,0.0,,,,,
2010-12-25,13.79,0.0,0.0,,,,,
2010-12-26,13.79,0.0,0.0,,,,,
2010-12-27,13.82,30.0,414.6,,,,,
2010-12-28,13.84,30.0,415.2,,,,,
2010-12-29,13.86,50.0,693.0,,,,,
2010-12-30,13.27,180.0,2388.6,,,,,
2010-12-31,13.22,210.0,2776.2000000000003,,,,,
2011-01-01,13.22,0.0,0.0,,,,,
2011-01-02,13.22,0.0,0.0,,,,,
2011-01-03,13.19,190.0,2506.1,,,,,
2011-01-04,13.18,360.0,4744.8,,,,,
2011-01-05,13.21,690.0,9114.900000000001,,,,,
2011-01-06,13.22,360.0,4759.2,,,,,
2011-01-07,13.33,250.0,3332.5,,,,,
2011-01-08,13.33,0.0,0.0,,,,,
2011-01-09,13.33,0.0,0.0,,,,,
2011-01-10,13.35,110.0,1468.5,,,,,
2011-01-11,13.46,490.0,6595.400000000001,,,,,
2011-01-12,13.52,240.0,3244.7999999999997,,,,,
2011-01-13,13.55,130.0,1761.5,,,,,
2011-01-14,13.51,130.0,1756.3,,,,,
2011-01-15,13.51,0.0,0.0,,,,,
2011-01-16,13.51,0.0,0.0,,,,,
2011-01-17,13.51,0.0,0.0,,,,,
2011-01-18,13.51,170.0,2296.7,,,,,
2011-01-19,13.47,160.0,2155.2000000000003,,,,,
2011-01-20,13.5,50.0,675.0,,,,,
2011-01-21,13.5,240.0,3240.0,,,,,
2011-01-22,13.5,0.0,0.0,,,,,
2011-01-23,13.5,0.0,0.0,,,,,
2011-01-24,13.53,70.0,947.0999999999999,,,,,
2011-01-25,13.53,10.0,135.29999999999998,,,,,
2011-01-26,13.53,0.0,0.0,,,,,
2011-01-27,13.52,50.0,676.0,,,,,
2011-01-28,13.5,10.0,135.0,,,,,
2011-01-29,13.5,0.0,0.0,,,,,
2011-01-30,13.5,0.0,0.0,,,,,
2011-01-31,13.49,0.0,0.0,,,,,
2011-02-01,13.5,10.0,135.0,,,,,
2011-02-02,13.49,0.0,0.0,,,,,
2011-02-03,13.5,0.0,0.0,,,,,
2011-02-04,16.59,310.0,5142.9,,,,,
2011-02-05,16.59,0.0,0.0,0.0,0.0,,,
2011-02-06,16.59,0.0,0.0,,,,,
2011-02-07,16.56,180.0,2980.7999999999997,,,,,
2011-02-08,16.7,340.0,5678.0,,,,,
2011-02-09,16.69,160.0,2670.4,,,,,
2011-02-10,16.7,130.0,2171.0,,,,,
2011-02-11,16.99,280.0,4757.2,,,,,
2011-02-12,16.99,0.0,0.0,0.0,0.0,,,
2011-02-13,16.99,0.0,0.0,,,,,
2011-02-14,16.96,20.0,339.20000000000005,,,,,
2011-02-15,16.96,30.0,508.8,,,,,
2011-02-16,16.93,80.0,1354.4,,,,,
2011-02-17,16.98,110.0,1867.8,,,,,
2011-02-18,16.99,310.0,5266.9,,,,,
2011-02-19,16.99,0.0,0.0,,,,,
2011-02-20,16.99,0.0,0.0,,,,,
2011-02-21,16.99,0.0,0.0,,,,,
2011-02-22,16.98,90.0,1528.2,,,,,
2011-02-23,17.04,110.0,1874.3999999999999,,,,,
2011-02-24,17.0,40.0,680.0,,,,,
2011-02-25,17.07,180.0,3072.6,,,,,
2011-02-26,17.07,0.0,0.0,,,,,
2011-02-27,17.07,0.0,0.0,,,,,
2011-02-28,17.05,70.0,1193.5,,,,,
2011-03-01,17.08,90.0,1537.1999999999998,,,,,
2011-03-02,17.07,0.0,0.0,,,,,
2011-03-03,19.6,340.0,6664.000000000001,,,,,
2011-03-04,19.58,250.0,4895.0,-0.0010204081632654294,-1.0,,,
2011-03-05,19.58,0.0,0.0,,,,,
2011-03-06,19.58,0.0,0.0,,,,,
2011-03-07,19.61,270.0,5294.7,,,,,
2011-03-08,19.54,280.0,5471.2,,,,,
2011-03-09,19.63,500.0,9815.0,,,,,
2011-03-10,19.6,90.0,1764.0000000000002,,,,,
2011-03-11,19.65,120.0,2358.0,,,,,
2011-03-12,19.65,0.0,0.0,,,,,
2011-03-13,19.65,0.0,0.0,,,,,
2011-03-14,19.61,80.0,1568.8,,,,,
2011-03-15,19.59,190.0,3722.1,,,,,
2011-03-16,19.58,150.0,2936.9999999999995,,,,,
2011-03-17,19.55,160.0,3128.0,,,,,
2011-03-18,19.5,60.0,1170.0,,,,,
2011-03-19,19.5,0.0,0.0,,,,,
2011-03-20,19.5,0.0,0.0,,,,,
2011-03-21,19.46,170.0,3308.2000000000003,,,,,
2011-03-22,19.46,110.0,2140.6,,,,,
2011-03-23,19.46,40.0,778.4000000000001,,,,,
2011-03-24,19.45,110.0,2139.5,,,,,
2011-03-25,19.44,150.0,2916.0,,,,,
2011-03-26,19.44,0.0,0.0,,,,,
2011-03-27,19.44,0.0,0.0,,,,,
2011-03-28,19.44,160.0,3110.4,,,,,
2011-03-29,19.46,300.0,5838.0,,,,,
2011-03-30,19.44,50.0,972.0000000000001,,,,,
2011-03-31,19.46,20.0,389.20000000000005,,,,,
2011-04-01,16.65,250.0,4162.5,,,,,
2011-04-02,16.65,0.0,0.0,0.0,0.0,-0.0,0.0,-1.0
2011-04-03,16.65,0.0,0.0,,,,,
2011-04-04,16.52,150.0,2478.0,,,,,
2011-04-05,16.54,130.0,2150.2,,,,,
2011-04-06,16.63,90.0,1496.6999999999998,,,,,
2011-04-07,16.59,130.0,2156.7,,,,,
2011-04-08,16.71,210.0,3509.1000000000004,,,,,
2011-04-09,16.71,0.0,0.0,,,,,
2011-04-10,16.71,0.0,0.0,,,,,
2011-04-11,16.78,200.0,3356.0,,,,,
2011-04-12,16.75,110.0,1842.5,,,,,
2011-04-13,16.74,40.0,669.5999999999999,,,,,
2011-04-14,16.74,30.0,502.19999999999993,,,,,
2011-04-15,16.74,140.0,2343.6,,,,,
2011-04-16,16.74,0.0,0.0,,,,,
2011-04-17,16.74,0.0,0.0,,,,,
2011-04-18,16.74,0.0,0.0,,,,,
2011-04-19,16.74,80.0,1339.1999999999998,,,,,
2011-04-20,16.74,10.0,167.39999999999998,,,,,
2011-04-21,16.8,100.0,1680.0,,,,,
2011-04-22,16.8,0.0,0.0,,,,,
2011-04-23,16.8,0.0,0.0,,,,,
2011-04-24,16.8,0.0,0.0,,,,,
2011-04-25,16.8,10.0,168.0,,,,,
2011-04-26,16.8,40.0,672.0,,,,,
2011-04-27,16.8,40.0,672.0,,,,,
2011-04-28,16.8,10.0,168.0,,,,,
2011-04-29,16.41,110.0,1805.1,,,,,
2011-04-30,16.41,0.0,0.0,0.0,0.0,,,
2011-05-01,16.41,0.0,0.0,,,,,
2011-05-02,16.47,140.0,2305.7999999999997,,,,,
2011-05-03,16.46,70.0,1152.2,,,,,
2011-05-04,16.52,90.0,1486.8,,,,,
2011-05-05,16.58,60.0,994.8,,,,,
2011-05-06,16.58,130.0,2155.3999999999996,,,,,
2011-05-07,16.58,0.0,0.0,,,,,
2011-05-08,16.58,0.0,0.0,,,,,
2011-05-09,16.52,30.0,495.59999999999997,,,,,
2011-05-10,16.49,40.0,659.5999999999999,,,,,
2011-05-11,16.36,120.0,1963.1999999999998,,,,,
2011-05-12,16.45,80.0,1316.0,,,,,
2011-05-13,16.38,10.0,163.79999999999998,,,,,
2011-05-14,16.38,0.0,0.0,,,,,
2011-05-15,16.38,0.0,0.0,,,,,
2011-05-16,16.41,40.0,656.4,,,,,
2011-05-17,16.42,110.0,1806.2000000000003,,,,,
2011-05-18,16.43,60.0,985.8,,,,,
2011-05-19,16.44,110.0,1808.4,,,,,
2011-05-20,16.48,60.0,988.8000000000001,,,,,
2011-05-21,16.48,0.0,0.0,,,,,
2011-05-22,16.48,0.0,0.0,,,,,
2011-05-23,16.48,10.0,164.8,,,,,
2011-05-24,16.46,110.0,1810.6000000000001,,,,,
2011-05-25,16.49,70.0,1154.3,,,,,
2011-05-26,16.51,30.0,495.30000000000007,,,,,
2011-05-27,16.55,150.0,2482.5,,,,,
2011-05-28,16.55,0.0,0.0,,,,,
2011-05-29,16.55,0.0,0.0,,,,,
2011-05-30,16.55,0.0,0.0,,,,,
2011-05-31,16.54,100.0,1654.0,,,,,
2011-06-01,16.53,60.0,991.8000000000001,,,,,
2011-06-02,16.52,0.0,0.0,,,,,
2011-06-03,18.95,160.0,3032.0,,,,,
2011-06-04,18.95,0.0,0.0,0.0,0.0,,,
2011-06-05,18.95,0.0,0.0,,,,,
2011-06-06,19.01,210.0,3992.1000000000004,,,,,
2011-06-07,18.87,290.0,5472.3,,,,,
2011-06-08,18.97,140.0,2655.7999999999997,,,,,
2011-06-09,19.0,40.0,760.0,,,,,
2011-06-10,19.07,50.0,953.5,,,,,
2011-06-11,19.07,0.0,0.0,,,,,
2011-06-12,19.07,0.0,0.0,,,,,
2011-06-13,19.15,120.0,2298.0,,,,,
2011-06-14,19.22,40.0,768.8,,,,,
2011-06-15,19.17,20.0,383.40000000000003,,,,,
2011-06-16,19.2,110.0,2112.0,,,,,
2011-06-17,19.15,210.0,4021.4999999999995,,,,,
2011-06-18,19.15,0.0,0.0,,,,,
2011-06-19,19.15,0.0,0.0,,,,,
2011-06-20,19.15,180.0,3446.9999999999995,,,,,
2011-06-21,19.14,100.0,1914.0,,,,,
2011-06-22,19.14,20.0,382.8,,,,,
2011-06-23,19.14,30.0,574.2,,,,,
2011-06-24,19.23,110.0,2115.3,,,,,
2011-06-25,19.23,0.0,0.0,0.0,0.0,,,
2011-06-26,19.23,0.0,0.0,,,,,
2011-06-27,19.23,30.0,576.9,,,,,
2011-06-28,19.23,50.0,961.5,,,,,
2011-06-29,19.23,10.0,192.3,,,,,
2011-06-30,19.23,10.0,192.3,,,,,
2011-07-01,20.51,60.0,1230.6000000000001,,,,,
2011-07-02,20.51,0.0,0.0,0.0,0.0,,,
2011-07-03,20.51,0.0,0.0,,,,,
2011-07-04,20.51,0.0,0.0,,,,,
2011-07-05,20.68,200.0,4136.0,,,,,
2011-07-06,20.6,260.0,5356.0,,,,,
2011-07-07,20.78,230.0,4779.400000000001,,,,,
2011-07-08,21.0,330.0,6930.0,,,,,
2011-07-09,21.0,0.0,0.0,0.0,0.0,,,
2011-07-10,21.0,0.0,0.0,,,,,
2011-07-11,21.13,400.0,8452.0,,,,,
2011-07-12,21.03,150.0,3154.5,,,,,
2011-07-13,21.01,70.0,1470.7,,,,,
2011-07-14,21.03,70.0,1472.1000000000001,,,,,
2011-07-15,21.19,270.0,5721.3,,,,,
2011-07-16,21.19,0.0,0.0,,,,,
2011-07-17,21.19,0.0,0.0,,,,,
2011-07-18,21.19,280.0,5933.200000000001,,,,,
2011-07-19,21.21,300.0,6363.0,,,,,
2011-07-20,21.21,70.0,1484.7,,,,,
2011-07-21,21.25,180.0,3825.0,,,,,
2011-07-22,21.33,160.0,3412.7999999999997,,,,,
2011-07-23,21.33,0.0,0.0,,,,,
2011-07-24,21.33,0.0,0.0,,,,,
2011-07-25,21.33,40.0,853.1999999999999,,,,,
2011-07-26,21.34,40.0,853.6,,,,,
2011-07-27,21.34,20.0,426.8,,,,,
2011-07-28,21.33,120.0,2559.6,,,,,
2011-07-29,21.38,260.0,5558.8,,,,,
2011-07-30,21.38,0.0,0.0,,,,,
2011-07-31,21.38,0.0,0.0,,,,,
2011-08-01,21.38,20.0,427.59999999999997,,,,,
2011-08-02,21.38,30.0,641.4,,,,,
2011-08-03,21.36,40.0,854.4,,,,,
2011-08-04,21.45,160.0,3432.0,,,,,
2011-08-05,21.5,140.0,3010.0,,,,,
2011-08-06,21.5,0.0,0.0,,,,,
2011-08-07,21.5,0.0,0.0,,,,,
2011-08-08,21.55,250.0,5387.5,,,,,
2011-08-09,21.56,300.0,6468.0,,,,,
2011-08-10,21.62,590.0,12755.800000000001,,,,,
2011-08-11,21.5,330.0,7095.0,,,,,
2011-08-12,21.56,160.0,3449.6,,,,,
2011-08-13,21.56,0.0,0.0,,,,,
2011-08-14,21.56,0.0,0.0,,,,,
2011-08-15,21.6,160.0,3456.0,,,,,
2011-08-16,21.57,90.0,1941.3,,,,,
2011-08-17,21.5,250.0,5375.0,,,,,
2011-08-18,21.47,110.0,2361.7,,,,,
2011-08-19,21.48,390.0,8377.2,,,,,
2011-08-20,21.48,0.0,0.0,,,,,
2011-08-21,21.48,0.0,0.0,,,,,
2011-08-22,21.53,20.0,430.6,,,,,
2011-08-23,21.5,130.0,2795.0,,,,,
2011-08-24,21.52,40.0,860.8,,,,,
2011-08-25,21.52,20.0,430.4,,,,,
2011-08-26,21.57,130.0,2804.1,,,,,
2011-08-27,21.57,0.0,0.0,,,,,
2011-08-28,21.57,0.0,0.0,,,,,
2011-08-29,21.58,30.0,647.4,,,,,
2011-08-30,21.55,40.0,862.0,,,,,
2011-08-31,21.57,30.0,647.1,,,,,
2011-09-01,21.59,40.0,863.6,,,,,
2011-09-02,19.06,200.0,3811.9999999999995,,,,,
2011-09-03,19.06,0.0,0.0,,,,,
2011-09-04,19.06,0.0,0.0,,,,,
2011-09-05,19.06,0.0,0.0,,,,,
2011-09-06,19.01,220.0,4182.200000000001,,,,,
2011-09-07,18.97,410.0,7777.7,,,,,
2011-09-08,18.98,180.0,3416.4,,,,,
2011-09-09,18.92,170.0,3216.4,,,,,
2011-09-10,18.92,0.0,0.0,,,,,
2011-09-11,18.92,0.0,0.0,,,,,
2011-09-12,18.92,180.0,3405.6000000000004,,,,,
2011-09-13,18.92,150.0,2838.0000000000005,,,,,
2011-09-14,18.92,200.0,3784.0000000000005,,,,,
2011-09-15,18.93,100.0,1893.0,,,,,
2011-09-16,18.94,230.0,4356.200000000001,,,,,
2011-09-17,18.94,0.0,0.0,,,,,
2011-09-18,18.94,0.0,0.0,,,,,
2011-09-19,18.93,240.0,4543.2,,,,,
2011-09-20,18.93,80.0,1514.4,,,,,
2011-09-21,18.93,30.0,567.9,,,,,
2011-09-22,18.93,130.0,2460.9,,,,,
2011-09-23,19.0,130.0,2470.0,,,,,
2011-09-24,19.0,0.0,0.0,,,,,
2011-09-25,19.0,0.0,0.0,,,,,
2011-09-26,19.01,60.0,1140.6000000000001,,,,,
2011-09-27,19.0,90.0,1710.0,,,,,
2011-09-28,19.0,50.0,950.0,,,,,
2011-09-29,19.0,0.0,0.0,,,,,
2011-09-30,17.44,120.0,2092.8,,,,,
2011-10-01,17.44,0.0,0.0,,,,,
2011-10-02,17.44,0.0,0.0,,,,,
2011-10-03,17.4,220.0,3827.9999999999995,,,,,
2011-10-04,17.65,250.0,4412.5,,,,,
2011-10-05,17.82,210.0,3742.2000000000003,,,,,
2011-10-06,17.92,270.0,4838.400000000001,0.0056116722783390305,1.0,,,
2011-10-07,18.03,170.0,3065.1000000000004,,,,,
2011-10-08,18.03,0.0,0.0,,,,,
2011-10-09,18.03,0.0,0.0,,,,,
2011-10-10,17.92,180.0,3225.6000000000004,,,,,
2011-10-11,17.92,40.0,716.8000000000001,,,,,
2011-10-12,17.9,100.0,1789.9999999999998,,,,,
2011-10-13,17.94,50.0,897.0000000000001,,,,,
2011-10-14,17.92,190.0,3404.8,,,,,
2011-10-15,17.92,0.0,0.0,,,,,
2011-10-16,17.92,0.0,0.0,,,,,
2011-10-17,17.9,90.0,1610.9999999999998,,,,,
2011-10-18,17.92,60.0,1075.2,,,,,
2011-10-19,17.92,10.0,179.20000000000002,,,,,
2011-10-20,17.93,80.0,1434.4,,,,,
2011-10-21,18.0,210.0,3780.0,,,,,
2011-10-22,18.0,0.0,0.0,,,,,
2011-10-23,18.0,0.0,0.0,,,,,
2011-10-24,18.0,50.0,900.0,,,,,
2011-10-25,18.0,10.0,180.0,,,,,
2011-10-26,18.0,10.0,180.0,,,,,
2011-10-27,18.0,10.0,180.0,,,,,
2011-10-28,18.04,100.0,1804.0,,,,,
2011-10-29,18.04,0.0,0.0,,,,,
2011-10-30,18.04,0.0,0.0,,,,,
2011-10-31,18.04,0.0,0.0,,,,,
2011-11-01,18.04,20.0,360.79999999999995,,,,,
2011-11-02,18.03,0.0,0.0,,,,,
2011-11-03,18.04,10.0,180.39999999999998,,,,,
2011-11-04,18.88,290.0,5475.2,,,,,
2011-11-05,18.88,0.0,0.0,,,,,
2011-11-06,18.88,0.0,0.0,,,,,
2011-11-07,18.93,170.0,3218.1,,,,,
2011-11-08,18.87,240.0,4528.8,,,,,
2011-11-09,18.83,200.0,3765.9999999999995,,,,,
2011-11-10,18.94,190.0,3598.6000000000004,,,,,
2011-11-11,19.0,210.0,3990.0,,,,,
2011-11-12,19.0,0.0,0.0,,,,,
2011-11-13,19.0,0.0,0.0,,,,,
2011-11-14,19.13,160.0,3060.7999999999997,,,,,
2011-11-15,19.16,190.0,3640.4,,,,,
2011-11-16,19.09,220.0,4199.8,,,,,
2011-11-17,19.08,80.0,1526.3999999999999,,,,,
2011-11-18,19.09,120.0,2290.8,,,,,
2011-11-19,19.09,0.0,0.0,,,,,
2011-11-20,19.09,0.0,0.0,,,,,
2011-11-21,19.12,250.0,4780.0,,,,,
2011-11-22,19.11,90.0,1719.8999999999999,,,,,
2011-11-23,19.11,10.0,191.1,,,,,
2011-11-24,19.11,0.0,0.0,,,,,
2011-11-25,19.11,0.0,0.0,,,,,
2011-11-26,19.11,0.0,0.0,,,,,
2011-11-27,19.11,0.0,0.0,,,,,
2011-11-28,19.11,30.0,573.3,,,,,
2011-11-29,19.11,0.0,0.0,,,,,
2011-11-30,19.1,0.0,0.0,,,,,
2011-12-01,19.1,0.0,0.0,,,,,
2011-12-02,18.66,130.0,2425.8,,,,,
2011-12-03,18.66,0.0,0.0,,,,,
2011-12-04,18.66,0.0,0.0,,,,,
2011-12-05,18.69,110.0,2055.9,,,,,
2011-12-06,18.52,310.0,5741.2,,,,,
2011-12-07,18.49,130.0,2403.7,,,,,
2011-12-08,18.54,260.0,4820.4,,,,,
2011-12-09,18.59,270.0,5019.3,,,,,
2011-12-10,18.59,0.0,0.0,,,,,
2011-12-11,18.59,0.0,0.0,,,,,
2011-12-12,18.56,180.0,3340.7999999999997,,,,,
2011-12-13,18.56,160.0,2969.6,,,,,
2011-12-14,18.56,230.0,4268.799999999999,,,,,
2011-12-15,18.56,160.0,2969.6,,,,,
2011-12-16,18.66,260.0,4851.6,,,,,
2011-12-17,18.66,0.0,0.0,,,,,
2011-12-18,18.66,0.0,0.0,,,,,
2011-12-19,18.71,140.0,2619.4,,,,,
2011-12-20,18.7,120.0,2244.0,,,,,
2011-12-21,18.7,90.0,1683.0,,,,,
2011-12-22,18.68,140.0,2615.2,,,,,
2011-12-23,18.66,100.0,1866.0,,,,,
2011-12-24,18.66,0.0,0.0,,,,,
2011-12-25,18.66,0.0,0.0,,,,,
2011-12-26,18.66,0.0,0.0,,,,,
2011-12-27,18.66,90.0,1679.4,,,,,
2011-12-28,18.66,30.0,559.8,,,,,
2011-12-29,18.66,240.0,4478.4,,,,,
2011-12-30,17.26,230.0,3969.8,,,,,
2011-12-31,17.26,0.0,0.0,,,,,
2012-01-01,17.26,0.0,0.0,,,,,
2012-01-02,17.26,0.0,0.0,,,,,
2012-01-03,17.14,230.0,3942.2000000000003,,,,,
2012-01-04,17.09,220.0,3759.8,,,,,
2012-01-05,17.19,300.0,5157.0,,,,,
2012-01-06,17.26,270.0,4660.200000000001,,,,,
2012-01-07,17.26,0.0,0.0,,,,,
2012-01-08,17.26,0.0,0.0,,,,,
2012-01-09,17.14,350.0,5999.0,,,,,
2012-01-10,17.12,320.0,5478.400000000001,,,,,
2012-01-11,17.14,110.0,1885.4,,,,,
2012-01-12,17.12,70.0,1198.4,,,,,
2012-01-13,17.11,280.0,4790.8,,,,,
2012-01-14,17.11,0.0,0.0,,,,,
2012-01-15,17.11,0.0,0.0,,,,,
2012-01-16,17.11,0.0,0.0,,,,,
2012-01-17,17.08,150.0,2561.9999999999995,,,,,
2012-01-18,17.07,250.0,4267.5,,,,,
2012-01-19,17.07,70.0,1194.9,,,,,
2012-01-20,17.1,80.0,1368.0,,,,,
2012-01-21,17.1,0.0,0.0,,,,,
2012-01-22,17.1,0.0,0.0,,,,,
2012-01-23,17.09,90.0,1538.1,,,,,
2012-01-24,17.1,0.0,0.0,,,,,
2012-01-25,17.09,20.0,341.8,,,,,
2012-01-26,17.09,40.0,683.6,,,,,
2012-01-27,17.1,90.0,1539.0000000000002,,,,,
2012-01-28,17.1,0.0,0.0,,,,,
2012-01-29,17.1,0.0,0.0,,,,,
2012-01-30,17.1,10.0,171.0,,,,,
2012-01-31,17.09,20.0,341.8,,,,,
2012-02-01,17.1,40.0,684.0,,,,,
2012-02-02,17.09,10.0,170.9,,,,,
2012-02-03,16.15,370.0,5975.499999999999,,,,,
2012-02-04,16.15,0.0,0.0,,,,,
2012-02-05,16.15,0.0,0.0,,,,,
2012-02-06,16.15,50.0,807.4999999999999,,,,,
2012-02-07,16.08,20.0,321.59999999999997,,,,,
2012-02-08,16.06,210.0,3372.6,,,,,
2012-02-09,16.09,170.0,2735.3,,,,,
2012-02-10,16.08,60.0,964.8,,,,,
2012-02-11,16.08,0.0,0.0,,,,,
2012-02-12,16.08,0.0,0.0,,,,,
2012-02-13,16.07,170.0,2731.9,,,,,
2012-02-14,16.1,80.0,1288.0,,,,,
2012-02-15,16.12,90.0,1450.8000000000002,,,,,
2012-02-16,16.1,40.0,644.0,,,,,
2012-02-17,16.07,80.0,1285.6,,,,,
2012-02-18,16.07,0.0,0.0,,,,,
2012-02-19,16.07,0.0,0.0,,,,,
2012-02-20,16.07,0.0,0.0,,,,,
2012-02-21,16.07,40.0,642.8,,,,,
2012-02-22,16.07,20.0,321.4,,,,,
2012-02-23,16.08,60.0,964.8,,,,,
2012-02-24,16.08,0.0,0.0,,,,,
2012-02-25,16.08,0.0,0.0,,,,,
2012-02-26,16.08,0.0,0.0,,,,,
2012-02-27,16.07,30.0,482.1,,,,,
2012-02-28,16.07,20.0,321.4,,,,,
2012-02-29,16.07,30.0,482.1,,,,,
2012-03-01,16.07,20.0,321.4,,,,,
2012-03-02,15.36,250.0,3840.0,,,,,
2012-03-03,15.36,0.0,0.0,,,,,
2012-03-04,15.36,0.0,0.0,,,,,
2012-03-05,15.19,390.0,5924.099999999999,,,,,
2012-03-06,15.25,140.0,2135.0,,,,,
2012-03-07,15.35,190.0,2916.5,,,,,
2012-03-08,15.36,300.0,4608.0,,,,,
2012-03-09,15.42,0.0,0.0,,,,,
2012-03-10,15.42,0.0,0.0,,,,,
2012-03-11,15.42,0.0,0.0,,,,,
2012-03-12,15.45,100.0,1545.0,,,,,
2012-03-13,15.49,370.0,5731.3,,,,,
2012-03-14,15.5,70.0,1085.0,,,,,
2012-03-15,15.51,100.0,1551.0,,,,,
2012-03-16,15.61,150.0,2341.5,,,,,
2012-03-17,15.61,0.0,0.0,,,,,
2012-03-18,15.61,0.0,0.0,,,,,
2012-03-19,15.63,30.0,468.90000000000003,,,,,
2012-03-20,15.64,30.0,469.20000000000005,,,,,
2012-03-21,15.64,70.0,1094.8,,,,,
2012-03-22,15.63,390.0,6095.700000000001,,,,,
2012-03-23,15.63,70.0,1094.1000000000001,,,,,
2012-03-24,15.63,0.0,0.0,,,,,
2012-03-25,15.63,0.0,0.0,,,,,
2012-03-26,15.64,50.0,782.0,,,,,
2012-03-27,15.64,50.0,782.0,,,,,
2012-03-28,15.64,0.0,0.0,,,,,
2012-03-29,15.64,20.0,312.8,,,,,
2012-03-30,15.66,620.0,9709.2,,,,,
2012-03-31,15.66,0.0,0.0,,,,,
2012-04-01,15.66,0.0,0.0,,,,,
2012-04-02,15.84,310.0,4910.4,,,,,
2012-04-03,15.87,570.0,9045.9,,,,,
2012-04-04,15.71,590.0,9268.9,,,,,
2012-04-05,15.5,190.0,2945.0,,,,,
2012-04-06,15.5,0.0,0.0,,,,,
2012-04-07,15.5,0.0,0.0,,,,,
2012-04-08,15.5,0.0,0.0,,,,,
2012-04-09,15.62,100.0,1562.0,,,,,
2012-04-10,15.64,150.0,2346.0,,,,,
2012-04-11,15.6,90.0,1404.0,,,,,
2012-04-12,15.73,90.0,1415.7,,,,,
2012-04-13,15.8,180.0,2844.0,,,,,
2012-04-14,15.8,0.0,0.0,,,,,
2012-04-15,15.8,0.0,0.0,,,,,
2012-04-16,15.79,40.0,631.5999999999999,,,,,
2012-04-17,15.78,50.0,789.0,,,,,
2012-04-18,15.74,170.0,2675.8,,,,,
2012-04-19,15.77,170.0,2680.9,,,,,
2012-04-20,15.77,110.0,1734.7,,,,,
2012-04-21,15.77,0.0,0.0,,,,,
2012-04-22,15.77,0.0,0.0,,,,,
2012-04-23,15.73,110.0,1730.3,,,,,
2012-04-24,15.76,150.0,2364.0,,,,,
2012-04-25,15.74,20.0,314.8,,,,,
2012-04-26,15.73,10.0,157.3,,,,,
2012-04-27,15.73,30.0,471.90000000000003,,,,,
2012-04-28,15.73,0.0,0.0,,,,,
2012-04-29,15.73,0.0,0.0,,,,,
2012-04-30,15.73,10.0,157.3,,,,,
2012-05-01,15.73,20.0,314.6,,,,,
2012-05-02,15.13,320.0,4841.6,,,,,
2012-05-03,14.95,320.0,4784.0,,,,,
2012-05-04,15.1,150.0,2265.0,,,,,
2012-05-05,15.1,0.0,0.0,,,,,
2012-05-06,15.1,0.0,0.0,,,,,
2012-05-07,15.17,80.0,1213.6,,,,,
2012-05-08,15.09,170.0,2565.3,,,,,
2012-05-09,15.12,190.0,2872.7999999999997,,,,,
2012-05-10,15.24,200.0,3048.0,,,,,
2012-05-11,15.26,100.0,1526.0,,,,,
2012-05-12,15.26,0.0,0.0,,,,,
2012-05-13,15.26,0.0,0.0,,,,,
2012-05-14,15.24,50.0,762.0,,,,,
2012-05-15,15.25,90.0,1372.5,,,,,
2012-05-16,15.26,30.0,457.8,,,,,
2012-05-17,15.17,70.0,1061.9,,,,,
2012-05-18,15.17,10.0,151.7,,,,,
2012-05-19,15.17,0.0,0.0,,,,,
2012-05-20,15.17,0.0,0.0,,,,,
2012-05-21,15.22,140.0,2130.8,,,,,
2012-05-22,15.22,0.0,0.0,,,,,
2012-05-23,15.21,100.0,1521.0,,,,,
2012-05-24,15.22,10.0,152.20000000000002,,,,,
2012-05-25,15.27,30.0,458.09999999999997,,,,,
2012-05-26,15.27,0.0,0.0,,,,,
2012-05-27,15.27,0.0,0.0,,,,,
2012-05-28,15.27,0.0,0.0,,,,,
2012-05-29,15.27,20.0,305.4,,,,,
2012-05-30,15.28,0.0,0.0,,,,,
2012-05-31,15.62,250.0,3905.0,,,,,
2012-06-01,15.62,300.0,4686.0,,,,,
2012-06-02,15.62,0.0,0.0,,,,,
2012-06-03,15.62,0.0,0.0,,,,,
2012-06-04,15.39,250.0,3847.5,,,,,
2012-06-05,15.53,140.0,2174.2,,,,,
2012-06-06,15.47,80.0,1237.6000000000001,,,,,
2012-06-07,15.59,150.0,2338.5,,,,,
2012-06-08,15.55,250.0,3887.5,,,,,
2012-06-09,15.55,0.0,0.0,,,,,
2012-06-10,15.55,0.0,0.0,,,,,
2012-06-11,15.56,80.0,1244.8,,,,,
2012-06-12,15.69,170.0,2667.2999999999997,,,,,
2012-06-13,15.7,180.0,2826.0,,,,,
2012-06-14,15.62,80.0,1249.6,,,,,
2012-06-15,15.61,70.0,1092.7,,,,,
2012-06-16,15.61,0.0,0.0,,,,,
2012-06-17,15.61,0.0,0.0,,,,,
2012-06-18,15.6,100.0,1560.0,,,,,
2012-06-19,15.64,90.0,1407.6000000000001,,,,,
2012-06-20,15.69,120.0,1882.8,,,,,
2012-06-21,15.67,120.0,1880.4,,,,,
2012-06-22,15.67,30.0,470.1,,,,,
2012-06-23,15.67,0.0,0.0,,,,,
2012-06-24,15.67,0.0,0.0,,,,,
2012-06-25,15.65,10.0,156.5,,,,,
2012-06-26,15.66,30.0,469.8,,,,,
2012-06-27,15.64,20.0,312.8,,,,,
2012-06-28,15.63,20.0,312.6,,,,,
2012-06-29,15.65,80.0,1252.0,,,,,
2012-06-30,15.65,0.0,0.0,,,,,
2012-07-01,15.65,0.0,0.0,,,,,
2012-07-02,15.62,10.0,156.2,,,,,
2012-07-03,15.62,10.0,156.2,,,,,
2012-07-04,15.62,0.0,0.0,,,,,
2012-07-05,16.76,390.0,6536.400000000001,,,,,
2012-07-06,16.71,70.0,1169.7,,,,,
2012-07-07,16.71,0.0,0.0,,,,,
2012-07-08,16.71,0.0,0.0,,,,,
2012-07-09,16.6,200.0,3320.0000000000005,,,,,
2012-07-10,16.58,120.0,1989.6,,,,,
2012-07-11,16.57,260.0,4308.2,,,,,
2012-07-12,16.71,110.0,1838.1000000000001,,,,,
2012-07-13,16.73,80.0,1338.4,,,,,
2012-07-14,16.73,0.0,0.0,,,,,
2012-07-15,16.73,0.0,0.0,,,,,
2012-07-16,16.72,120.0,2006.3999999999999,,,,,
2012-07-17,16.74,120.0,2008.7999999999997,,,,,
2012-07-18,16.69,260.0,4339.400000000001,,,,,
2012-07-19,16.68,40.0,667.2,,,,,
2012-07-20,16.67,30.0,500.1,,,,,
2012-07-21,16.67,0.0,0.0,,,,,
2012-07-22,16.67,0.0,0.0,,,,,
2012-07-23,16.67,30.0,500.1,,,,,
2012-07-24,16.68,30.0,500.4,,,,,
2012-07-25,16.68,0.0,0.0,,,,,
2012-07-26,16.67,20.0,333.40000000000003,,,,,
2012-07-27,16.67,10.0,166.70000000000002,,,,,
2012-07-28,16.67,0.0,0.0,,,,,
2012-07-29,16.67,0.0,0.0,,,,,
2012-07-30,16.67,20.0,333.40000000000003,,,,,
2012-07-31,16.67,0.0,0.0,,,,,
2012-08-01,17.13,210.0,3597.2999999999997,,,,,
2012-08-02,17.17,100.0,1717.0000000000002,,,,,
2012-08-03,17.49,270.0,4722.299999999999,,,,,
2012-08-04,17.49,0.0,0.0,,,,,
2012-08-05,17.49,0.0,0.0,,,,,
2012-08-06,17.57,340.0,5973.8,,,,,
2012-08-07,17.56,130.0,2282.7999999999997,,,,,
2012-08-08,17.59,310.0,5452.9,,,,,
2012-08-09,17.63,280.0,4936.4,,,,,
2012-08-10,17.64,260.0,4586.400000000001,,,,,
2012-08-11,17.64,0.0,0.0,,,,,
2012-08-12,17.64,0.0,0.0,,,,,
2012-08-13,17.61,150.0,2641.5,,,,,
2012-08-14,17.58,20.0,351.59999999999997,,,,,
2012-08-15,17.64,80.0,1411.2,,,,,
2012-08-16,17.66,190.0,3355.4,,,,,
2012-08-17,17.66,60.0,1059.6,,,,,
2012-08-18,17.66,0.0,0.0,,,,,
2012-08-19,17.66,0.0,0.0,,,,,
2012-08-20,17.65,30.0,529.5,,,,,
2012-08-21,17.66,20.0,353.2,,,,,
2012-08-22,17.63,160.0,2820.7999999999997,,,,,
2012-08-23,17.7,190.0,3363.0,,,,,
2012-08-24,17.72,10.0,177.2,,,,,
2012-08-25,17.72,0.0,0.0,,,,,
2012-08-26,17.72,0.0,0.0,,,,,
2012-08-27,17.72,0.0,0.0,,,,,
2012-08-28,17.72,30.0,531.5999999999999,,,,,
2012-08-29,19.36,430.0,8324.8,,,,,
2012-08-30,19.11,340.0,6497.4,,,,,
2012-08-31,18.89,270.0,5100.3,,,,,
2012-09-01,18.89,0.0,0.0,,,,,
2012-09-02,18.89,0.0,0.0,,,,,
2012-09-03,18.89,0.0,0.0,,,,,
2012-09-04,18.97,200.0,3794.0,,,,,
2012-09-05,18.78,250.0,4695.0,,,,,
2012-09-06,18.86,170.0,3206.2,,,,,
2012-09-07,18.85,80.0,1508.0,,,,,
2012-09-08,18.85,0.0,0.0,,,,,
2012-09-09,18.85,0.0,0.0,,,,,
2012-09-10,18.78,60.0,1126.8000000000002,,,,,
2012-09-11,18.81,110.0,2069.1,,,,,
2012-09-12,18.81,240.0,4514.4,,,,,
2012-09-13,18.88,230.0,4342.4,,,,,
2012-09-14,18.87,120.0,2264.4,,,,,
2012-09-15,18.87,0.0,0.0,,,,,
2012-09-16,18.87,0.0,0.0,,,,,
2012-09-17,18.86,100.0,1886.0,,,,,
2012-09-18,18.86,0.0,0.0,,,,,
2012-09-19,18.86,220.0,4149.2,,,,,
2012-09-20,18.95,50.0,947.5,,,,,
2012-09-21,18.93,210.0,3975.2999999999997,,,,,
2012-09-22,18.93,0.0,0.0,,,,,
2012-09-23,18.93,0.0,0.0,,,,,
2012-09-24,18.95,30.0,568.5,,,,,
2012-09-25,18.94,110.0,2083.4,,,,,
2012-09-26,18.94,140.0,2651.6000000000004,,,,,
2012-09-27,18.97,80.0,1517.6,,,,,
2012-09-28,18.98,20.0,379.6,,,,,
2012-09-29,18.98,0.0,0.0,,,,,
2012-09-30,18.98,0.0,0.0,,,,,
2012-10-01,18.97,70.0,1327.8999999999999,,,,,
2012-10-02,18.96,0.0,0.0,,,,,
2012-10-03,21.17,210.0,4445.700000000001,,,,,
2012-10-04,21.06,250.0,5265.0,,,,,
2012-10-05,20.9,540.0,11286.0,,,,,
2012-10-06,20.9,0.0,0.0,,,,,
2012-10-07,20.9,0.0,0.0,,,,,
2012-10-08,21.05,300.0,6315.0,,,,,
2012-10-09,21.01,270.0,5672.700000000001,,,,,
2012-10-10,21.05,170.0,3578.5,,,,,
2012-10-11,21.12,150.0,3168.0,,,,,
2012-10-12,21.14,60.0,1268.4,,,,,
2012-10-13,21.14,0.0,0.0,,,,,
2012-10-14,21.14,0.0,0.0,,,,,
2012-10-15,21.16,40.0,846.4,,,,,
2012-10-16,21.05,220.0,4631.0,,,,,
2012-10-17,21.05,70.0,1473.5,,,,,
2012-10-18,21.04,470.0,9888.8,,,,,
2012-10-19,21.04,130.0,2735.2,,,,,
2012-10-20,21.04,0.0,0.0,,,,,
2012-10-21,21.04,0.0,0.0,,,,,
2012-10-22,21.05,20.0,421.0,,,,,
2012-10-23,21.04,60.0,1262.3999999999999,,,,,
2012-10-24,21.04,40.0,841.5999999999999,,,,,
2012-10-25,21.04,40.0,841.5999999999999,,,,,
2012-10-26,21.03,110.0,2313.3,,,,,
2012-10-27,21.03,0.0,0.0,,,,,
2012-10-28,21.03,0.0,0.0,,,,,
2012-10-29,21.03,30.0,630.9000000000001,,,,,
2012-10-30,21.05,20.0,421.0,,,,,
2012-10-31,21.06,230.0,4843.799999999999,,,,,
2012-11-01,21.1,150.0,3165.0,,,,,
2012-11-02,21.2,230.0,4876.0,,,,,
2012-11-03,21.2,0.0,0.0,,,,,
2012-11-04,21.2,0.0,0.0,,,,,
2012-11-05,21.19,170.0,3602.3,,,,,
2012-11-06,21.27,180.0,3828.6,,,,,
2012-11-07,20.76,730.0,15154.800000000001,,,,,
2012-11-08,20.9,290.0,6061.0,,,,,
2012-11-09,20.78,410.0,8519.800000000001,,,,,
2012-11-10,20.78,0.0,0.0,,,,,
2012-11-11,20.78,0.0,0.0,,,,,
2012-11-12,20.8,150.0,3120.0,,,,,
2012-11-13,20.9,80.0,1672.0,,,,,
2012-11-14,20.9,80.0,1672.0,,,,,
2012-11-15,20.79,170.0,3534.2999999999997,,,,,
2012-11-16,20.74,220.0,4562.799999999999,,,,,
2012-11-17,20.74,0.0,0.0,,,,,
2012-11-18,20.74,0.0,0.0,,,,,
2012-11-19,20.7,190.0,3933.0,,,,,
2012-11-20,20.71,50.0,1035.5,,,,,
2012-11-21,20.71,0.0,0.0,,,,,
2012-11-22,20.71,0.0,0.0,,,,,
2012-11-23,20.71,0.0,0.0,,,,,
2012-11-24,20.71,0.0,0.0,,,,,
2012-11-25,20.71,0.0,0.0,,,,,
2012-11-26,20.73,60.0,1243.8,,,,,
2012-11-27,20.73,70.0,1451.1000000000001,,,,,
2012-11-28,20.77,150.0,3115.5,,,,,
2012-11-29,20.8,140.0,2912.0,,,,,
2012-11-30,20.8,10.0,208.0,,,,,
2012-12-01,20.8,0.0,0.0,,,,,
2012-12-02,20.8,0.0,0.0,,,,,
2012-12-03,20.78,20.0,415.6,,,,,
2012-12-04,20.8,10.0,208.0,,,,,
2012-12-05,18.47,240.0,4432.799999999999,,,,,
2012-12-06,18.5,210.0,3885.0,,,,,
2012-12-07,18.51,140.0,2591.4,,,,,
2012-12-08,18.51,0.0,0.0,,,,,
2012-12-09,18.51,0.0,0.0,,,,,
2012-12-10,18.51,50.0,925.5000000000001,,,,,
2012-12-11,18.5,110.0,2035.0,,,,,
2012-12-12,18.48,140.0,2587.2000000000003,,,,,
2012-12-13,18.58,150.0,2786.9999999999995,,,,,
2012-12-14,18.59,30.0,557.7,,,,,
2012-12-15,18.59,0.0,0.0,,,,,
2012-12-16,18.59,0.0,0.0,,,,,
2012-12-17,18.63,70.0,1304.1,,,,,
2012-12-18,18.68,20.0,373.6,,,,,
2012-12-19,18.65,70.0,1305.5,,,,,
2012-12-20,18.56,110.0,2041.6,,,,,
2012-12-21,18.57,0.0,0.0,,,,,
2012-12-22,18.57,0.0,0.0,,,,,
2012-12-23,18.57,0.0,0.0,,,,,
2012-12-24,18.57,0.0,0.0,,,,,
2012-12-25,18.57,0.0,0.0,,,,,
2012-12-26,18.56,0.0,0.0,,,,,
2012-12-27,18.56,50.0,927.9999999999999,,,,,
2012-12-28,18.61,10.0,186.1,,,,,
2012-12-29,18.61,0.0,0.0,,,,,
2012-12-30,18.61,0.0,0.0,,,,,
2012-12-31,18.6,20.0,372.0,,,,,
2013-01-01,18.6,0.0,0.0,,,,,
2013-01-02,18.6,40.0,744.0,,,,,
2013-01-03,18.06,240.0,4334.4,,,,,
2013-01-04,18.03,160.0,2884.8,,,,,
2013-01-05,18.03,0.0,0.0,,,,,
2013-01-06,18.03,0.0,0.0,,,,,
2013-01-07,17.97,280.0,5031.599999999999,,,,,
2013-01-08,18.0,160.0,2880.0,,,,,
2013-01-09,18.0,250.0,4500.0,,,,,
2013-01-10,18.07,150.0,2710.5,,,,,
2013-01-11,18.06,80.0,1444.8,,,,,
2013-01-12,18.06,0.0,0.0,,,,,
2013-01-13,18.06,0.0,0.0,,,,,
2013-01-14,18.12,80.0,1449.6000000000001,,,,,
2013-01-15,18.11,40.0,724.4,,,,,
2013-01-16,18.07,70.0,1264.9,,,,,
2013-01-17,18.1,70.0,1267.0,,,,,
2013-01-18,18.11,30.0,543.3,,,,,
2013-01-19,18.11,0.0,0.0,,,,,
2013-01-20,18.11,0.0,0.0,,,,,
2013-01-21,18.11,0.0,0.0,,,,,
2013-01-22,18.1,20.0,362.0,,,,,
2013-01-23,18.12,60.0,1087.2,,,,,
2013-01-24,18.12,40.0,724.8000000000001,,,,,
2013-01-25,18.12,10.0,181.20000000000002,,,,,
2013-01-26,18.12,0.0,0.0,,,,,
2013-01-27,18.12,0.0,0.0,,,,,
2013-01-28,18.12,10.0,181.20000000000002,,,,,
2013-01-29,18.1,0.0,0.0,,,,,
2013-01-30,17.07,260.0,4438.2,,,,,
2013-01-31,17.2,350.0,6020.0,,,,,
2013-02-01,17.18,310.0,5325.8,,,,,
2013-02-02,17.18,0.0,0.0,,,,,
2013-02-03,17.18,0.0,0.0,,,,,
2013-02-04,17.12,230.0,3937.6000000000004,,,,,
2013-02-05,17.12,70.0,1198.4,,,,,
2013-02-06,17.26,130.0,2243.8,,,,,
2013-02-07,17.22,130.0,2238.6,,,,,
2013-02-08,17.24,60.0,1034.3999999999999,,,,,
2013-02-09,17.24,0.0,0.0,,,,,
2013-02-10,17.24,0.0,0.0,,,,,
2013-02-11,17.2,70.0,1204.0,,,,,
2013-02-12,17.25,30.0,517.5,,,,,
2013-02-13,17.23,60.0,1033.8,,,,,
2013-02-14,17.23,90.0,1550.7,,,,,
2013-02-15,17.23,10.0,172.3,,,,,
2013-02-16,17.23,0.0,0.0,,,,,
2013-02-17,17.23,0.0,0.0,,,,,
2013-02-18,17.23,0.0,0.0,,,,,
2013-02-19,17.27,70.0,1208.8999999999999,,,,,
2013-02-20,17.24,50.0,861.9999999999999,,,,,
2013-02-21,17.25,60.0,1035.0,,,,,
2013-02-22,17.26,10.0,172.60000000000002,,,,,
2013-02-23,17.26,0.0,0.0,,,,,
2013-02-24,17.26,0.0,0.0,,,,,
2013-02-25,17.24,110.0,1896.3999999999999,,,,,
2013-02-26,17.22,110.0,1894.1999999999998,,,,,
2013-02-27,17.05,220.0,3751.0,,,,,
2013-02-28,16.98,130.0,2207.4,,,,,
2013-03-01,16.79,250.0,4197.5,,,,,
2013-03-02,16.79,0.0,0.0,,,,,
2013-03-03,16.79,0.0,0.0,,,,,
2013-03-04,16.82,240.0,4036.8,,,,,
2013-03-05,16.94,300.0,5082.0,,,,,
2013-03-06,16.99,140.0,2378.6,,,,,
2013-03-07,17.06,90.0,1535.3999999999999,,,,,
2013-03-08,17.03,0.0,0.0,,,,,
2013-03-09,17.03,0.0,0.0,,,,,
2013-03-10,17.03,0.0,0.0,,,,,
2013-03-11,17.05,70.0,1193.5,,,,,
2013-03-12,16.99,80.0,1359.1999999999998,,,,,
2013-03-13,16.96,90.0,1526.4,,,,,
2013-03-14,16.95,80.0,1356.0,,,,,
2013-03-15,16.95,10.0,169.5,,,,,
2013-03-16,16.95,0.0,0.0,,,,,
2013-03-17,16.95,0.0,0.0,,,,,
2013-03-18,16.95,70.0,1186.5,,,,,
2013-03-19,16.95,120.0,2034.0,,,,,
2013-03-20,16.95,20.0,339.0,,,,,
2013-03-21,16.96,150.0,2544.0,,,,,
2013-03-22,16.99,40.0,679.5999999999999,,,,,
2013-03-23,16.99,0.0,0.0,,,,,
2013-03-24,16.99,0.0,0.0,,,,,
2013-03-25,17.01,180.0,3061.8,,,,,
2013-03-26,17.06,40.0,682.4,,,,,
2013-03-27,17.05,60.0,1023.0,,,,,
2013-03-28,16.97,0.0,0.0,,,,,
2013-03-29,16.97,0.0,0.0,,,,,
2013-03-30,16.97,0.0,0.0,,,,,
2013-03-31,16.97,0.0,0.0,,,,,
2013-04-01,16.97,10.0,169.7,,,,,
2013-04-02,16.95,0.0,0.0,,,,,
2013-04-03,17.42,290.0,5051.8,,,,,
2013-04-04,17.45,190.0,3315.5,,,,,
2013-04-05,17.52,250.0,4380.0,,,,,
2013-04-06,17.52,0.0,0.0,,,,,
2013-04-07,17.52,0.0,0.0,,,,,
2013-04-08,17.6,250.0,4400.0,,,,,
2013-04-09,17.54,130.0,2280.2,,,,,
2013-04-10,17.52,390.0,6832.8,,,,,
2013-04-11,17.59,160.0,2814.4,,,,,
2013-04-12,17.58,40.0,703.1999999999999,,,,,
2013-04-13,17.58,0.0,0.0,,,,,
2013-04-14,17.58,0.0,0.0,,,,,
2013-04-15,17.61,50.0,880.5,,,,,
2013-04-16,17.64,80.0,1411.2,,,,,
2013-04-17,17.66,170.0,3002.2,,,,,
2013-04-18,17.65,170.0,3000.4999999999995,,,,,
2013-04-19,17.62,10.0,176.20000000000002,,,,,
2013-04-20,17.62,0.0,0.0,,,,,
2013-04-21,17.62,0.0,0.0,,,,,
2013-04-22,17.62,10.0,176.20000000000002,,,,,
2013-04-23,17.59,80.0,1407.2,,,,,
2013-04-24,17.59,120.0,2110.8,,,,,
2013-04-25,17.6,60.0,1056.0,,,,,
2013-04-26,17.62,10.0,176.20000000000002,,,,,
2013-04-27,17.62,0.0,0.0,,,,,
2013-04-28,17.62,0.0,0.0,,,,,
2013-04-29,17.6,10.0,176.0,,,,,
2013-04-30,17.6,40.0,704.0,,,,,
2013-05-01,18.65,250.0,4662.5,,,,,
2013-05-02,18.69,410.0,7662.900000000001,,,,,
2013-05-03,18.7,240.0,4488.0,,,,,
2013-05-04,18.7,0.0,0.0,,,,,
2013-05-05,18.7,0.0,0.0,,,,,
2013-05-06,18.68,160.0,2988.8,,,,,
2013-05-07,18.56,310.0,5753.599999999999,,,,,
2013-05-08,18.59,270.0,5019.3,,,,,
2013-05-09,18.58,100.0,1857.9999999999998,,,,,
2013-05-10,18.55,110.0,2040.5,,,,,
2013-05-11,18.55,0.0,0.0,,,,,
2013-05-12,18.55,0.0,0.0,,,,,
2013-05-13,18.51,160.0,2961.6000000000004,,,,,
2013-05-14,18.49,140.0,2588.6,,,,,
2013-05-15,18.5,280.0,5180.0,,,,,
2013-05-16,18.51,120.0,2221.2000000000003,,,,,
2013-05-17,18.52,30.0,555.6,,,,,
2013-05-18,18.52,0.0,0.0,,,,,
2013-05-19,18.52,0.0,0.0,,,,,
2013-05-20,18.51,50.0,925.5000000000001,,,,,
2013-05-21,18.51,20.0,370.20000000000005,,,,,
2013-05-22,18.5,10.0,185.0,,,,,
2013-05-23,18.51,60.0,1110.6000000000001,,,,,
2013-05-24,18.51,90.0,1665.9,,,,,
2013-05-25,18.51,0.0,0.0,,,,,
2013-05-26,18.51,0.0,0.0,,,,,
2013-05-27,18.51,0.0,0.0,,,,,
2013-05-28,18.51,20.0,370.20000000000005,,,,,
2013-05-29,18.5,20.0,370.0,,,,,
2013-05-30,18.5,40.0,740.0,,,,,
2013-05-31,18.51,100.0,1851.0000000000002,,,,,
2013-06-01,18.51,0.0,0.0,,,,,
2013-06-02,18.51,0.0,0.0,,,,,
2013-06-03,18.51,10.0,185.10000000000002,,,,,
2013-06-04,18.5,10.0,185.0,,,,,
2013-06-05,18.03,400.0,7212.0,,,,,
2013-06-06,18.06,180.0,3250.7999999999997,,,,,
2013-06-07,18.09,140.0,2532.6,,,,,
2013-06-08,18.09,0.0,0.0,,,,,
2013-06-09,18.09,0.0,0.0,,,,,
2013-06-10,18.11,160.0,2897.6,,,,,
2013-06-11,18.04,180.0,3247.2,,,,,
2013-06-12,18.04,160.0,2886.3999999999996,,,,,
2013-06-13,18.0,130.0,2340.0,,,,,
2013-06-14,17.99,60.0,1079.3999999999999,,,,,
2013-06-15,17.99,0.0,0.0,,,,,
2013-06-16,17.99,0.0,0.0,,,,,
2013-06-17,18.02,80.0,1441.6,,,,,
2013-06-18,18.02,220.0,3964.4,,,,,
2013-06-19,18.04,50.0,902.0,,,,,
2013-06-20,18.01,30.0,540.3000000000001,,,,,
2013-06-21,18.03,20.0,360.6,,,,,
2013-06-22,18.03,0.0,0.0,,,,,
2013-06-23,18.03,0.0,0.0,,,,,
2013-06-24,18.03,30.0,540.9000000000001,,,,,
2013-06-25,18.03,40.0,721.2,,,,,
2013-06-26,18.02,260.0,4685.2,,,,,
2013-06-27,18.04,30.0,541.1999999999999,,,,,
2013-06-28,18.04,10.0,180.39999999999998,,,,,
2013-06-29,18.04,0.0,0.0,,,,,
2013-06-30,18.04,0.0,0.0,,,,,
2013-07-01,18.04,0.0,0.0,,,,,
2013-07-02,18.04,0.0,0.0,,,,,
2013-07-03,17.2,210.0,3612.0,,,,,
2013-07-04,17.2,0.0,0.0,,,,,
2013-07-05,17.24,170.0,2930.7999999999997,,,,,
2013-07-06,17.24,0.0,0.0,,,,,
2013-07-07,17.24,0.0,0.0,,,,,
2013-07-08,17.27,160.0,2763.2,,,,,
2013-07-09,17.3,310.0,5363.0,,,,,
2013-07-10,17.41,170.0,2959.7,,,,,
2013-07-11,17.38,140.0,2433.2,,,,,
2013-07-12,17.36,130.0,2256.7999999999997,,,,,
2013-07-13,17.36,0.0,0.0,,,,,
2013-07-14,17.36,0.0,0.0,,,,,
2013-07-15,17.35,90.0,1561.5000000000002,,,,,
2013-07-16,17.38,110.0,1911.8,,,,,
2013-07-17,17.38,40.0,695.1999999999999,,,,,
2013-07-18,17.35,100.0,1735.0000000000002,,,,,
2013-07-19,17.38,110.0,1911.8,,,,,
2013-07-20,17.38,0.0,0.0,,,,,
2013-07-21,17.38,0.0,0.0,,,,,
2013-07-22,17.35,10.0,173.5,,,,,
2013-07-23,17.35,20.0,347.0,,,,,
2013-07-24,17.35,10.0,173.5,,,,,
2013-07-25,17.36,20.0,347.2,,,,,
2013-07-26,17.35,40.0,694.0,,,,,
2013-07-27,17.35,0.0,0.0,,,,,
2013-07-28,17.35,0.0,0.0,,,,,
2013-07-29,17.35,30.0,520.5,,,,,
2013-07-30,17.38,40.0,695.1999999999999,,,,,
2013-07-31,17.8,180.0,3204.0,,,,,
2013-08-01,17.82,250.0,4455.0,,,,,
2013-08-02,17.89,90.0,1610.1000000000001,,,,,
2013-08-03,17.89,0.0,0.0,,,,,
2013-08-04,17.89,0.0,0.0,,,,,
2013-08-05,17.96,270.0,4849.2,,,,,
2013-08-06,17.95,150.0,2692.5,,,,,
2013-08-07,18.12,290.0,5254.8,,,,,
2013-08-08,18.16,370.0,6719.2,,,,,
2013-08-09,18.09,150.0,2713.5,,,,,
2013-08-10,18.09,0.0,0.0,,,,,
2013-08-11,18.09,0.0,0.0,,,,,
2013-08-12,18.07,120.0,2168.4,,,,,
2013-08-13,18.11,200.0,3622.0,,,,,
2013-08-14,18.13,130.0,2356.9,,,,,
2013-08-15,18.04,100.0,1804.0,,,,,
2013-08-16,18.05,80.0,1444.0,,,,,
2013-08-17,18.05,0.0,0.0,,,,,
2013-08-18,18.05,0.0,0.0,,,,,
2013-08-19,18.02,80.0,1441.6,,,,,
2013-08-20,17.99,80.0,1439.1999999999998,,,,,
2013-08-21,17.96,160.0,2873.6000000000004,,,,,
2013-08-22,17.91,80.0,1432.8,,,,,
2013-08-23,17.9,150.0,2685.0,,,,,
2013-08-24,17.9,0.0,0.0,,,,,
2013-08-25,17.9,0.0,0.0,,,,,
2013-08-26,17.89,40.0,715.6,,,,,
2013-08-27,17.89,10.0,178.9,,,,,
2013-08-28,17.89,40.0,715.6,,,,,
2013-08-29,17.9,10.0,179.0,,,,,
2013-08-30,17.89,40.0,715.6,,,,,
2013-08-31,17.89,0.0,0.0,,,,,
2013-09-01,17.89,0.0,0.0,,,,,
2013-09-02,17.89,0.0,0.0,,,,,
2013-09-03,17.87,20.0,357.40000000000003,,,,,
2013-09-04,17.88,20.0,357.59999999999997,,,,,
2013-09-05,18.03,250.0,4507.5,,,,,
2013-09-06,18.06,320.0,5779.2,,,,,
2013-09-07,18.06,0.0,0.0,,,,,
2013-09-08,18.06,0.0,0.0,,,,,
2013-09-09,18.14,160.0,2902.4,,,,,
2013-09-10,18.16,290.0,5266.4,,,,,
2013-09-11,18.23,180.0,3281.4,,,,,
2013-09-12,18.17,180.0,3270.6000000000004,,,,,
2013-09-13,18.18,60.0,1090.8,,,,,
2013-09-14,18.18,0.0,0.0,,,,,
2013-09-15,18.18,0.0,0.0,,,,,
2013-09-16,18.16,100.0,1816.0,,,,,
2013-09-17,18.14,50.0,907.0,,,,,
2013-09-18,18.15,40.0,726.0,,,,,
2013-09-19,18.14,90.0,1632.6000000000001,,,,,
2013-09-20,18.14,130.0,2358.2000000000003,,,,,
2013-09-21,18.14,0.0,0.0,,,,,
2013-09-22,18.14,0.0,0.0,,,,,
2013-09-23,18.14,30.0,544.2,,,,,
2013-09-24,18.14,90.0,1632.6000000000001,,,,,
2013-09-25,18.13,130.0,2356.9,,,,,
2013-09-26,18.14,100.0,1814.0,,,,,
2013-09-27,18.13,10.0,181.29999999999998,,,,,
2013-09-28,18.13,0.0,0.0,,,,,
2013-09-29,18.13,0.0,0.0,,,,,
2013-09-30,18.12,20.0,362.40000000000003,,,,,
2013-10-01,18.12,0.0,0.0,,,,,
2013-10-02,18.09,260.0,4703.4,,,,,
2013-10-03,18.15,210.0,3811.4999999999995,,,,,
2013-10-04,18.14,190.0,3446.6,,,,,
2013-10-05,18.14,0.0,0.0,,,,,
2013-10-06,18.14,0.0,0.0,,,,,
2013-10-07,18.05,210.0,3790.5,,,,,
2013-10-08,18.1,180.0,3258.0000000000005,,,,,
2013-10-09,18.14,110.0,1995.4,,,,,
2013-10-10,18.18,250.0,4545.0,,,,,
2013-10-11,18.22,200.0,3644.0,,,,,
2013-10-12,18.22,0.0,0.0,,,,,
2013-10-13,18.22,0.0,0.0,,,,,
2013-10-14,18.21,60.0,1092.6000000000001,,,,,
2013-10-15,18.2,70.0,1274.0,,,,,
2013-10-16,18.24,90.0,1641.6,,,,,
2013-10-17,18.23,60.0,1093.8,,,,,
2013-10-18,18.25,120.0,2190.0,,,,,
2013-10-19,18.25,0.0,0.0,,,,,
2013-10-20,18.25,0.0,0.0,,,,,
2013-10-21,18.24,30.0,547.1999999999999,,,,,
2013-10-22,18.25,80.0,1460.0,,,,,
2013-10-23,18.24,60.0,1094.3999999999999,,,,,
2013-10-24,18.25,220.0,4015.0,,,,,
2013-10-25,18.25,30.0,547.5,,,,,
2013-10-26,18.25,0.0,0.0,,,,,
2013-10-27,18.25,0.0,0.0,,,,,
2013-10-28,18.25,70.0,1277.5,,,,,
2013-10-29,18.25,10.0,182.5,,,,,
2013-10-30,18.62,280.0,5213.6,,,,,
2013-10-31,18.79,300.0,5637.0,,,,,
2013-11-01,18.84,270.0,5086.8,,,,,
2013-11-02,18.84,0.0,0.0,,,,,
2013-11-03,18.84,0.0,0.0,,,,,
2013-11-04,18.85,190.0,3581.5000000000005,,,,,
2013-11-05,18.89,140.0,2644.6,,,,,
2013-11-06,18.76,340.0,6378.400000000001,,,,,
2013-11-07,18.82,100.0,1882.0,,,,,
2013-11-08,18.78,150.0,2817.0,,,,,
2013-11-09,18.78,0.0,0.0,,,,,
2013-11-10,18.78,0.0,0.0,,,,,
2013-11-11,18.82,110.0,2070.2,,,,,
2013-11-12,18.8,330.0,6204.0,,,,,
2013-11-13,18.85,150.0,2827.5,,,,,
2013-11-14,18.83,270.0,5084.099999999999,,,,,
2013-11-15,18.82,190.0,3575.8,,,,,
2013-11-16,18.82,0.0,0.0,,,,,
2013-11-17,18.82,0.0,0.0,,,,,
2013-11-18,18.82,40.0,752.8,,,,,
2013-11-19,18.81,50.0,940.4999999999999,,,,,
2013-11-20,18.8,120.0,2256.0,,,,,
2013-11-21,18.79,90.0,1691.1,,,,,
2013-11-22,18.79,0.0,0.0,,,,,
2013-11-23,18.79,0.0,0.0,,,,,
2013-11-24,18.79,0.0,0.0,,,,,
2013-11-25,18.8,10.0,188.0,,,,,
2013-11-26,18.8,30.0,564.0,,,,,
2013-11-27,18.8,0.0,0.0,,,,,
2013-11-28,18.8,0.0,0.0,,,,,
2013-11-29,18.8,0.0,0.0,,,,,
2013-11-30,18.8,0.0,0.0,,,,,
2013-12-01,18.8,0.0,0.0,,,,,
2013-12-02,18.83,70.0,1318.1,,,,,
2013-12-03,18.83,10.0,188.29999999999998,,,,,
2013-12-04,19.23,870.0,16730.100000000002,,,,,
2013-12-05,18.98,590.0,11198.2,,,,,
2013-12-06,19.08,260.0,4960.799999999999,,,,,
2013-12-07,19.08,0.0,0.0,,,,,
2013-12-08,19.08,0.0,0.0,,,,,
2013-12-09,19.11,170.0,3248.7,,,,,
2013-12-10,19.09,280.0,5345.2,,,,,
2013-12-11,19.03,260.0,4947.8,,,,,
2013-12-12,18.92,130.0,2459.6000000000004,,,,,
2013-12-13,19.02,140.0,2662.7999999999997,,,,,
2013-12-14,19.02,0.0,0.0,,,,,
2013-12-15,19.02,0.0,0.0,,,,,
2013-12-16,18.98,70.0,1328.6000000000001,,,,,
2013-12-17,19.01,80.0,1520.8000000000002,,,,,
2013-12-18,19.01,100.0,1901.0000000000002,,,,,
2013-12-19,18.98,440.0,8351.2,,,,,
2013-12-20,19.03,170.0,3235.1000000000004,,,,,
2013-12-21,19.03,0.0,0.0,,,,,
2013-12-22,19.03,0.0,0.0,,,,,
2013-12-23,19.0,70.0,1330.0,,,,,
2013-12-24,19.02,60.0,1141.2,,,,,
2013-12-25,19.02,0.0,0.0,,,,,
2013-12-26,19.01,120.0,2281.2000000000003,,,,,
2013-12-27,18.99,50.0,949.4999999999999,,,,,
2013-12-28,18.99,0.0,0.0,,,,,
2013-12-29,18.99,0.0,0.0,,,,,
2013-12-30,18.99,150.0,2848.4999999999995,,,,,
2013-12-31,19.34,450.0,8703.0,,,,,
2014-01-01,19.34,0.0,0.0,,,,,
2014-01-02,19.66,470.0,9240.2,,,,,
2014-01-03,20.06,370.0,7422.2,,,,,
2014-01-04,20.06,0.0,0.0,,,,,
2014-01-05,20.06,0.0,0.0,,,,,
2014-01-06,20.06,340.0,6820.4,,,,,
2014-01-07,20.28,400.0,8112.0,,,,,
2014-01-08,20.39,450.0,9175.5,,,,,
2014-01-09,20.42,170.0,3471.4,,,,,
2014-01-10,20.5,410.0,8405.0,,,,,
2014-01-11,20.5,0.0,0.0,,,,,
2014-01-12,20.5,0.0,0.0,,,,,
2014-01-13,20.66,310.0,6404.6,,,,,
2014-01-14,20.72,220.0,4558.4,,,,,
2014-01-15,20.83,410.0,8540.3,,,,,
2014-01-16,20.91,230.0,4809.3,,,,,
2014-01-17,20.94,190.0,3978.6000000000004,,,,,
2014-01-18,20.94,0.0,0.0,,,,,
2014-01-19,20.94,0.0,0.0,,,,,
2014-01-20,20.94,0.0,0.0,,,,,
2014-01-21,20.94,210.0,4397.400000000001,,,,,
2014-01-22,20.93,160.0,3348.8,,,,,
2014-01-23,20.92,210.0,4393.200000000001,,,,,
2014-01-24,21.05,170.0,3578.5,,,,,
2014-01-25,21.05,0.0,0.0,,,,,
2014-01-26,21.05,0.0,0.0,,,,,
2014-01-27,21.05,10.0,210.5,,,,,
2014-01-28,21.07,40.0,842.8,,,,,
2014-01-29,21.06,130.0,2737.7999999999997,,,,,
2014-01-30,21.11,40.0,844.4,,,,,
2014-01-31,21.12,40.0,844.8000000000001,,,,,
2014-02-01,21.12,0.0,0.0,,,,,
2014-02-02,21.12,0.0,0.0,,,,,
2014-02-03,21.11,10.0,211.1,,,,,
2014-02-04,21.12,10.0,211.20000000000002,,,,,
2014-02-05,23.08,430.0,9924.4,,,,,
2014-02-06,23.21,200.0,4642.0,,,,,
2014-02-07,22.87,730.0,16695.100000000002,,,,,
2014-02-08,22.87,0.0,0.0,,,,,
2014-02-09,22.87,0.0,0.0,,,,,
2014-02-10,22.89,170.0,3891.3,,,,,
2014-02-11,23.15,340.0,7870.999999999999,,,,,
2014-02-12,23.1,220.0,5082.0,,,,,
2014-02-13,23.12,50.0,1156.0,,,,,
2014-02-14,23.14,40.0,925.6,,,,,
2014-02-15,23.14,0.0,0.0,,,,,
2014-02-16,23.14,0.0,0.0,,,,,
2014-02-17,23.14,0.0,0.0,,,,,
2014-02-18,23.14,70.0,1619.8,,,,,
2014-02-19,23.14,70.0,1619.8,,,,,
2014-02-20,23.15,290.0,6713.5,,,,,
2014-02-21,23.19,160.0,3710.4,,,,,
2014-02-22,23.19,0.0,0.0,,,,,
2014-02-23,23.19,0.0,0.0,,,,,
2014-02-24,23.2,20.0,464.0,,,,,
2014-02-25,23.2,50.0,1160.0,,,,,
2014-02-26,23.2,220.0,5104.0,,,,,
2014-02-27,23.19,40.0,927.6,,,,,
2014-02-28,23.18,20.0,463.6,,,,,
2014-03-01,23.18,0.0,0.0,,,,,
2014-03-02,23.18,0.0,0.0,,,,,
2014-03-03,23.2,30.0,696.0,,,,,
2014-03-04,23.18,20.0,463.6,,,,,
2014-03-05,22.2,400.0,8880.0,,,,,
2014-03-06,22.6,480.0,10848.0,,,,,
2014-03-07,22.65,300.0,6795.0,,,,,
2014-03-08,22.65,0.0,0.0,,,,,
2014-03-09,22.65,0.0,0.0,,,,,
2014-03-10,22.86,230.0,5257.8,,,,,
2014-03-11,22.9,120.0,2748.0,,,,,
2014-03-12,22.91,250.0,5727.5,,,,,
2014-03-13,23.17,210.0,4865.700000000001,,,,,
2014-03-14,23.29,190.0,4425.099999999999,,,,,
2014-03-15,23.29,0.0,0.0,,,,,
2014-03-16,23.29,0.0,0.0,,,,,
2014-03-17,23.49,160.0,3758.3999999999996,,,,,
2014-03-18,23.32,160.0,3731.2,,,,,
2014-03-19,23.42,90.0,2107.8,,,,,
2014-03-20,23.33,80.0,1866.3999999999999,,,,,
2014-03-21,23.29,80.0,1863.1999999999998,,,,,
2014-03-22,23.29,0.0,0.0,,,,,
2014-03-23,23.29,0.0,0.0,,,,,
2014-03-24,23.28,120.0,2793.6000000000004,,,,,
2014-03-25,23.28,0.0,0.0,,,,,
2014-03-26,23.29,60.0,1397.3999999999999,,,,,
2014-03-27,23.29,220.0,5123.8,,,,,
2014-03-28,23.26,120.0,2791.2000000000003,,,,,
2014-03-29,23.26,0.0,0.0,,,,,
2014-03-30,23.26,0.0,0.0,,,,,
2014-03-31,23.27,10.0,232.7,,,,,
2014-04-01,23.27,10.0,232.7,,,,,
2014-04-02,24.03,240.0,5767.200000000001,,,,,
2014-04-03,24.23,220.0,5330.6,,,,,
2014-04-04,23.94,360.0,8618.4,,,,,
2014-04-05,23.94,0.0,0.0,,,,,
2014-04-06,23.94,0.0,0.0,,,,,
2014-04-07,23.95,240.0,5748.0,,,,,
2014-04-08,24.02,80.0,1921.6,,,,,
2014-04-09,23.98,110.0,2637.8,,,,,
2014-04-10,23.96,80.0,1916.8000000000002,,,,,
2014-04-11,24.02,70.0,1681.3999999999999,,,,,
2014-04-12,24.02,0.0,0.0,,,,,
2014-04-13,24.02,0.0,0.0,,,,,
2014-04-14,24.09,90.0,2168.1,,,,,
2014-04-15,24.11,100.0,2411.0,,,,,
2014-04-16,24.12,140.0,3376.8,,,,,
2014-04-17,24.21,0.0,0.0,,,,,
2014-04-18,24.21,0.0,0.0,,,,,
2014-04-19,24.21,0.0,0.0,,,,,
2014-04-20,24.21,0.0,0.0,,,,,
2014-04-21,24.23,70.0,1696.1000000000001,,,,,
2014-04-22,24.26,30.0,727.8000000000001,,,,,
2014-04-23,24.21,250.0,6052.5,,,,,
2014-04-24,24.31,40.0,972.4,,,,,
2014-04-25,24.29,10.0,242.89999999999998,,,,,
2014-04-26,24.29,0.0,0.0,,,,,
2014-04-27,24.29,0.0,0.0,,,,,
2014-04-28,24.27,40.0,970.8,,,,,
2014-04-29,24.3,10.0,243.0,,,,,
2014-04-30,22.55,350.0,7892.5,,,,,
2014-05-01,22.85,410.0,9368.5,,,,,
2014-05-02,22.75,200.0,4550.0,,,,,
2014-05-03,22.75,0.0,0.0,,,,,
2014-05-04,22.75,0.0,0.0,,,,,
2014-05-05,22.81,100.0,2281.0,,,,,
2014-05-06,22.7,210.0,4767.0,,,,,
2014-05-07,22.89,570.0,13047.300000000001,,,,,
2014-05-08,22.84,340.0,7765.6,,,,,
2014-05-09,22.71,170.0,3860.7000000000003,,,,,
2014-05-10,22.71,0.0,0.0,,,,,
2014-05-11,22.71,0.0,0.0,,,,,
2014-05-12,22.74,50.0,1137.0,,,,,
2014-05-13,22.65,300.0,6795.0,,,,,
2014-05-14,22.64,150.0,3396.0,,,,,
2014-05-15,22.55,260.0,5863.0,,,,,
2014-05-16,22.58,120.0,2709.6,,,,,
2014-05-17,22.58,0.0,0.0,,,,,
2014-05-18,22.58,0.0,0.0,,,,,
2014-05-19,22.56,80.0,1804.8,,,,,
2014-05-20,22.58,90.0,2032.1999999999998,,,,,
2014-05-21,22.56,120.0,2707.2,,,,,
2014-05-22,22.59,280.0,6325.2,,,,,
2014-05-23,22.58,90.0,2032.1999999999998,,,,,
2014-05-24,22.58,0.0,0.0,,,,,
2014-05-25,22.58,0.0,0.0,,,,,
2014-05-26,22.58,0.0,0.0,,,,,
2014-05-27,22.57,130.0,2934.1,,,,,
2014-05-28,22.57,60.0,1354.2,,,,,
2014-05-29,22.53,200.0,4506.0,,,,,
2014-05-30,22.63,40.0,905.1999999999999,,,,,
2014-05-31,22.63,0.0,0.0,,,,,
2014-06-01,22.63,0.0,0.0,,,,,
2014-06-02,22.61,10.0,226.1,,,,,
2014-06-03,22.62,50.0,1131.0,,,,,
2014-06-04,21.21,450.0,9544.5,,,,,
2014-06-05,21.37,320.0,6838.400000000001,,,,,
2014-06-06,21.24,140.0,2973.6,,,,,
2014-06-07,21.24,0.0,0.0,,,,,
2014-06-08,21.24,0.0,0.0,,,,,
2014-06-09,21.27,60.0,1276.2,,,,,
2014-06-10,21.28,80.0,1702.4,,,,,
2014-06-11,21.31,150.0,3196.5,,,,,
2014-06-12,21.29,70.0,1490.3,,,,,
2014-06-13,21.3,50.0,1065.0,,,,,
2014-06-14,21.3,0.0,0.0,,,,,
2014-06-15,21.3,0.0,0.0,,,,,
2014-06-16,21.3,30.0,639.0,,,,,
2014-06-17,21.33,100.0,2133.0,,,,,
2014-06-18,21.35,170.0,3629.5000000000005,,,,,
2014-06-19,21.34,110.0,2347.4,,,,,
2014-06-20,21.34,80.0,1707.2,,,,,
2014-06-21,21.34,0.0,0.0,,,,,
2014-06-22,21.34,0.0,0.0,,,,,
2014-06-23,21.33,90.0,1919.6999999999998,,,,,
2014-06-24,21.35,70.0,1494.5,,,,,
2014-06-25,21.3,90.0,1917.0,,,,,
2014-06-26,21.34,30.0,640.2,,,,,
2014-06-27,21.36,20.0,427.2,,,,,
2014-06-28,21.36,0.0,0.0,,,,,
2014-06-29,21.36,0.0,0.0,,,,,
2014-06-30,21.34,0.0,0.0,,,,,
2014-07-01,21.33,40.0,853.1999999999999,,,,,
2014-07-02,21.25,280.0,5950.0,,,,,
2014-07-03,21.38,70.0,1496.6,,,,,
2014-07-04,21.38,0.0,0.0,,,,,
2014-07-05,21.38,0.0,0.0,,,,,
2014-07-06,21.38,0.0,0.0,,,,,
2014-07-07,21.37,110.0,2350.7000000000003,,,,,
2014-07-08,21.32,60.0,1279.2,,,,,
2014-07-09,21.3,100.0,2130.0,,,,,
2014-07-10,21.39,20.0,427.8,,,,,
2014-07-11,21.4,50.0,1070.0,,,,,
2014-07-12,21.4,0.0,0.0,,,,,
2014-07-13,21.4,0.0,0.0,,,,,
2014-07-14,21.43,190.0,4071.7,,,,,
2014-07-15,21.46,70.0,1502.2,,,,,
2014-07-16,21.46,150.0,3219.0,,,,,
2014-07-17,21.51,120.0,2581.2000000000003,,,,,
2014-07-18,21.51,120.0,2581.2000000000003,,,,,
2014-07-19,21.51,0.0,0.0,,,,,
2014-07-20,21.51,0.0,0.0,,,,,
2014-07-21,21.55,70.0,1508.5,,,,,
2014-07-22,21.52,20.0,430.4,,,,,
2014-07-23,21.52,70.0,1506.3999999999999,,,,,
2014-07-24,21.53,240.0,5167.200000000001,,,,,
2014-07-25,21.53,20.0,430.6,,,,,
2014-07-26,21.53,0.0,0.0,,,,,
2014-07-27,21.53,0.0,0.0,,,,,
2014-07-28,21.53,20.0,430.6,,,,,
2014-07-29,21.54,50.0,1077.0,,,,,
2014-07-30,21.38,250.0,5345.0,,,,,
2014-07-31,21.44,260.0,5574.400000000001,,,,,
2014-08-01,21.47,160.0,3435.2,,,,,
2014-08-02,21.47,0.0,0.0,,,,,
2014-08-03,21.47,0.0,0.0,,,,,
2014-08-04,21.76,280.0,6092.8,,,,,
2014-08-05,21.63,130.0,2811.9,,,,,
2014-08-06,21.64,240.0,5193.6,,,,,
2014-08-07,21.76,250.0,5440.0,,,,,
2014-08-08,21.77,120.0,2612.4,,,,,
2014-08-09,21.77,0.0,0.0,,,,,
2014-08-10,21.77,0.0,0.0,,,,,
2014-08-11,21.87,180.0,3936.6000000000004,,,,,
2014-08-12,22.02,170.0,3743.4,,,,,
2014-08-13,22.05,70.0,1543.5,,,,,
2014-08-14,22.17,250.0,5542.5,,,,,
2014-08-15,22.16,50.0,1108.0,,,,,
2014-08-16,22.16,0.0,0.0,,,,,
2014-08-17,22.16,0.0,0.0,,,,,
2014-08-18,22.1,40.0,884.0,,,,,
2014-08-19,22.18,120.0,2661.6,,,,,
2014-08-20,22.2,170.0,3774.0,,,,,
2014-08-21,22.23,490.0,10892.7,,,,,
2014-08-22,22.23,190.0,4223.7,,,,,
2014-08-23,22.23,0.0,0.0,,,,,
2014-08-24,22.23,0.0,0.0,,,,,
2014-08-25,22.21,150.0,3331.5,,,,,
2014-08-26,22.26,140.0,3116.4,,,,,
2014-08-27,22.26,60.0,1335.6000000000001,,,,,
2014-08-28,22.24,10.0,222.39999999999998,,,,,
2014-08-29,22.24,0.0,0.0,,,,,
2014-08-30,22.24,0.0,0.0,,,,,
2014-08-31,22.24,0.0,0.0,,,,,
2014-09-01,22.24,0.0,0.0,,,,,
2014-09-02,22.23,10.0,222.3,,,,,
2014-09-03,22.25,20.0,445.0,,,,,
2014-09-04,24.22,350.0,8477.0,,,,,
2014-09-05,24.28,190.0,4613.2,,,,,
2014-09-06,24.28,0.0,0.0,,,,,
2014-09-07,24.28,0.0,0.0,,,,,
2014-09-08,24.45,150.0,3667.5,,,,,
2014-09-09,24.52,210.0,5149.2,,,,,
2014-09-10,24.45,130.0,3178.5,,,,,
2014-09-11,24.48,170.0,4161.6,,,,,
2014-09-12,24.52,80.0,1961.6,,,,,
2014-09-13,24.52,0.0,0.0,,,,,
2014-09-14,24.52,0.0,0.0,,,,,
2014-09-15,24.58,230.0,5653.4,,,,,
2014-09-16,24.56,150.0,3684.0,,,,,
2014-09-17,24.56,140.0,3438.3999999999996,,,,,
2014-09-18,24.53,70.0,1717.1000000000001,,,,,
2014-09-19,24.54,70.0,1717.8,,,,,
2014-09-20,24.54,0.0,0.0,,,,,
2014-09-21,24.54,0.0,0.0,,,,,
2014-09-22,24.55,30.0,736.5,,,,,
2014-09-23,24.55,0.0,0.0,,,,,
2014-09-24,24.57,210.0,5159.7,,,,,
2014-09-25,24.58,20.0,491.59999999999997,,,,,
2014-09-26,24.58,50.0,1229.0,,,,,
2014-09-27,24.58,0.0,0.0,,,,,
2014-09-28,24.58,0.0,0.0,,,,,
2014-09-29,24.58,10.0,245.79999999999998,,,,,
2014-09-30,24.58,130.0,3195.3999999999996,,,,,
2014-10-01,23.98,410.0,9831.8,,,,,
2014-10-02,24.03,370.0,8891.1,,,,,
2014-10-03,24.27,320.0,7766.4,,,,,
2014-10-04,24.27,0.0,0.0,,,,,
2014-10-05,24.27,0.0,0.0,,,,,
2014-10-06,24.11,120.0,2893.2,,,,,
2014-10-07,23.9,200.0,4780.0,,,,,
2014-10-08,23.95,220.0,5269.0,,,,,
2014-10-09,24.17,320.0,7734.400000000001,,,,,
2014-10-10,24.14,170.0,4103.8,,,,,
2014-10-11,24.14,0.0,0.0,,,,,
2014-10-12,24.14,0.0,0.0,,,,,
2014-10-13,24.11,180.0,4339.8,,,,,
2014-10-14,24.23,230.0,5572.900000000001,,,,,
2014-10-15,24.13,140.0,3378.2,,,,,
2014-10-16,24.13,170.0,4102.099999999999,,,,,
2014-10-17,23.96,60.0,1437.6000000000001,,,,,
2014-10-18,23.96,0.0,0.0,,,,,
2014-10-19,23.96,0.0,0.0,,,,,
2014-10-20,23.99,140.0,3358.6,,,,,
2014-10-21,23.98,100.0,2398.0,,,,,
2014-10-22,23.98,140.0,3357.2000000000003,,,,,
2014-10-23,23.94,50.0,1197.0,,,,,
2014-10-24,23.88,110.0,2626.7999999999997,,,,,
2014-10-25,23.88,0.0,0.0,,,,,
2014-10-26,23.88,0.0,0.0,,,,,
2014-10-27,23.9,210.0,5019.0,,,,,
2014-10-28,23.9,140.0,3346.0,,,,,
2014-10-29,23.9,180.0,4302.0,,,,,
2014-10-30,23.79,70.0,1665.3,,,,,
2014-10-31,23.79,20.0,475.79999999999995,,,,,
2014-11-01,23.79,0.0,0.0,,,,,
2014-11-02,23.79,0.0,0.0,,,,,
2014-11-03,23.79,70.0,1665.3,,,,,
2014-11-04,23.78,140.0,3329.2000000000003,,,,,
2014-11-05,21.82,430.0,9382.6,,,,,
2014-11-06,21.85,460.0,10051.0,,,,,
2014-11-07,21.86,130.0,2841.7999999999997,,,,,
2014-11-08,21.86,0.0,0.0,,,,,
2014-11-09,21.86,0.0,0.0,,,,,
2014-11-10,21.75,100.0,2175.0,,,,,
2014-11-11,21.64,210.0,4544.400000000001,,,,,
2014-11-12,21.64,120.0,2596.8,,,,,
2014-11-13,21.61,170.0,3673.7,,,,,
2014-11-14,21.79,60.0,1307.3999999999999,,,,,
2014-11-15,21.79,0.0,0.0,,,,,
2014-11-16,21.79,0.0,0.0,,,,,
2014-11-17,21.77,210.0,4571.7,,,,,
2014-11-18,21.78,30.0,653.4000000000001,,,,,
2014-11-19,21.77,210.0,4571.7,,,,,
2014-11-20,21.92,310.0,6795.200000000001,,,,,
2014-11-21,21.9,390.0,8541.0,,,,,
2014-11-22,21.9,0.0,0.0,,,,,
2014-11-23,21.9,0.0,0.0,,,,,
2014-11-24,21.91,40.0,876.4,,,,,
2014-11-25,21.89,90.0,1970.1000000000001,,,,,
2014-11-26,21.93,0.0,0.0,,,,,
2014-11-27,21.93,0.0,0.0,,,,,
2014-11-28,21.93,0.0,0.0,,,,,
2014-11-29,21.93,0.0,0.0,,,,,
2014-11-30,21.93,0.0,0.0,,,,,
2014-12-01,21.89,40.0,875.6,,,,,
2014-12-02,21.91,390.0,8544.9,,,,,
2014-12-03,17.85,170.0,3034.5000000000005,,,,,
2014-12-04,17.77,160.0,2843.2,-0.00448179271708693,-1.0,,,
2014-12-05,17.8,240.0,4272.0,,,,,
2014-12-06,17.8,0.0,0.0,,,,,
2014-12-07,17.8,0.0,0.0,,,,,
2014-12-08,17.8,180.0,3204.0,,,,,
2014-12-09,17.85,90.0,1606.5000000000002,,,,,
2014-12-10,17.87,170.0,3037.9,,,,,
2014-12-11,17.75,130.0,2307.5,,,,,
2014-12-12,17.75,60.0,1065.0,,,,,
2014-12-13,17.75,0.0,0.0,,,,,
2014-12-14,17.75,0.0,0.0,,,,,
2014-12-15,17.78,170.0,3022.6000000000004,,,,,
2014-12-16,17.79,160.0,2846.3999999999996,,,,,
2014-12-17,17.8,150.0,2670.0,,,,,
2014-12-18,17.77,140.0,2487.7999999999997,,,,,
2014-12-19,17.73,420.0,7446.6,,,,,
2014-12-20,17.73,0.0,0.0,,,,,
2014-12-21,17.73,0.0,0.0,,,,,
2014-12-22,17.71,520.0,9209.2,,,,,
2014-12-23,17.74,70.0,1241.8,,,,,
2014-12-24,17.73,70.0,1241.1000000000001,,,,,
2014-12-25,17.73,0.0,0.0,,,,,
2014-12-26,17.72,50.0,886.0,,,,,
2014-12-27,17.72,0.0,0.0,,,,,
2014-12-28,17.72,0.0,0.0,,,,,
2014-12-29,17.74,70.0,1241.8,,,,,
2014-12-30,17.75,150.0,2662.5,,,,,
2014-12-31,15.91,500.0,7955.0,,,,,
2015-01-01,15.91,0.0,0.0,0.0,0.0,,,
2015-01-02,15.92,350.0,5572.0,,,,,
2015-01-03,15.92,0.0,0.0,,,,,
2015-01-04,15.92,0.0,0.0,,,,,
2015-01-05,15.72,140.0,2200.8,,,,,
2015-01-06,15.65,240.0,3756.0,,,,,
2015-01-07,15.8,340.0,5372.0,,,,,
2015-01-08,16.0,200.0,3200.0,,,,,
2015-01-09,15.97,90.0,1437.3,-0.00187499999999996,-1.0,,,
2015-01-10,15.97,0.0,0.0,,,,,
2015-01-11,15.97,0.0,0.0,,,,,
2015-01-12,16.07,200.0,3214.0,,,,,
2015-01-13,16.09,70.0,1126.3,,,,,
2015-01-14,15.9,590.0,9381.0,,,,,
2015-01-15,16.02,160.0,2563.2,,,,,
2015-01-16,16.01,100.0,1601.0000000000002,,,,,
2015-01-17,16.01,0.0,0.0,,,,,
2015-01-18,16.01,0.0,0.0,,,,,
2015-01-19,16.01,0.0,0.0,,,,,
2015-01-20,16.01,90.0,1440.9,,,,,
2015-01-21,16.05,110.0,1765.5,,,,,
2015-01-22,16.01,580.0,9285.800000000001,,,,,
2015-01-23,16.08,320.0,5145.599999999999,,,,,
2015-01-24,16.08,0.0,0.0,,,,,
2015-01-25,16.08,0.0,0.0,,,,,
2015-01-26,16.13,240.0,3871.2,,,,,
2015-01-27,16.12,110.0,1773.2,,,,,
2015-01-28,16.11,260.0,4188.599999999999,,,,,
2015-01-29,16.16,630.0,10180.8,,,,,
2015-01-30,16.14,150.0,2421.0,,,-0.0012376237623762387,0.0,1.0
2015-01-31,16.14,0.0,0.0,,,,,
2015-02-01,16.14,0.0,0.0,,,,,
2015-02-02,16.14,90.0,1452.6000000000001,,,,,
2015-02-03,16.14,10.0,161.4,,,,,
2015-02-04,15.74,200.0,3148.0,,,,,
2015-02-05,15.77,390.0,6150.3,0.001905972045743276,1.0,-0.001905972045743276,0.0,-1.0
2015-02-06,15.88,250.0,3970.0,,,,,
2015-02-07,15.88,0.0,0.0,,,,,
2015-02-08,15.88,0.0,0.0,,,,,
2015-02-09,15.78,160.0,2524.7999999999997,,,,,
2015-02-10,15.75,130.0,2047.5,,,,,
2015-02-11,15.75,140.0,2205.0,,,,,
2015-02-12,15.8,360.0,5688.0,,,,,
2015-02-13,15.73,150.0,2359.5,,,,,
2015-02-14,15.73,0.0,0.0,,,,,
2015-02-15,15.73,0.0,0.0,,,,,
2015-02-16,15.73,0.0,0.0,,,,,
2015-02-17,15.74,340.0,5351.6,,,,,
2015-02-18,15.74,190.0,2990.6,,,,,
2015-02-19,15.73,260.0,4089.8,,,,,
2015-02-20,15.54,660.0,10256.4,,,,,
2015-02-21,15.54,0.0,0.0,,,,,
2015-02-22,15.54,0.0,0.0,,,,,
2015-02-23,15.49,300.0,4647.0,,,,,
2015-02-24,15.5,240.0,3720.0,,,,,
2015-02-25,15.5,130.0,2015.0,,,,,
2015-02-26,15.49,90.0,1394.1,,,,,
2015-02-27,15.49,110.0,1703.9,,,,,
2015-02-28,15.49,0.0,0.0,,,,,
2015-03-01,15.49,0.0,0.0,,,,,
2015-03-02,15.49,0.0,0.0,,,,,
2015-03-03,15.49,0.0,0.0,,,,,
2015-03-04,15.46,260.0,4019.6000000000004,,,,,
2015-03-05,15.45,540.0,8343.0,,,,,
2015-03-06,15.42,0.0,0.0,,,,,
2015-03-07,15.42,0.0,0.0,,,,,
2015-03-08,15.42,0.0,0.0,,,,,
2015-03-09,15.41,110.0,1695.1,,,,,
2015-03-10,15.42,140.0,2158.8,,,,,
2015-03-11,15.42,130.0,2004.6,,,,,
2015-03-12,15.5,260.0,4030.0,,,,,
2015-03-13,15.5,50.0,775.0,,,,,
2015-03-14,15.5,0.0,0.0,,,,,
2015-03-15,15.5,0.0,0.0,,,,,
2015-03-16,15.5,30.0,465.0,,,,,
2015-03-17,15.52,20.0,310.4,,,,,
2015-03-18,15.57,50.0,778.5,,,,,
2015-03-19,15.54,30.0,466.2,,,,,
2015-03-20,15.54,70.0,1087.8,,,,,
2015-03-21,15.54,0.0,0.0,,,,,
2015-03-22,15.54,0.0,0.0,,,,,
2015-03-23,15.54,40.0,621.5999999999999,,,,,
2015-03-24,15.54,120.0,1864.8,,,,,
2015-03-25,15.55,140.0,2177.0,,,,,
2015-03-26,15.53,340.0,5280.2,,,,,
2015-03-27,15.51,10.0,155.1,,,,,
2015-03-28,15.51,0.0,0.0,,,,,
2015-03-29,15.51,0.0,0.0,,,,,
2015-03-30,15.52,50.0,776.0,,,,,
2015-03-31,15.5,10.0,155.0,,,,,
2015-04-01,15.53,440.0,6833.2,,,,,
2015-04-02,15.59,90.0,1403.1,,,,,
2015-04-03,15.59,0.0,0.0,,,,,
2015-04-04,15.59,0.0,0.0,,,,,
2015-04-05,15.59,0.0,0.0,,,,,
2015-04-06,15.62,60.0,937.1999999999999,,,,,
2015-04-07,15.64,40.0,625.6,,,,,
2015-04-08,15.63,110.0,1719.3000000000002,,,,,
2015-04-09,15.67,10.0,156.7,,,,,
2015-04-10,15.69,50.0,784.5,,,,,
2015-04-11,15.69,0.0,0.0,,,,,
2015-04-12,15.69,0.0,0.0,,,,,
2015-04-13,15.66,60.0,939.6,,,,,
2015-04-14,15.66,40.0,626.4,,,,,
2015-04-15,15.67,170.0,2663.9,,,,,
2015-04-16,15.77,80.0,1261.6,,,,,
2015-04-17,15.8,170.0,2686.0,,,,,
2015-04-18,15.8,0.0,0.0,,,,,
2015-04-19,15.8,0.0,0.0,,,,,
2015-04-20,15.84,490.0,7761.6,,,,,
2015-04-21,15.84,430.0,6811.2,,,,,
2015-04-22,15.83,150.0,2374.5,,,,,
2015-04-23,15.8,280.0,4424.0,,,,,
2015-04-24,15.8,90.0,1422.0,,,,,
2015-04-25,15.8,0.0,0.0,,,,,
2015-04-26,15.8,0.0,0.0,,,,,
2015-04-27,15.8,30.0,474.0,,,,,
2015-04-28,15.81,40.0,632.4,,,,,
2015-04-29,16.24,280.0,4547.2,,,,,
2015-04-30,16.22,290.0,4703.799999999999,,,,,
2015-05-01,16.26,180.0,2926.8,,,,,
2015-05-02,16.26,0.0,0.0,,,,,
2015-05-03,16.26,0.0,0.0,,,,,
2015-05-04,16.38,370.0,6060.599999999999,,,,,
2015-05-05,16.31,260.0,4240.599999999999,,,,,
2015-05-06,16.27,340.0,5531.8,,,,,
2015-05-07,16.31,180.0,2935.7999999999997,,,,,
2015-05-08,16.38,390.0,6388.2,,,,,
2015-05-09,16.38,0.0,0.0,,,,,
2015-05-10,16.38,0.0,0.0,,,,,
2015-05-11,16.32,90.0,1468.8,,,,,
2015-05-12,16.35,100.0,1635.0000000000002,,,,,
2015-05-13,16.32,210.0,3427.2000000000003,,,,,
2015-05-14,16.24,40.0,649.5999999999999,,,,,
2015-05-15,16.21,40.0,648.4000000000001,,,,,
2015-05-16,16.21,0.0,0.0,,,,,
2015-05-17,16.21,0.0,0.0,,,,,
2015-05-18,16.22,20.0,324.4,,,,,
2015-05-19,16.22,10.0,162.2,,,,,
2015-05-20,16.21,230.0,3728.3,,,,,
2015-05-21,16.23,110.0,1785.3,,,,,
2015-05-22,16.22,350.0,5677.0,,,,,
2015-05-23,16.22,0.0,0.0,,,,,
2015-05-24,16.22,0.0,0.0,,,,,
2015-05-25,16.22,0.0,0.0,,,,,
2015-05-26,16.21,110.0,1783.1000000000001,,,,,
2015-05-27,16.21,180.0,2917.8,,,,,
2015-05-28,16.22,30.0,486.59999999999997,,,,,
2015-05-29,16.22,30.0,486.59999999999997,,,,,
2015-05-30,16.22,0.0,0.0,,,,,
2015-05-31,16.22,0.0,0.0,,,,,
2015-06-01,16.21,30.0,486.3,,,,,
2015-06-02,16.23,80.0,1298.4,,,,,
2015-06-03,16.73,300.0,5019.0,,,,,
2015-06-04,16.7,190.0,3173.0,,,,,
2015-06-05,16.7,160.0,2672.0,,,,,
2015-06-06,16.7,0.0,0.0,,,,,
2015-06-07,16.7,0.0,0.0,,,,,
2015-06-08,16.66,60.0,999.6,,,,,
2015-06-09,16.75,170.0,2847.5,,,,,
2015-06-10,16.79,130.0,2182.7,,,,,
2015-06-11,16.81,100.0,1680.9999999999998,,,,,
2015-06-12,16.76,30.0,502.80000000000007,,,,,
2015-06-13,16.76,0.0,0.0,,,,,
2015-06-14,16.76,0.0,0.0,,,,,
2015-06-15,16.74,40.0,669.5999999999999,,,,,
2015-06-16,16.74,40.0,669.5999999999999,,,,,
2015-06-17,16.75,120.0,2010.0,,,,,
2015-06-18,16.73,50.0,836.5,,,,,
2015-06-19,16.74,40.0,669.5999999999999,,,,,
2015-06-20,16.74,0.0,0.0,,,,,
2015-06-21,16.74,0.0,0.0,,,,,
2015-06-22,16.75,30.0,502.5,,,,,
2015-06-23,16.73,60.0,1003.8000000000001,,,,,
2015-06-24,16.7,220.0,3674.0,,,,,
2015-06-25,16.7,240.0,4008.0,,,,,
2015-06-26,16.69,50.0,834.5000000000001,,,,,
2015-06-27,16.69,0.0,0.0,,,,,
2015-06-28,16.69,0.0,0.0,,,,,
2015-06-29,16.69,90.0,1502.1000000000001,,,,,
2015-06-30,16.71,120.0,2005.2,,,,,
2015-07-01,16.21,230.0,3728.3,,,,,
2015-07-02,16.11,140.0,2255.4,,,,,
2015-07-03,16.11,0.0,0.0,,,,,
2015-07-04,16.11,0.0,0.0,,,,,
2015-07-05,16.11,0.0,0.0,,,,,
2015-07-06,16.0,150.0,2400.0,,,,,
2015-07-07,16.12,110.0,1773.2,,,,,
2015-07-08,16.16,100.0,1616.0,,,,,
2015-07-09,16.4,180.0,2951.9999999999995,,,,,
2015-07-10,16.47,100.0,1647.0,,,,,
2015-07-11,16.47,0.0,0.0,,,,,
2015-07-12,16.47,0.0,0.0,,,,,
2015-07-13,16.35,100.0,1635.0000000000002,,,,,
2015-07-14,16.38,70.0,1146.6,,,,,
2015-07-15,16.35,60.0,981.0000000000001,,,,,
2015-07-16,16.31,60.0,978.5999999999999,,,,,
2015-07-17,16.31,20.0,326.2,,,,,
2015-07-18,16.31,0.0,0.0,,,,,
2015-07-19,16.31,0.0,0.0,,,,,
2015-07-20,16.28,80.0,1302.4,,,,,
2015-07-21,16.33,120.0,1959.6,,,,,
2015-07-22,16.37,120.0,1964.4,,,,,
2015-07-23,16.33,280.0,4572.4,,,,,
2015-07-24,16.31,10.0,163.1,,,,,
2015-07-25,16.31,0.0,0.0,,,,,
2015-07-26,16.31,0.0,0.0,,,,,
2015-07-27,16.33,40.0,653.1999999999999,,,,,
2015-07-28,16.31,20.0,326.2,,,,,
2015-07-29,16.32,60.0,979.2,,,,,
2015-07-30,16.29,120.0,1954.8,,,,,
2015-07-31,16.28,40.0,651.2,,,,,
2015-08-01,16.28,0.0,0.0,,,,,
2015-08-02,16.28,0.0,0.0,,,,,
2015-08-03,16.28,10.0,162.8,,,,,
2015-08-04,16.28,30.0,488.40000000000003,,,,,
2015-08-05,16.34,60.0,980.4,,,,,
2015-08-06,16.51,180.0,2971.8,,,,,
2015-08-07,16.47,80.0,1317.6,,,,,
2015-08-08,16.47,0.0,0.0,,,,,
2015-08-09,16.47,0.0,0.0,,,,,
2015-08-10,16.44,100.0,1644.0000000000002,,,,,
2015-08-11,16.44,100.0,1644.0000000000002,,,,,
2015-08-12,16.44,140.0,2301.6000000000004,,,,,
2015-08-13,16.43,170.0,2793.1,,,,,
2015-08-14,16.43,70.0,1150.1,,,,,
2015-08-15,16.43,0.0,0.0,,,,,
2015-08-16,16.43,0.0,0.0,,,,,
2015-08-17,16.44,80.0,1315.2,,,,,
2015-08-18,16.43,70.0,1150.1,,,,,
2015-08-19,16.42,120.0,1970.4,,,,,
2015-08-20,16.42,160.0,2627.2000000000003,,,,,
2015-08-21,16.41,20.0,328.2,,,,,
2015-08-22,16.41,0.0,0.0,,,,,
2015-08-23,16.41,0.0,0.0,,,,,
2015-08-24,16.4,60.0,983.9999999999999,,,,,
2015-08-25,16.41,90.0,1476.9,,,,,
2015-08-26,16.43,290.0,4764.7,,,,,
2015-08-27,16.32,80.0,1305.6,,,,,
2015-08-28,16.31,50.0,815.4999999999999,,,,,
2015-08-29,16.31,0.0,0.0,,,,,
2015-08-30,16.31,0.0,0.0,,,,,
2015-08-31,16.3,10.0,163.0,,,,,
2015-09-01,16.32,0.0,0.0,,,,,
2015-09-02,16.18,180.0,2912.4,,,,,
2015-09-03,16.17,130.0,2102.1000000000004,,,,,
2015-09-04,16.14,40.0,645.6,,,,,
2015-09-05,16.14,0.0,0.0,,,,,
2015-09-06,16.14,0.0,0.0,,,,,
2015-09-07,16.14,0.0,0.0,,,,,
2015-09-08,16.14,110.0,1775.4,,,,,
2015-09-09,16.14,50.0,807.0,,,,,
2015-09-10,16.06,150.0,2409.0,,,,,
2015-09-11,15.97,40.0,638.8000000000001,,,,,
2015-09-12,15.97,0.0,0.0,,,,,
2015-09-13,15.97,0.0,0.0,,,,,
2015-09-14,15.91,80.0,1272.8,,,,,
2015-09-15,15.88,90.0,1429.2,,,,,
2015-09-16,15.82,290.0,4587.8,,,,,
2015-09-17,15.84,560.0,8870.4,,,,,
2015-09-18,15.84,190.0,3009.6,,,,,
2015-09-19,15.84,0.0,0.0,,,,,
2015-09-20,15.84,0.0,0.0,,,,,
2015-09-21,15.83,180.0,2849.4,,,,,
2015-09-22,15.84,170.0,2692.8,,,,,
2015-09-23,15.83,180.0,2849.4,,,,,
2015-09-24,15.81,80.0,1264.8,,,,,
2015-09-25,15.8,30.0,474.0,,,,,
2015-09-26,15.8,0.0,0.0,,,,,
2015-09-27,15.8,0.0,0.0,,,,,
2015-09-28,15.8,130.0,2054.0,,,,,
2015-09-29,15.8,0.0,0.0,,,,,
2015-09-30,15.48,280.0,4334.400000000001,,,,,
2015-10-01,15.58,220.0,3427.6,,,,,
2015-10-02,15.69,120.0,1882.8,,,,,
2015-10-03,15.69,0.0,0.0,,,,,
2015-10-04,15.69,0.0,0.0,,,,,
2015-10-05,15.9,230.0,3657.0,,,,,
2015-10-06,15.71,340.0,5341.400000000001,,,,,
2015-10-07,15.61,130.0,2029.3,,,,,
2015-10-08,15.69,210.0,3294.9,,,,,
2015-10-09,15.79,210.0,3315.8999999999996,,,,,
2015-10-10,15.79,0.0,0.0,,,,,
2015-10-11,15.79,0.0,0.0,,,,,
2015-10-12,15.8,70.0,1106.0,,,,,
2015-10-13,15.72,120.0,1886.4,,,,,
2015-10-14,15.65,120.0,1878.0,,,,,
2015-10-15,15.68,170.0,2665.6,,,,,
2015-10-16,15.6,180.0,2808.0,,,,,
2015-10-17,15.6,0.0,0.0,,,,,
2015-10-18,15.6,0.0,0.0,,,,,
2015-10-19,15.56,140.0,2178.4,,,,,
2015-10-20,15.55,70.0,1088.5,,,,,
2015-10-21,15.59,70.0,1091.3,,,,,
2015-10-22,15.52,90.0,1396.8,,,,,
2015-10-23,15.49,160.0,2478.4,,,,,
2015-10-24,15.49,0.0,0.0,,,,,
2015-10-25,15.49,0.0,0.0,,,,,
2015-10-26,15.46,50.0,773.0,,,,,
2015-10-27,15.47,50.0,773.5,,,,,
2015-10-28,15.47,230.0,3558.1000000000004,,,,,
2015-10-29,15.45,340.0,5253.0,,,,,
2015-10-30,15.43,230.0,3548.9,,,,,
2015-10-31,15.43,0.0,0.0,,,,,
2015-11-01,15.43,0.0,0.0,,,,,
2015-11-02,15.42,30.0,462.6,,,,,
2015-11-03,15.43,140.0,2160.2,,,,,
2015-11-04,15.25,560.0,8540.0,,,,,
2015-11-05,15.41,220.0,3390.2,,,,,
2015-11-06,15.54,200.0,3108.0,,,,,
2015-11-07,15.54,0.0,0.0,,,,,
2015-11-08,15.54,0.0,0.0,,,,,
2015-11-09,15.42,170.0,2621.4,,,,,
2015-11-10,15.18,310.0,4705.8,,,,,
2015-11-11,15.16,110.0,1667.6,,,,,
2015-11-12,15.12,400.0,6048.0,,,,,
2015-11-13,15.06,230.0,3463.8,,,,,
2015-11-14,15.06,0.0,0.0,,,,,
2015-11-15,15.06,0.0,0.0,,,,,
2015-11-16,14.82,300.0,4446.0,,,,,
2015-11-17,14.74,280.0,4127.2,,,,,
2015-11-18,14.84,420.0,6232.8,,,,,
2015-11-19,14.81,140.0,2073.4,,,,,
2015-11-20,14.77,320.0,4726.4,,,,,
2015-11-21,14.77,0.0,0.0,,,,,
2015-11-22,14.77,0.0,0.0,,,,,
2015-11-23,14.68,210.0,3082.7999999999997,,,,,
2015-11-24,14.49,460.0,6665.400000000001,,,,,
2015-11-25,14.58,0.0,0.0,,,,,
2015-11-26,14.58,0.0,0.0,,,,,
2015-11-27,14.58,0.0,0.0,,,,,
2015-11-28,14.58,0.0,0.0,,,,,
2015-11-29,14.58,0.0,0.0,,,,,
2015-11-30,14.62,290.0,4239.8,,,,,
2015-12-01,14.63,360.0,5266.8,,,,,
2015-12-02,14.64,130.0,1903.2,,,,,
2015-12-03,14.67,590.0,8655.3,,,,,
2015-12-04,14.61,120.0,1753.1999999999998,,,,,
2015-12-05,14.61,0.0,0.0,,,,,
2015-12-06,14.61,0.0,0.0,,,,,
2015-12-07,14.62,130.0,1900.6,,,,,
2015-12-08,14.58,50.0,729.0,,,,,
2015-12-09,14.6,100.0,1460.0,,,,,
2015-12-10,14.6,110.0,1606.0,,,,,
2015-12-11,14.56,170.0,2475.2000000000003,,,,,
2015-12-12,14.56,0.0,0.0,,,,,
2015-12-13,14.56,0.0,0.0,,,,,
2015-12-14,14.58,50.0,729.0,,,,,
2015-12-15,14.58,30.0,437.4,,,,,
2015-12-16,14.53,110.0,1598.3,,,,,
2015-12-17,14.51,210.0,3047.1,,,,,
2015-12-18,14.52,120.0,1742.3999999999999,,,,,
2015-12-19,14.52,0.0,0.0,,,,,
2015-12-20,14.52,0.0,0.0,,,,,
2015-12-21,14.53,120.0,1743.6,,,,,
2015-12-22,14.53,90.0,1307.7,,,,,
2015-12-23,14.53,250.0,3632.5,,,,,
2015-12-24,14.48,160.0,2316.8,,,,,
2015-12-25,14.48,0.0,0.0,,,,,
2015-12-26,14.48,0.0,0.0,,,,,
2015-12-27,14.48,0.0,0.0,,,,,
2015-12-28,14.47,100.0,1447.0,,,,,
2015-12-29,14.47,30.0,434.1,,,,,
2015-12-30,13.61,140.0,1905.3999999999999,,,,,
2015-12-31,13.56,210.0,2847.6,,,,,
2016-01-01,13.56,0.0,0.0,,,,,
2016-01-02,13.56,0.0,0.0,,,,,
2016-01-03,13.56,0.0,0.0,,,,,
2016-01-04,13.56,240.0,3254.4,,,,,
2016-01-05,13.5,260.0,3510.0,,,,,
2016-01-06,13.52,270.0,3650.4,,,,,
2016-01-07,13.57,400.0,5428.0,,,,,
2016-01-08,13.68,420.0,5745.599999999999,,,,,
2016-01-09,13.68,0.0,0.0,,,,,
2016-01-10,13.68,0.0,0.0,,,,,
2016-01-11,13.72,280.0,3841.6000000000004,,,,,
2016-01-12,13.72,230.0,3155.6000000000004,,,,,
2016-01-13,13.74,170.0,2335.8,,,,,
2016-01-14,13.76,230.0,3164.7999999999997,,,,,
2016-01-15,13.78,170.0,2342.6,,,,,
2016-01-16,13.78,0.0,0.0,,,,,
2016-01-17,13.78,0.0,0.0,,,,,
2016-01-18,13.78,0.0,0.0,,,,,
2016-01-19,13.75,50.0,687.5,,,,,
2016-01-20,13.75,110.0,1512.5,,,,,
2016-01-21,13.74,170.0,2335.8,,,,,
2016-01-22,13.72,150.0,2058.0,,,,,
2016-01-23,13.72,0.0,0.0,,,,,
2016-01-24,13.72,0.0,0.0,,,,,
2016-01-25,13.72,10.0,137.20000000000002,,,,,
2016-01-26,13.72,60.0,823.2,,,,,
2016-01-27,13.72,410.0,5625.2,,,,,
2016-01-28,13.74,110.0,1511.4,,,,,
2016-01-29,13.73,40.0,549.2,,,,,
2016-01-30,13.73,0.0,0.0,,,,,
2016-01-31,13.73,0.0,0.0,,,,,
2016-02-01,13.73,50.0,686.5,,,,,
2016-02-02,13.73,0.0,0.0,,,,,
2016-02-03,13.9,190.0,2641.0,,,,,
2016-02-04,13.93,310.0,4318.3,,,,,
2016-02-05,13.83,70.0,968.1,,,,,
2016-02-06,13.83,0.0,0.0,,,,,
2016-02-07,13.83,0.0,0.0,,,,,
2016-02-08,13.78,120.0,1653.6,,,,,
2016-02-09,13.81,130.0,1795.3,,,,,
2016-02-10,13.78,180.0,2480.4,,,,,
2016-02-11,13.88,250.0,3470.0,,,,,
2016-02-12,13.87,60.0,832.1999999999999,,,,,
2016-02-13,13.87,0.0,0.0,,,,,
2016-02-14,13.87,0.0,0.0,,,,,
2016-02-15,13.87,0.0,0.0,,,,,
2016-02-16,13.84,90.0,1245.6,,,,,
2016-02-17,13.83,50.0,691.5,,,,,
2016-02-18,13.84,150.0,2076.0,,,,,
2016-02-19,13.82,240.0,3316.8,,,,,
2016-02-20,13.82,0.0,0.0,,,,,
2016-02-21,13.82,0.0,0.0,,,,,
2016-02-22,13.81,20.0,276.2,,,,,
2016-02-23,13.81,40.0,552.4,,,,,
2016-02-24,13.81,320.0,4419.2,,,,,
2016-02-25,13.8,30.0,414.0,,,,,
2016-02-26,13.8,20.0,276.0,,,,,
2016-02-27,13.8,0.0,0.0,,,,,
2016-02-28,13.8,0.0,0.0,,,,,
2016-02-29,13.8,30.0,414.0,,,,,
2016-03-01,13.8,20.0,276.0,,,,,
2016-03-02,13.63,130.0,1771.9,,,,,
2016-03-03,13.77,230.0,3167.1,,,,,
2016-03-04,13.78,80.0,1102.3999999999999,,,,,
2016-03-05,13.78,0.0,0.0,,,,,
2016-03-06,13.78,0.0,0.0,,,,,
2016-03-07,13.87,210.0,2912.7,,,,,
2016-03-08,13.87,120.0,1664.3999999999999,,,,,
2016-03-09,13.82,130.0,1796.6000000000001,,,,,
2016-03-10,13.8,60.0,828.0,,,,,
2016-03-11,13.79,0.0,0.0,,,,,
2016-03-12,13.79,0.0,0.0,,,,,
2016-03-13,13.79,0.0,0.0,,,,,
2016-03-14,13.79,30.0,413.7,,,,,
2016-03-15,13.79,60.0,827.4,,,,,
2016-03-16,13.8,190.0,2622.0,,,,,
2016-03-17,13.83,210.0,2904.3,,,,,
2016-03-18,13.83,130.0,1797.9,,,,,
2016-03-19,13.83,0.0,0.0,,,,,
2016-03-20,13.83,0.0,0.0,,,,,
2016-03-21,13.83,10.0,138.3,,,,,
2016-03-22,13.82,60.0,829.2,,,,,
2016-03-23,13.82,120.0,1658.4,,,,,
2016-03-24,13.77,250.0,3442.5,,,,,
2016-03-25,13.77,0.0,0.0,,,,,
2016-03-26,13.77,0.0,0.0,,,,,
2016-03-27,13.77,0.0,0.0,,,,,
2016-03-28,13.77,50.0,688.5,,,,,
2016-03-29,13.77,10.0,137.7,,,,,
2016-03-30,13.76,280.0,3852.7999999999997,,,,,
2016-03-31,13.78,220.0,3031.6,,,,,
2016-04-01,13.81,150.0,2071.5,,,,,
2016-04-02,13.81,0.0,0.0,,,,,
2016-04-03,13.81,0.0,0.0,,,,,
2016-04-04,13.75,220.0,3025.0,,,,,
2016-04-05,13.72,170.0,2332.4,,,,,
2016-04-06,13.7,230.0,3151.0,,,,,
2016-04-07,13.72,100.0,1372.0,,,,,
2016-04-08,13.74,160.0,2198.4,,,,,
2016-04-09,13.74,0.0,0.0,,,,,
2016-04-10,13.74,0.0,0.0,,,,,
2016-04-11,13.76,210.0,2889.6,,,,,
2016-04-12,13.81,380.0,5247.8,,,,,
2016-04-13,13.77,240.0,3304.7999999999997,,,,,
2016-04-14,13.71,130.0,1782.3000000000002,,,,,
2016-04-15,13.72,330.0,4527.6,,,,,
2016-04-16,13.72,0.0,0.0,,,,,
2016-04-17,13.72,0.0,0.0,,,,,
2016-04-18,13.71,80.0,1096.8000000000002,,,,,
2016-04-19,13.71,300.0,4113.0,,,,,
2016-04-20,13.69,140.0,1916.6,,,,,
2016-04-21,13.65,110.0,1501.5,,,,,
2016-04-22,13.65,0.0,0.0,,,,,
2016-04-23,13.65,0.0,0.0,,,,,
2016-04-24,13.65,0.0,0.0,,,,,
2016-04-25,13.64,30.0,409.20000000000005,,,,,
2016-04-26,13.63,30.0,408.90000000000003,,,,,
2016-04-27,13.63,140.0,1908.2,,,,,
2016-04-28,13.63,120.0,1635.6000000000001,,,,,
2016-04-29,13.62,50.0,681.0,,,,,
2016-04-30,13.62,0.0,0.0,,,,,
2016-05-01,13.62,0.0,0.0,,,,,
2016-05-02,13.63,0.0,0.0,,,,,
2016-05-03,13.62,80.0,1089.6,,,,,
2016-05-04,12.93,640.0,8275.2,,,,,
2016-05-05,12.87,430.0,5534.099999999999,,,,,
2016-05-06,12.87,230.0,2960.1,,,,,
2016-05-07,12.87,0.0,0.0,,,,,
2016-05-08,12.87,0.0,0.0,,,,,
2016-05-09,12.75,260.0,3315.0,,,,,
2016-05-10,12.74,170.0,2165.8,,,,,
2016-05-11,12.78,410.0,5239.8,,,,,
2016-05-12,12.73,330.0,4200.900000000001,,,,,
2016-05-13,12.73,60.0,763.8000000000001,,,,,
2016-05-14,12.73,0.0,0.0,,,,,
2016-05-15,12.73,0.0,0.0,,,,,
2016-05-16,12.74,80.0,1019.2,,,,,
2016-05-17,12.75,110.0,1402.5,,,,,
2016-05-18,12.75,120.0,1530.0,,,,,
2016-05-19,12.8,70.0,896.0,,,,,
2016-05-20,12.82,50.0,641.0,,,,,
2016-05-21,12.82,0.0,0.0,,,,,
2016-05-22,12.82,0.0,0.0,,,,,
2016-05-23,12.82,130.0,1666.6000000000001,,,,,
2016-05-24,12.82,240.0,3076.8,,,,,
2016-05-25,12.82,310.0,3974.2000000000003,,,,,
2016-05-26,12.8,320.0,4096.0,,,,,
2016-05-27,12.8,40.0,512.0,,,,,
2016-05-28,12.8,0.0,0.0,,,,,
2016-05-29,12.8,0.0,0.0,,,,,
2016-05-30,12.8,0.0,0.0,,,,,
2016-05-31,12.8,50.0,640.0,,,,,
2016-06-01,12.8,10.0,128.0,,,,,
2016-06-02,13.07,730.0,9541.1,,,,,
2016-06-03,13.16,650.0,8554.0,,,,,
2016-06-04,13.16,0.0,0.0,,,,,
2016-06-05,13.16,0.0,0.0,,,,,
2016-06-06,13.22,310.0,4098.2,,,,,
2016-06-07,13.13,170.0,2232.1,,,,,
2016-06-08,13.26,570.0,7558.2,,,,,
2016-06-09,13.25,370.0,4902.5,,,,,
2016-06-10,13.25,230.0,3047.5,,,,,
2016-06-11,13.25,0.0,0.0,,,,,
2016-06-12,13.25,0.0,0.0,,,,,
2016-06-13,13.31,330.0,4392.3,,,,,
2016-06-14,13.28,240.0,3187.2,,,,,
2016-06-15,13.28,120.0,1593.6,,,,,
2016-06-16,13.22,70.0,925.4000000000001,,,,,
2016-06-17,13.21,40.0,528.4000000000001,,,,,
2016-06-18,13.21,0.0,0.0,,,,,
2016-06-19,13.21,0.0,0.0,,,,,
2016-06-20,13.23,20.0,264.6,,,,,
2016-06-21,13.21,150.0,1981.5000000000002,,,,,
2016-06-22,13.22,120.0,1586.4,,,,,
2016-06-23,13.24,180.0,2383.2,,,,,
2016-06-24,13.22,90.0,1189.8,,,,,
2016-06-25,13.22,0.0,0.0,,,,,
2016-06-26,13.22,0.0,0.0,,,,,
2016-06-27,13.22,130.0,1718.6000000000001,,,,,
2016-06-28,13.23,20.0,264.6,,,,,
2016-06-29,15.39,390.0,6002.1,,,,,
2016-06-30,15.25,330.0,5032.5,,,,,
2016-07-01,15.07,260.0,3918.2000000000003,,,,,
2016-07-02,15.07,0.0,0.0,0.0,0.0,,,
2016-07-03,15.07,0.0,0.0,,,,,
2016-07-04,15.07,0.0,0.0,,,,,
2016-07-05,14.97,150.0,2245.5,,,,,
2016-07-06,15.14,210.0,3179.4,,,,,
2016-07-07,15.3,520.0,7956.0,,,,,
2016-07-08,15.2,320.0,4864.0,-0.0065359477124183885,-1.0,,,
2016-07-09,15.2,0.0,0.0,,,,,
2016-07-10,15.2,0.0,0.0,,,,,
2016-07-11,15.19,90.0,1367.1,,,,,
2016-07-12,15.21,60.0,912.6,,,,,
2016-07-13,15.24,120.0,1828.8,,,,,
2016-07-14,15.34,180.0,2761.2,,,,,
2016-07-15,15.33,90.0,1379.7,,,,,
2016-07-16,15.33,0.0,0.0,,,,,
2016-07-17,15.33,0.0,0.0,,,,,
2016-07-18,15.32,90.0,1378.8,,,,,
2016-07-19,15.34,20.0,306.8,,,,,
2016-07-20,15.33,60.0,919.8,,,,,
2016-07-21,15.27,70.0,1068.8999999999999,,,,,
2016-07-22,15.27,120.0,1832.3999999999999,,,,,
2016-07-23,15.27,0.0,0.0,,,,,
2016-07-24,15.27,0.0,0.0,,,,,
2016-07-25,15.3,240.0,3672.0,,,,,
2016-07-26,15.27,140.0,2137.7999999999997,,,,,
2016-07-27,15.27,110.0,1679.7,,,,,
2016-07-28,15.28,30.0,458.4,,,,,
2016-07-29,15.26,80.0,1220.8,,,,,
2016-07-30,15.26,0.0,0.0,,,,,
2016-07-31,15.26,0.0,0.0,,,,,
2016-08-01,15.26,60.0,915.6,,,,,
2016-08-02,15.26,90.0,1373.4,,,,,
2016-08-03,17.02,130.0,2212.6,,,,,
2016-08-04,16.99,200.0,3397.9999999999995,-0.001762632197414904,-1.0,,,
2016-08-05,17.1,160.0,2736.0,,,,,
2016-08-06,17.1,0.0,0.0,,,,,
2016-08-07,17.1,0.0,0.0,,,,,
2016-08-08,17.14,150.0,2571.0,,,,,
2016-08-09,17.06,160.0,2729.6,,,,,
2016-08-10,16.98,100.0,1698.0,,,,,
2016-08-11,16.97,100.0,1697.0,,,,,
2016-08-12,16.97,80.0,1357.6,,,,,
2016-08-13,16.97,0.0,0.0,,,,,
2016-08-14,16.97,0.0,0.0,,,,,
2016-08-15,17.0,90.0,1530.0,,,,,
2016-08-16,16.99,190.0,3228.1,,,,,
2016-08-17,17.0,170.0,2890.0,,,,,
2016-08-18,16.96,60.0,1017.6,,,,,
2016-08-19,16.95,30.0,508.5,,,,,
2016-08-20,16.95,0.0,0.0,,,,,
2016-08-21,16.95,0.0,0.0,,,,,
2016-08-22,16.96,40.0,678.4000000000001,,,,,
2016-08-23,16.96,60.0,1017.6,,,,,
2016-08-24,16.94,130.0,2202.2000000000003,,,,,
2016-08-25,16.91,90.0,1521.9,,,,,
2016-08-26,16.91,20.0,338.2,,,,,
2016-08-27,16.91,0.0,0.0,,,,,
2016-08-28,16.91,0.0,0.0,,,,,
2016-08-29,16.92,20.0,338.40000000000003,,,,,
2016-08-30,16.91,50.0,845.5,,,,,
2016-08-31,16.46,360.0,5925.6,,,,,
2016-09-01,16.77,610.0,10229.699999999999,,,,,
2016-09-02,16.87,320.0,5398.400000000001,,,,,
2016-09-03,16.87,0.0,0.0,,,,,
2016-09-04,16.87,0.0,0.0,,,,,
2016-09-05,16.87,0.0,0.0,,,,,
2016-09-06,16.99,210.0,3567.8999999999996,,,,,
2016-09-07,16.81,380.0,6387.799999999999,,,,,
2016-09-08,16.58,430.0,7129.4,,,,,
2016-09-09,16.51,230.0,3797.3,,,,,
2016-09-10,16.51,0.0,0.0,,,,,
2016-09-11,16.51,0.0,0.0,,,,,
2016-09-12,16.43,390.0,6407.7,,,,,
2016-09-13,16.47,170.0,2799.8999999999996,,,,,
2016-09-14,16.45,200.0,3290.0,,,,,
2016-09-15,16.41,430.0,7056.3,,,,,
2016-09-16,16.36,260.0,4253.599999999999,,,,,
2016-09-17,16.36,0.0,0.0,,,,,
2016-09-18,16.36,0.0,0.0,,,,,
2016-09-19,16.34,50.0,817.0,,,,,
2016-09-20,16.35,130.0,2125.5,,,,,
2016-09-21,16.36,70.0,1145.2,,,,,
2016-09-22,16.38,70.0,1146.6,,,,,
2016-09-23,16.38,30.0,491.4,,,,,
2016-09-24,16.38,0.0,0.0,,,,,
2016-09-25,16.38,0.0,0.0,,,,,
2016-09-26,16.38,20.0,327.59999999999997,,,,,
2016-09-27,16.38,30.0,491.4,,,,,
2016-09-28,16.41,60.0,984.6,,,,,
2016-09-29,16.39,80.0,1311.2,,,,,
2016-09-30,16.39,10.0,163.9,,,,,
2016-10-01,16.39,0.0,0.0,,,,,
2016-10-02,16.39,0.0,0.0,,,,,
2016-10-03,16.39,10.0,163.9,,,,,
2016-10-04,16.39,30.0,491.70000000000005,,,,,
2016-10-05,14.91,260.0,3876.6,,,,,
2016-10-06,15.04,260.0,3910.3999999999996,,,,,
2016-10-07,14.99,190.0,2848.1,,,,,
2016-10-08,14.99,0.0,0.0,,,,,
2016-10-09,14.99,0.0,0.0,,,,,
2016-10-10,14.82,250.0,3705.0,,,,,
2016-10-11,14.7,500.0,7350.0,,,,,
2016-10-12,14.74,190.0,2800.6,,,,,
2016-10-13,14.73,160.0,2356.8,,,,,
2016-10-14,14.68,100.0,1468.0,,,,,
2016-10-15,14.68,0.0,0.0,,,,,
2016-10-16,14.68,0.0,0.0,,,,,
2016-10-17,14.71,80.0,1176.8000000000002,,,,,
2016-10-18,14.73,270.0,3977.1,,,,,
2016-10-19,14.7,180.0,2646.0,,,,,
2016-10-20,14.72,290.0,4268.8,,,,,
2016-10-21,14.73,220.0,3240.6,,,,,
2016-10-22,14.73,0.0,0.0,,,,,
2016-10-23,14.73,0.0,0.0,,,,,
2016-10-24,14.7,270.0,3969.0,,,,,
2016-10-25,14.73,310.0,4566.3,,,,,
2016-10-26,14.72,190.0,2796.8,,,,,
2016-10-27,14.78,100.0,1478.0,,,,,
2016-10-28,14.78,60.0,886.8,,,,,
2016-10-29,14.78,0.0,0.0,,,,,
2016-10-30,14.78,0.0,0.0,,,,,
2016-10-31,14.78,80.0,1182.3999999999999,,,,,
2016-11-01,14.8,320.0,4736.0,,,,,
2016-11-02,16.33,670.0,10941.099999999999,,,,,
2016-11-03,16.59,490.0,8129.1,,,,,
2016-11-04,16.8,360.0,6048.0,,,,,
2016-11-05,16.8,0.0,0.0,0.0,0.0,,,
2016-11-06,16.8,0.0,0.0,,,,,
2016-11-07,16.97,380.0,6448.599999999999,,,,,
2016-11-08,16.79,280.0,4701.2,,,,,
2016-11-09,16.79,140.0,2350.6,,,,,
2016-11-10,16.81,210.0,3530.1,,,,,
2016-11-11,16.71,0.0,0.0,,,,,
2016-11-12,16.71,0.0,0.0,,,,,
2016-11-13,16.71,0.0,0.0,,,,,
2016-11-14,16.68,120.0,2001.6,,,,,
2016-11-15,16.7,100.0,1670.0,,,,,
2016-11-16,16.69,220.0,3671.8,,,,,
2016-11-17,16.73,120.0,2007.6000000000001,,,,,
2016-11-18,16.75,330.0,5527.5,,,,,
2016-11-19,16.75,0.0,0.0,,,,,
2016-11-20,16.75,0.0,0.0,,,,,
2016-11-21,16.76,290.0,4860.400000000001,,,,,
2016-11-22,16.76,100.0,1676.0000000000002,,,,,
2016-11-23,16.74,160.0,2678.3999999999996,,,,,
2016-11-24,16.74,0.0,0.0,,,,,
2016-11-25,16.74,0.0,0.0,,,,,
2016-11-26,16.74,0.0,0.0,,,,,
2016-11-27,16.74,0.0,0.0,,,,,
2016-11-28,16.72,90.0,1504.8,,,,,
2016-11-29,16.72,240.0,4012.7999999999997,,,,,
2016-11-30,16.94,200.0,3388.0000000000005,,,,,
2016-12-01,16.99,620.0,10533.8,,,,,
2016-12-02,17.16,460.0,7893.6,,,,,
2016-12-03,17.16,0.0,0.0,,,,,
2016-12-04,17.16,0.0,0.0,,,,,
2016-12-05,17.03,250.0,4257.5,,,,,
2016-12-06,16.98,80.0,1358.4,,,,,
2016-12-07,16.93,230.0,3893.9,,,,,
2016-12-08,17.07,140.0,2389.8,,,,,
2016-12-09,17.1,190.0,3249.0000000000005,,,,,
2016-12-10,17.1,0.0,0.0,,,,,
2016-12-11,17.1,0.0,0.0,,,,,
2016-12-12,17.17,310.0,5322.700000000001,,,,,
2016-12-13,17.23,280.0,4824.400000000001,,,,,
2016-12-14,17.25,310.0,5347.5,,,,,
2016-12-15,17.31,110.0,1904.1,,,,,
2016-12-16,17.32,50.0,866.0,,,,,
2016-12-17,17.32,0.0,0.0,,,,,
2016-12-18,17.32,0.0,0.0,,,,,
2016-12-19,17.34,20.0,346.8,,,,,
2016-12-20,17.33,110.0,1906.2999999999997,,,,,
2016-12-21,17.31,160.0,2769.6,,,,,
2016-12-22,17.38,40.0,695.1999999999999,,,,,
2016-12-23,17.38,30.0,521.4,,,,,
2016-12-24,17.38,0.0,0.0,,,,,
2016-12-25,17.38,0.0,0.0,,,,,
2016-12-26,17.38,0.0,0.0,,,,,
2016-12-27,17.38,160.0,2780.7999999999997,,,,,
2016-12-28,17.38,50.0,869.0,,,,,
2016-12-29,17.38,110.0,1911.8,,,,,
2016-12-30,17.39,80.0,1391.2,,,,,
2016-12-31,17.39,0.0,0.0,,,,,
2017-01-01,17.39,0.0,0.0,,,,,
2017-01-02,17.39,0.0,0.0,,,,,
2017-01-03,17.39,20.0,347.8,,,,,
2017-01-04,17.39,180.0,3130.2000000000003,,,,,
2017-01-05,16.57,200.0,3314.0,,,,,
2017-01-06,16.62,120.0,1994.4,,,,,
2017-01-07,16.62,0.0,0.0,,,,,
2017-01-08,16.62,0.0,0.0,,,,,
2017-01-09,16.62,160.0,2659.2000000000003,,,,,
2017-01-10,16.7,280.0,4676.0,,,,,
2017-01-11,16.74,430.0,7198.199999999999,,,,,
2017-01-12,16.79,170.0,2854.2999999999997,,,,,
2017-01-13,16.81,180.0,3025.7999999999997,,,,,
2017-01-14,16.81,0.0,0.0,,,,,
2017-01-15,16.81,0.0,0.0,,,,,
2017-01-16,16.81,0.0,0.0,,,,,
2017-01-17,16.79,60.0,1007.4,,,,,
2017-01-18,16.78,50.0,839.0,,,,,
2017-01-19,16.8,60.0,1008.0,,,,,
2017-01-20,16.77,120.0,2012.3999999999999,,,,,
2017-01-21,16.77,0.0,0.0,,,,,
2017-01-22,16.77,0.0,0.0,,,,,
2017-01-23,16.76,50.0,838.0000000000001,,,,,
2017-01-24,16.76,250.0,4190.0,,,,,
2017-01-25,16.74,60.0,1004.3999999999999,,,,,
2017-01-26,16.75,50.0,837.5,,,,,
2017-01-27,16.75,60.0,1005.0,,,,,
2017-01-28,16.75,0.0,0.0,,,,,
2017-01-29,16.75,0.0,0.0,,,,,
2017-01-30,16.74,90.0,1506.6,,,,,
2017-01-31,16.75,130.0,2177.5,,,,,
2017-02-01,16.74,240.0,4017.5999999999995,,,,,
2017-02-02,16.99,290.0,4927.099999999999,,,,,
2017-02-03,16.87,390.0,6579.3,,,,,
2017-02-04,16.87,0.0,0.0,,,,,
2017-02-05,16.87,0.0,0.0,,,,,
2017-02-06,16.79,290.0,4869.099999999999,,,,,
2017-02-07,16.78,180.0,3020.4,,,,,
2017-02-08,16.85,120.0,2022.0000000000002,,,,,
2017-02-09,16.85,180.0,3033.0000000000005,,,,,
2017-02-10,16.86,110.0,1854.6,,,,,
2017-02-11,16.86,0.0,0.0,,,,,
2017-02-12,16.86,0.0,0.0,,,,,
2017-02-13,16.87,30.0,506.1,,,,,
2017-02-14,16.88,30.0,506.4,,,,,
2017-02-15,16.88,220.0,3713.6,,,,,
2017-02-16,16.9,90.0,1520.9999999999998,,,,,
2017-02-17,16.88,40.0,675.1999999999999,,,,,
2017-02-18,16.88,0.0,0.0,,,,,
2017-02-19,16.88,0.0,0.0,,,,,
2017-02-20,16.88,0.0,0.0,,,,,
2017-02-21,16.87,60.0,1012.2,,,,,
2017-02-22,16.85,80.0,1348.0,,,,,
2017-02-23,16.87,120.0,2024.4,,,,,
2017-02-24,16.86,60.0,1011.5999999999999,,,,,
2017-02-25,16.86,0.0,0.0,,,,,
2017-02-26,16.86,0.0,0.0,,,,,
2017-02-27,16.87,20.0,337.40000000000003,,,,,
2017-02-28,16.87,90.0,1518.3000000000002,,,,,
2017-03-01,16.04,320.0,5132.799999999999,,,,,
2017-03-02,16.03,310.0,4969.3,,,,,
2017-03-03,15.94,110.0,1753.3999999999999,,,,,
2017-03-04,15.94,0.0,0.0,,,,,
2017-03-05,15.94,0.0,0.0,,,,,
2017-03-06,15.89,200.0,3178.0,,,,,
2017-03-07,15.95,400.0,6380.0,,,,,
2017-03-08,15.88,200.0,3176.0,,,,,
2017-03-09,15.82,250.0,3955.0,,,,,
2017-03-10,15.74,0.0,0.0,,,,,
2017-03-11,15.74,0.0,0.0,,,,,
2017-03-12,15.74,0.0,0.0,,,,,
2017-03-13,15.68,140.0,2195.2,,,,,
2017-03-14,15.72,140.0,2200.8,,,,,
2017-03-15,15.66,290.0,4541.4,,,,,
2017-03-16,15.68,160.0,2508.8,,,,,
2017-03-17,15.73,60.0,943.8000000000001,,,,,
2017-03-18,15.73,0.0,0.0,,,,,
2017-03-19,15.73,0.0,0.0,,,,,
2017-03-20,15.72,50.0,786.0,,,,,
2017-03-21,15.76,50.0,788.0,,,,,
2017-03-22,15.74,150.0,2361.0,,,,,
2017-03-23,15.8,30.0,474.0,,,,,
2017-03-24,15.82,60.0,949.2,,,,,
2017-03-25,15.82,0.0,0.0,,,,,
2017-03-26,15.82,0.0,0.0,,,,,
2017-03-27,15.83,100.0,1583.0,,,,,
2017-03-28,15.83,60.0,949.8,,,,,
2017-03-29,15.83,50.0,791.5,,,,,
2017-03-30,15.82,10.0,158.2,,,,,
2017-03-31,15.83,70.0,1108.1,,,,,
2017-04-01,15.83,0.0,0.0,,,,,
2017-04-02,15.83,0.0,0.0,,,,,
2017-04-03,15.81,0.0,0.0,,,,,
2017-04-04,15.82,70.0,1107.4,,,,,
2017-04-05,15.32,220.0,3370.4,,,,,
2017-04-06,15.14,270.0,4087.8,,,,,
2017-04-07,15.1,170.0,2567.0,,,,,
2017-04-08,15.1,0.0,0.0,,,,,
2017-04-09,15.1,0.0,0.0,,,,,
2017-04-10,15.1,120.0,1812.0,,,,,
2017-04-11,15.14,130.0,1968.2,,,,,
2017-04-12,15.19,170.0,2582.2999999999997,,,,,
2017-04-13,15.23,160.0,2436.8,,,,,
2017-04-14,15.23,0.0,0.0,,,,,
2017-04-15,15.23,0.0,0.0,,,,,
2017-04-16,15.23,0.0,0.0,,,,,
2017-04-17,15.24,50.0,762.0,,,,,
2017-04-18,15.24,50.0,762.0,,,,,
2017-04-19,15.24,100.0,1524.0,,,,,
2017-04-20,15.18,80.0,1214.4,,,,,
2017-04-21,15.2,70.0,1064.0,,,,,
2017-04-22,15.2,0.0,0.0,,,,,
2017-04-23,15.2,0.0,0.0,,,,,
2017-04-24,15.2,10.0,152.0,,,,,
2017-04-25,15.2,10.0,152.0,,,,,
2017-04-26,15.21,120.0,1825.2,,,,,
2017-04-27,15.18,170.0,2580.6,,,,,
2017-04-28,15.17,50.0,758.5,,,,,
2017-04-29,15.17,0.0,0.0,,,,,
2017-04-30,15.17,0.0,0.0,,,,,
2017-05-01,15.18,70.0,1062.6,,,,,
2017-05-02,15.18,160.0,2428.8,,,,,
2017-05-03,15.32,220.0,3370.4,,,,,
2017-05-04,15.48,350.0,5418.0,,,,,
2017-05-05,15.58,480.0,7478.4,,,,,
2017-05-06,15.58,0.0,0.0,,,,,
2017-05-07,15.58,0.0,0.0,,,,,
2017-05-08,15.55,220.0,3421.0,,,,,
2017-05-09,15.52,240.0,3724.7999999999997,,,,,
2017-05-10,15.55,280.0,4354.0,,,,,
2017-05-11,15.61,170.0,2653.7,,,,,
2017-05-12,15.58,110.0,1713.8,,,,,
2017-05-13,15.58,0.0,0.0,,,,,
2017-05-14,15.58,0.0,0.0,,,,,
2017-05-15,15.6,30.0,468.0,,,,,
2017-05-16,15.63,90.0,1406.7,,,,,
2017-05-17,15.62,130.0,2030.6,,,,,
2017-05-18,15.61,50.0,780.5,,,,,
2017-05-19,15.6,40.0,624.0,,,,,
2017-05-20,15.6,0.0,0.0,,,,,
2017-05-21,15.6,0.0,0.0,,,,,
2017-05-22,15.6,60.0,936.0,,,,,
2017-05-23,15.6,30.0,468.0,,,,,
2017-05-24,15.6,110.0,1716.0,,,,,
2017-05-25,15.61,110.0,1717.1,,,,,
2017-05-26,15.61,60.0,936.5999999999999,,,,,
2017-05-27,15.61,0.0,0.0,,,,,
2017-05-28,15.61,0.0,0.0,,,,,
2017-05-29,15.61,0.0,0.0,,,,,
2017-05-30,15.62,130.0,2030.6,,,,,
2017-05-31,15.61,80.0,1248.8,,,,,
2017-06-01,16.66,730.0,12161.8,,,,,
2017-06-02,16.52,380.0,6277.599999999999,,,,,
2017-06-03,16.52,0.0,0.0,,,,,
2017-06-04,16.52,0.0,0.0,,,,,
2017-06-05,16.44,230.0,3781.2000000000003,,,,,
2017-06-06,16.37,200.0,3274.0,,,,,
2017-06-07,16.29,210.0,3420.8999999999996,,,,,
2017-06-08,16.28,200.0,3256.0,,,,,
2017-06-09,16.28,210.0,3418.8,,,,,
2017-06-10,16.28,0.0,0.0,,,,,
2017-06-11,16.28,0.0,0.0,,,,,
2017-06-12,16.31,220.0,3588.2,,,,,
2017-06-13,16.31,70.0,1141.6999999999998,,,,,
2017-06-14,16.31,90.0,1467.8999999999999,,,,,
2017-06-15,16.34,50.0,817.0,,,,,
2017-06-16,16.33,190.0,3102.7,,,,,
2017-06-17,16.33,0.0,0.0,,,,,
2017-06-18,16.33,0.0,0.0,,,,,
2017-06-19,16.32,60.0,979.2,,,,,
2017-06-20,16.33,180.0,2939.3999999999996,,,,,
2017-06-21,16.33,60.0,979.8,,,,,
2017-06-22,16.35,50.0,817.5000000000001,,,,,
2017-06-23,16.35,40.0,654.0,,,,,
2017-06-24,16.35,0.0,0.0,,,,,
2017-06-25,16.35,0.0,0.0,,,,,
2017-06-26,16.35,20.0,327.0,,,,,
2017-06-27,16.35,20.0,327.0,,,,,
2017-06-28,15.82,200.0,3164.0,,,,,
2017-06-29,15.7,410.0,6437.0,,,,,
2017-06-30,15.72,350.0,5502.0,,,,,
2017-07-01,15.72,0.0,0.0,,,,,
2017-07-02,15.72,0.0,0.0,,,,,
2017-07-03,15.67,180.0,2820.6,,,,,
2017-07-04,15.67,0.0,0.0,,,,,
2017-07-05,15.68,230.0,3606.4,,,,,
2017-07-06,15.72,630.0,9903.6,,,,,
2017-07-07,15.58,380.0,5920.4,,,,,
2017-07-08,15.58,0.0,0.0,,,,,
2017-07-09,15.58,0.0,0.0,,,,,
2017-07-10,15.55,270.0,4198.5,,,,,
2017-07-11,15.65,310.0,4851.5,,,,,
2017-07-12,15.63,620.0,9690.6,,,,,
2017-07-13,15.59,150.0,2338.5,,,,,
2017-07-14,15.62,220.0,3436.3999999999996,,,,,
2017-07-15,15.62,0.0,0.0,,,,,
2017-07-16,15.62,0.0,0.0,,,,,
2017-07-17,15.62,150.0,2343.0,,,,,
2017-07-18,15.6,150.0,2340.0,,,,,
2017-07-19,15.56,170.0,2645.2000000000003,,,,,
2017-07-20,15.51,230.0,3567.2999999999997,,,,,
2017-07-21,15.5,80.0,1240.0,,,,,
2017-07-22,15.5,0.0,0.0,,,,,
2017-07-23,15.5,0.0,0.0,,,,,
2017-07-24,15.5,30.0,465.0,,,,,
2017-07-25,15.51,150.0,2326.5,,,,,
2017-07-26,15.5,90.0,1395.0,,,,,
2017-07-27,15.49,130.0,2013.7,,,,,
2017-07-28,15.48,80.0,1238.4,,,,,
2017-07-29,15.48,0.0,0.0,,,,,
2017-07-30,15.48,0.0,0.0,,,,,
2017-07-31,15.47,40.0,618.8000000000001,,,,,
2017-08-01,15.49,130.0,2013.7,,,,,
2017-08-02,16.49,410.0,6760.9,,,,,
2017-08-03,16.42,350.0,5747.000000000001,,,,,
2017-08-04,16.33,0.0,0.0,,,,,
2017-08-05,16.33,0.0,0.0,,,,,
2017-08-06,16.33,0.0,0.0,,,,,
2017-08-07,16.25,430.0,6987.5,,,,,
2017-08-08,16.23,290.0,4706.7,,,,,
2017-08-09,16.43,290.0,4764.7,,,,,
2017-08-10,16.39,250.0,4097.5,,,,,
2017-08-11,16.47,0.0,0.0,,,,,
2017-08-12,16.47,0.0,0.0,,,,,
2017-08-13,16.47,0.0,0.0,,,,,
2017-08-14,16.5,310.0,5115.0,,,,,
2017-08-15,16.45,110.0,1809.5,,,,,
2017-08-16,16.47,150.0,2470.5,,,,,
2017-08-17,16.5,150.0,2475.0,,,,,
2017-08-18,16.51,0.0,0.0,,,,,
2017-08-19,16.51,0.0,0.0,,,,,
2017-08-20,16.51,0.0,0.0,,,,,
2017-08-21,16.53,90.0,1487.7,,,,,
2017-08-22,16.52,40.0,660.8,,,,,
2017-08-23,16.53,90.0,1487.7,,,,,
2017-08-24,16.51,240.0,3962.4000000000005,,,,,
2017-08-25,16.5,10.0,165.0,,,,,
2017-08-26,16.5,0.0,0.0,,,,,
2017-08-27,16.5,0.0,0.0,,,,,
2017-08-28,16.51,40.0,660.4000000000001,,,,,
2017-08-29,16.53,200.0,3306.0,,,,,
2017-08-30,16.27,470.0,7646.9,,,,,
2017-08-31,16.2,330.0,5346.0,,,,,
2017-09-01,16.15,280.0,4522.0,,,,,
2017-09-02,16.15,0.0,0.0,,,,,
2017-09-03,16.15,0.0,0.0,,,,,
2017-09-04,16.15,0.0,0.0,,,,,
2017-09-05,16.28,280.0,4558.400000000001,,,,,
2017-09-06,16.34,230.0,3758.2,,,,,
2017-09-07,16.28,210.0,3418.8,,,,,
2017-09-08,16.28,290.0,4721.200000000001,,,,,
2017-09-09,16.28,0.0,0.0,,,,,
2017-09-10,16.28,0.0,0.0,,,,,
2017-09-11,16.22,150.0,2433.0,,,,,
2017-09-12,16.32,280.0,4569.6,,,,,
2017-09-13,16.28,220.0,3581.6000000000004,,,,,
2017-09-14,16.26,150.0,2439.0000000000005,,,,,
2017-09-15,16.23,160.0,2596.8,,,,,
2017-09-16,16.23,0.0,0.0,,,,,
2017-09-17,16.23,0.0,0.0,,,,,
2017-09-18,16.27,270.0,4392.9,,,,,
2017-09-19,16.27,60.0,976.1999999999999,,,,,
2017-09-20,16.26,190.0,3089.4,,,,,
2017-09-21,16.35,150.0,2452.5,,,,,
2017-09-22,16.37,290.0,4747.3,,,,,
2017-09-23,16.37,0.0,0.0,,,,,
2017-09-24,16.37,0.0,0.0,,,,,
2017-09-25,16.37,80.0,1309.6000000000001,,,,,
2017-09-26,16.37,10.0,163.70000000000002,,,,,
2017-09-27,16.37,20.0,327.40000000000003,,,,,
2017-09-28,16.37,110.0,1800.7,,,,,
2017-09-29,16.38,0.0,0.0,,,,,
2017-09-30,16.38,0.0,0.0,,,,,
2017-10-01,16.38,0.0,0.0,,,,,
2017-10-02,16.38,20.0,327.59999999999997,,,,,
2017-10-03,16.37,130.0,2128.1,,,,,
2017-10-04,16.63,410.0,6818.299999999999,,,,,
2017-10-05,16.75,390.0,6532.5,,,,,
2017-10-06,16.8,190.0,3192.0,,,,,
2017-10-07,16.8,0.0,0.0,,,,,
2017-10-08,16.8,0.0,0.0,,,,,
2017-10-09,16.74,290.0,4854.599999999999,,,,,
2017-10-10,16.7,220.0,3674.0,,,,,
2017-10-11,16.71,180.0,3007.8,,,,,
2017-10-12,16.69,230.0,3838.7000000000003,,,,,
2017-10-13,16.72,150.0,2508.0,,,,,
2017-10-14,16.72,0.0,0.0,,,,,
2017-10-15,16.72,0.0,0.0,,,,,
2017-10-16,16.76,180.0,3016.8,,,,,
2017-10-17,16.8,240.0,4032.0,,,,,
2017-10-18,16.8,230.0,3864.0,,,,,
2017-10-19,16.61,170.0,2823.7,,,,,
2017-10-20,16.6,140.0,2324.0,,,,,
2017-10-21,16.6,0.0,0.0,,,,,
2017-10-22,16.6,0.0,0.0,,,,,
2017-10-23,16.61,40.0,664.4,,,,,
2017-10-24,16.61,90.0,1494.8999999999999,,,,,
2017-10-25,16.6,150.0,2490.0,,,,,
2017-10-26,16.7,60.0,1002.0,,,,,
2017-10-27,16.71,30.0,501.3,,,,,
2017-10-28,16.71,0.0,0.0,,,,,
2017-10-29,16.71,0.0,0.0,,,,,
2017-10-30,16.71,30.0,501.3,,,,,
2017-10-31,16.72,60.0,1003.1999999999999,,,,,
2017-11-01,16.63,240.0,3991.2,,,,,
2017-11-02,16.56,330.0,5464.799999999999,,,,,
2017-11-03,16.54,120.0,1984.8,,,,,
2017-11-04,16.54,0.0,0.0,,,,,
2017-11-05,16.54,0.0,0.0,,,,,
2017-11-06,16.56,180.0,2980.7999999999997,,,,,
2017-11-07,16.47,220.0,3623.3999999999996,,,,,
2017-11-08,16.5,190.0,3135.0,,,,,
2017-11-09,16.74,420.0,7030.799999999999,,,,,
2017-11-10,16.77,150.0,2515.5,,,,,
2017-11-11,16.77,0.0,0.0,,,,,
2017-11-12,16.77,0.0,0.0,,,,,
2017-11-13,16.8,150.0,2520.0,,,,,
2017-11-14,16.82,120.0,2018.4,,,,,
2017-11-15,16.84,150.0,2526.0,,,,,
2017-11-16,16.8,90.0,1512.0,,,,,
2017-11-17,16.79,170.0,2854.2999999999997,,,,,
2017-11-18,16.79,0.0,0.0,,,,,
2017-11-19,16.79,0.0,0.0,,,,,
2017-11-20,16.83,170.0,2861.1,,,,,
2017-11-21,16.82,30.0,504.6,,,,,
2017-11-22,16.8,110.0,1848.0,,,,,
2017-11-23,16.8,0.0,0.0,,,,,
2017-11-24,16.8,0.0,0.0,,,,,
2017-11-25,16.8,0.0,0.0,,,,,
2017-11-26,16.8,0.0,0.0,,,,,
2017-11-27,16.8,70.0,1176.0,,,,,
2017-11-28,16.81,50.0,840.4999999999999,,,,,
2017-11-29,15.25,200.0,3050.0,,,,,
2017-11-30,15.37,230.0,3535.1,,,,,
2017-12-01,15.32,180.0,2757.6,,,,,
2017-12-02,15.32,0.0,0.0,,,,,
2017-12-03,15.32,0.0,0.0,,,,,
2017-12-04,15.37,210.0,3227.7,,,,,
2017-12-05,15.42,280.0,4317.6,,,,,
2017-12-06,15.42,310.0,4780.2,,,,,
2017-12-07,15.51,600.0,9306.0,,,,,
2017-12-08,15.6,200.0,3120.0,,,,,
2017-12-09,15.6,0.0,0.0,,,,,
2017-12-10,15.6,0.0,0.0,,,,,
2017-12-11,15.61,230.0,3590.2999999999997,,,,,
2017-12-12,15.6,230.0,3588.0,,,,,
2017-12-13,15.61,230.0,3590.2999999999997,,,,,
2017-12-14,15.51,160.0,2481.6,,,,,
2017-12-15,15.5,70.0,1085.0,,,,,
2017-12-16,15.5,0.0,0.0,,,,,
2017-12-17,15.5,0.0,0.0,,,,,
2017-12-18,15.5,50.0,775.0,,,,,
2017-12-19,15.44,160.0,2470.4,,,,,
2017-12-20,15.44,240.0,3705.6,,,,,
2017-12-21,15.44,10.0,154.4,,,,,
2017-12-22,15.43,50.0,771.5,,,,,
2017-12-23,15.43,0.0,0.0,,,,,
2017-12-24,15.43,0.0,0.0,,,,,
2017-12-25,15.43,0.0,0.0,,,,,
2017-12-26,15.41,40.0,616.4,,,,,
2017-12-27,15.42,30.0,462.6,,,,,
2017-12-28,15.42,60.0,925.2,,,,,
2017-12-29,15.4,0.0,0.0,,,,,
2017-12-30,15.4,0.0,0.0,,,,,
2017-12-31,15.4,0.0,0.0,,,,,
2018-01-01,15.4,0.0,0.0,,,,,
2018-01-02,15.42,30.0,462.6,,,,,
2018-01-03,15.44,60.0,926.4,,,,,
2018-01-04,14.05,250.0,3512.5,,,,,
2018-01-05,13.94,140.0,1951.6,,,,,
2018-01-06,13.94,0.0,0.0,,,,,
2018-01-07,13.94,0.0,0.0,,,,,
2018-01-08,13.85,200.0,2770.0,,,,,
2018-01-09,13.8,540.0,7452.0,,,,,
2018-01-10,13.78,180.0,2480.4,,,,,
2018-01-11,13.81,160.0,2209.6,,,,,
2018-01-12,13.76,270.0,3715.2,,,,,
2018-01-13,13.76,0.0,0.0,,,,,
2018-01-14,13.76,0.0,0.0,,,,,
2018-01-15,13.76,0.0,0.0,,,,,
2018-01-16,13.77,440.0,6058.8,,,,,
2018-01-17,13.84,260.0,3598.4,,,,,
2018-01-18,13.83,250.0,3457.5,,,,,
2018-01-19,13.88,260.0,3608.8,,,,,
2018-01-20,13.88,0.0,0.0,,,,,
2018-01-21,13.88,0.0,0.0,,,,,
2018-01-22,13.89,130.0,1805.7,,,,,
2018-01-23,13.9,110.0,1529.0,,,,,
2018-01-24,13.89,120.0,1666.8000000000002,,,,,
2018-01-25,13.92,50.0,696.0,,,,,
2018-01-26,13.91,30.0,417.3,,,,,
2018-01-27,13.91,0.0,0.0,,,,,
2018-01-28,13.91,0.0,0.0,,,,,
2018-01-29,13.91,20.0,278.2,,,,,
2018-01-30,13.88,90.0,1249.2,,,,,
2018-01-31,13.4,140.0,1876.0,,,,,
2018-02-01,13.54,400.0,5416.0,,,,,
2018-02-02,13.63,230.0,3134.9,,,,,
2018-02-03,13.63,0.0,0.0,,,,,
2018-02-04,13.63,0.0,0.0,,,,,
2018-02-05,13.74,350.0,4809.0,,,,,
2018-02-06,13.68,170.0,2325.6,,,,,
2018-02-07,13.6,350.0,4760.0,,,,,
2018-02-08,13.47,250.0,3367.5,,,,,
2018-02-09,13.47,150.0,2020.5,,,,,
2018-02-10,13.47,0.0,0.0,,,,,
2018-02-11,13.47,0.0,0.0,,,,,
2018-02-12,13.47,120.0,1616.4,,,,,
2018-02-13,13.48,30.0,404.40000000000003,,,,,
2018-02-14,13.48,120.0,1617.6000000000001,,,,,
2018-02-15,13.46,60.0,807.6,,,,,
2018-02-16,13.49,100.0,1349.0,,,,,
2018-02-17,13.49,0.0,0.0,,,,,
2018-02-18,13.49,0.0,0.0,,,,,
2018-02-19,13.49,0.0,0.0,,,,,
2018-02-20,13.48,90.0,1213.2,,,,,
2018-02-21,13.46,40.0,538.4000000000001,,,,,
2018-02-22,13.46,50.0,673.0,,,,,
2018-02-23,13.42,70.0,939.4,,,,,
2018-02-24,13.42,0.0,0.0,,,,,
2018-02-25,13.42,0.0,0.0,,,,,
2018-02-26,13.44,30.0,403.2,,,,,
2018-02-27,13.44,130.0,1747.2,,,,,
2018-02-28,14.02,150.0,2103.0,,,,,
2018-03-01,14.04,180.0,2527.2,,,,,
2018-03-02,14.12,160.0,2259.2,,,,,
2018-03-03,14.12,0.0,0.0,,,,,
2018-03-04,14.12,0.0,0.0,,,,,
2018-03-05,14.15,200.0,2830.0,,,,,
2018-03-06,14.17,150.0,2125.5,,,,,
2018-03-07,14.13,140.0,1978.2,,,,,
2018-03-08,14.16,130.0,1840.8,,,,,
2018-03-09,14.19,70.0,993.3,,,,,
2018-03-10,14.19,0.0,0.0,,,,,
2018-03-11,14.19,0.0,0.0,,,,,
2018-03-12,14.18,80.0,1134.4,,,,,
2018-03-13,14.2,150.0,2130.0,,,,,
2018-03-14,14.24,220.0,3132.8,,,,,
2018-03-15,14.3,100.0,1430.0,,,,,
2018-03-16,14.28,110.0,1570.8,,,,,
2018-03-17,14.28,0.0,0.0,,,,,
2018-03-18,14.28,0.0,0.0,,,,,
2018-03-19,14.29,90.0,1286.1,,,,,
2018-03-20,14.28,60.0,856.8,,,,,
2018-03-21,14.28,250.0,3570.0,,,,,
2018-03-22,14.21,160.0,2273.6000000000004,,,,,
2018-03-23,14.21,180.0,2557.8,,,,,
2018-03-24,14.21,0.0,0.0,,,,,
2018-03-25,14.21,0.0,0.0,,,,,
2018-03-26,14.22,60.0,853.2,,,,,
2018-03-27,14.22,70.0,995.4000000000001,,,,,
2018-03-28,14.23,250.0,3557.5,,,,,
2018-03-29,14.23,140.0,1992.2,,,,,
2018-03-30,14.23,0.0,0.0,,,,,
2018-03-31,14.23,0.0,0.0,,,,,
2018-04-01,14.23,0.0,0.0,,,,,
2018-04-02,14.22,190.0,2701.8,,,,,
2018-04-03,14.22,90.0,1279.8,,,,,
2018-04-04,14.46,100.0,1446.0,,,,,
2018-04-05,14.38,130.0,1869.4,,,,,
2018-04-06,14.41,190.0,2737.9,,,,,
2018-04-07,14.41,0.0,0.0,,,,,
2018-04-08,14.41,0.0,0.0,,,,,
2018-04-09,14.46,110.0,1590.6000000000001,,,,,
2018-04-10,14.43,120.0,1731.6,,,,,
2018-04-11,14.4,100.0,1440.0,,,,,
2018-04-12,14.41,110.0,1585.1,,,,,
2018-04-13,14.41,90.0,1296.9,,,,,
2018-04-14,14.41,0.0,0.0,,,,,
2018-04-15,14.41,0.0,0.0,,,,,
2018-04-16,14.42,80.0,1153.6,,,,,
2018-04-17,14.48,300.0,4344.0,,,,,
2018-04-18,14.49,130.0,1883.7,,,,,
2018-04-19,14.51,120.0,1741.2,,,,,
2018-04-20,14.52,20.0,290.4,,,,,
2018-04-21,14.52,0.0,0.0,,,,,
2018-04-22,14.52,0.0,0.0,,,,,
2018-04-23,14.52,10.0,145.2,,,,,
2018-04-24,14.52,130.0,1887.6,,,,,
2018-04-25,14.53,140.0,2034.1999999999998,,,,,
2018-04-26,14.51,70.0,1015.6999999999999,,,,,
2018-04-27,14.51,0.0,0.0,,,,,
2018-04-28,14.51,0.0,0.0,,,,,
2018-04-29,14.51,0.0,0.0,,,,,
2018-04-30,14.5,60.0,870.0,,,,,
2018-05-01,14.51,20.0,290.2,,,,,
2018-05-02,15.23,190.0,2893.7000000000003,,,,,
2018-05-03,15.12,140.0,2116.7999999999997,,,,,
2018-05-04,15.11,90.0,1359.8999999999999,,,,,
2018-05-05,15.11,0.0,0.0,,,,,
2018-05-06,15.11,0.0,0.0,,,,,
2018-05-07,15.28,200.0,3056.0,,,,,
2018-05-08,15.25,170.0,2592.5,,,,,
2018-05-09,15.27,100.0,1527.0,,,,,
2018-05-10,15.24,60.0,914.4,,,,,
2018-05-11,15.23,110.0,1675.3,,,,,
2018-05-12,15.23,0.0,0.0,,,,,
2018-05-13,15.23,0.0,0.0,,,,,
2018-05-14,15.24,150.0,2286.0,,,,,
2018-05-15,15.25,80.0,1220.0,,,,,
2018-05-16,15.25,120.0,1830.0,,,,,
2018-05-17,15.23,50.0,761.5,,,,,
2018-05-18,15.23,70.0,1066.1000000000001,,,,,
2018-05-19,15.23,0.0,0.0,,,,,
2018-05-20,15.23,0.0,0.0,,,,,
2018-05-21,15.22,70.0,1065.4,,,,,
2018-05-22,15.24,60.0,914.4,,,,,
2018-05-23,15.24,210.0,3200.4,,,,,
2018-05-24,15.19,400.0,6076.0,,,,,
2018-05-25,15.19,0.0,0.0,,,,,
2018-05-26,15.19,0.0,0.0,,,,,
2018-05-27,15.19,0.0,0.0,,,,,
2018-05-28,15.19,0.0,0.0,,,,,
2018-05-29,15.17,300.0,4551.0,,,,,
2018-05-30,15.17,40.0,606.8,,,,,
2018-05-31,15.57,360.0,5605.2,,,,,
2018-06-01,15.49,410.0,6350.9,,,,,
2018-06-02,15.49,0.0,0.0,,,,,
2018-06-03,15.49,0.0,0.0,,,,,
2018-06-04,15.38,420.0,6459.6,,,,,
2018-06-05,15.26,320.0,4883.2,,,,,
2018-06-06,15.31,200.0,3062.0,,,,,
2018-06-07,15.42,350.0,5397.0,,,,,
2018-06-08,15.47,250.0,3867.5,,,,,
2018-06-09,15.47,0.0,0.0,,,,,
2018-06-10,15.47,0.0,0.0,,,,,
2018-06-11,15.43,90.0,1388.7,,,,,
2018-06-12,15.4,210.0,3234.0,,,,,
2018-06-13,15.37,140.0,2151.7999999999997,,,,,
2018-06-14,15.36,210.0,3225.6,,,,,
2018-06-15,15.37,170.0,2612.9,,,,,
2018-06-16,15.37,0.0,0.0,,,,,
2018-06-17,15.37,0.0,0.0,,,,,
2018-06-18,15.33,310.0,4752.3,,,,,
2018-06-19,15.32,120.0,1838.4,,,,,
2018-06-20,15.32,200.0,3064.0,,,,,
2018-06-21,15.26,110.0,1678.6,,,,,
2018-06-22,15.25,100.0,1525.0,,,,,
2018-06-23,15.25,0.0,0.0,,,,,
2018-06-24,15.25,0.0,0.0,,,,,
2018-06-25,15.21,90.0,1368.9,,,,,
2018-06-26,15.22,40.0,608.8000000000001,,,,,
2018-06-27,15.23,60.0,913.8000000000001,,,,,
2018-06-28,15.24,50.0,762.0,,,,,
2018-06-29,15.27,150.0,2290.5,,,,,
2018-06-30,15.27,0.0,0.0,,,,,
2018-07-01,15.27,0.0,0.0,,,,,
2018-07-02,15.27,20.0,305.4,,,,,
2018-07-03,14.49,310.0,4491.9,,,,,
2018-07-04,14.49,0.0,0.0,,,,,
2018-07-05,14.36,320.0,4595.2,,,,,
2018-07-06,14.2,250.0,3550.0,,,,,
2018-07-07,14.2,0.0,0.0,,,,,
2018-07-08,14.2,0.0,0.0,,,,,
2018-07-09,14.16,230.0,3256.8,,,,,
2018-07-10,14.18,260.0,3686.7999999999997,,,,,
2018-07-11,14.21,140.0,1989.4,,,,,
2018-07-12,14.3,250.0,3575.0,,,,,
2018-07-13,14.27,140.0,1997.8,,,,,
2018-07-14,14.27,0.0,0.0,,,,,
2018-07-15,14.27,0.0,0.0,,,,,
2018-07-16,14.26,40.0,570.4,,,,,
2018-07-17,14.24,80.0,1139.2,,,,,
2018-07-18,14.25,50.0,712.5,,,,,
2018-07-19,14.21,210.0,2984.1000000000004,,,,,
2018-07-20,14.19,350.0,4966.5,,,,,
2018-07-21,14.19,0.0,0.0,,,,,
2018-07-22,14.19,0.0,0.0,,,,,
2018-07-23,14.19,10.0,141.9,,,,,
2018-07-24,14.2,30.0,426.0,,,,,
2018-07-25,14.18,170.0,2410.6,,,,,
2018-07-26,14.14,20.0,282.8,,,,,
2018-07-27,14.14,0.0,0.0,,,,,
2018-07-28,14.14,0.0,0.0,,,,,
2018-07-29,14.14,0.0,0.0,,,,,
2018-07-30,14.14,0.0,0.0,,,,,
2018-07-31,14.12,60.0,847.1999999999999,,,,,
2018-08-01,14.86,400.0,5944.0,,,,,
2018-08-02,14.81,390.0,5775.900000000001,,,,,
2018-08-03,14.88,250.0,3720.0,,,,,
2018-08-04,14.88,0.0,0.0,,,,,
2018-08-05,14.88,0.0,0.0,,,,,
2018-08-06,14.82,320.0,4742.4,,,,,
2018-08-07,14.83,190.0,2817.7,,,,,
2018-08-08,14.86,530.0,7875.799999999999,,,,,
2018-08-09,14.99,280.0,4197.2,,,,,
2018-08-10,15.04,230.0,3459.2,,,,,
2018-08-11,15.04,0.0,0.0,,,,,
2018-08-12,15.04,0.0,0.0,,,,,
2018-08-13,15.02,260.0,3905.2,,,,,
2018-08-14,15.02,170.0,2553.4,,,,,
2018-08-15,15.0,110.0,1650.0,,,,,
2018-08-16,14.99,120.0,1798.8,,,,,
2018-08-17,15.01,60.0,900.6,,,,,
2018-08-18,15.01,0.0,0.0,,,,,
2018-08-19,15.01,0.0,0.0,,,,,
2018-08-20,15.02,300.0,4506.0,,,,,
2018-08-21,15.01,40.0,600.4,,,,,
2018-08-22,15.0,90.0,1350.0,,,,,
2018-08-23,15.0,80.0,1200.0,,,,,
2018-08-24,15.03,30.0,450.9,,,,,
2018-08-25,15.03,0.0,0.0,,,,,
2018-08-26,15.03,0.0,0.0,,,,,
2018-08-27,15.03,200.0,3006.0,,,,,
2018-08-28,15.02,90.0,1351.8,,,,,
2018-08-29,16.48,330.0,5438.400000000001,,,,,
2018-08-30,16.38,410.0,6715.799999999999,,,,,
2018-08-31,16.52,240.0,3964.7999999999997,,,,,
2018-09-01,16.52,0.0,0.0,,,,,
2018-09-02,16.52,0.0,0.0,,,,,
2018-09-03,16.52,0.0,0.0,,,,,
2018-09-04,16.52,480.0,7929.599999999999,,,,,
2018-09-05,16.55,260.0,4303.0,,,,,
2018-09-06,16.29,410.0,6678.9,,,,,
2018-09-07,16.21,190.0,3079.9,,,,,
2018-09-08,16.21,0.0,0.0,,,,,
2018-09-09,16.21,0.0,0.0,,,,,
2018-09-10,16.26,190.0,3089.4,,,,,
2018-09-11,16.11,250.0,4027.5,,,,,
2018-09-12,16.13,200.0,3226.0,,,,,
2018-09-13,16.13,40.0,645.1999999999999,,,,,
2018-09-14,16.11,60.0,966.5999999999999,,,,,
2018-09-15,16.11,0.0,0.0,,,,,
2018-09-16,16.11,0.0,0.0,,,,,
2018-09-17,16.12,100.0,1612.0,,,,,
2018-09-18,16.13,150.0,2419.5,,,,,
2018-09-19,16.14,150.0,2421.0,,,,,
2018-09-20,16.14,70.0,1129.8,,,,,
2018-09-21,16.14,110.0,1775.4,,,,,
2018-09-22,16.14,0.0,0.0,,,,,
2018-09-23,16.14,0.0,0.0,,,,,
2018-09-24,16.13,120.0,1935.6,,,,,
2018-09-25,16.14,50.0,807.0,,,,,
2018-09-26,16.14,140.0,2259.6,,,,,
2018-09-27,16.11,40.0,644.4,,,,,
2018-09-28,16.11,40.0,644.4,,,,,
2018-09-29,16.11,0.0,0.0,,,,,
2018-09-30,16.11,0.0,0.0,,,,,
2018-10-01,16.11,30.0,483.29999999999995,,,,,
2018-10-02,16.11,20.0,322.2,,,,,
2018-10-03,15.81,220.0,3478.2000000000003,,,,,
2018-10-04,15.82,250.0,3955.0,,,,,
2018-10-05,15.81,230.0,3636.3,,,,,
2018-10-06,15.81,0.0,0.0,,,,,
2018-10-07,15.81,0.0,0.0,,,,,
2018-10-08,15.84,200.0,3168.0,,,,,
2018-10-09,15.8,180.0,2844.0,,,,,
2018-10-10,15.75,290.0,4567.5,,,,,
2018-10-11,15.66,440.0,6890.4,,,,,
2018-10-12,15.61,350.0,5463.5,,,,,
2018-10-13,15.61,0.0,0.0,,,,,
2018-10-14,15.61,0.0,0.0,,,,,
2018-10-15,15.6,100.0,1560.0,,,,,
2018-10-16,15.62,130.0,2030.6,,,,,
2018-10-17,15.6,230.0,3588.0,,,,,
2018-10-18,15.55,70.0,1088.5,,,,,
2018-10-19,15.55,30.0,466.5,,,,,
2018-10-20,15.55,0.0,0.0,,,,,
2018-10-21,15.55,0.0,0.0,,,,,
2018-10-22,15.53,60.0,931.8,,,,,
2018-10-23,15.5,120.0,1860.0,,,,,
2018-10-24,15.5,110.0,1705.0,,,,,
2018-10-25,15.53,50.0,776.5,,,,,
2018-10-26,15.53,30.0,465.9,,,,,
2018-10-27,15.53,0.0,0.0,,,,,
2018-10-28,15.53,0.0,0.0,,,,,
2018-10-29,15.53,10.0,155.29999999999998,,,,,
2018-10-30,15.54,80.0,1243.1999999999998,,,,,
2018-10-31,14.79,540.0,7986.599999999999,,,,,
2018-11-01,14.88,400.0,5952.0,,,,,
2018-11-02,14.78,430.0,6355.4,,,,,
2018-11-03,14.78,0.0,0.0,,,,,
2018-11-04,14.78,0.0,0.0,,,,,
2018-11-05,14.7,210.0,3087.0,,,,,
2018-11-06,14.52,550.0,7986.0,,,,,
2018-11-07,14.46,450.0,6507.0,,,,,
2018-11-08,14.43,500.0,7215.0,,,,,
2018-11-09,14.46,140.0,2024.4,,,,,
2018-11-10,14.46,0.0,0.0,,,,,
2018-11-11,14.46,0.0,0.0,,,,,
2018-11-12,14.51,330.0,4788.3,,,,,
2018-11-13,14.53,260.0,3777.7999999999997,,,,,
2018-11-14,14.57,280.0,4079.6,,,,,
2018-11-15,14.56,190.0,2766.4,,,,,
2018-11-16,14.58,80.0,1166.4,,,,,
2018-11-17,14.58,0.0,0.0,,,,,
2018-11-18,14.58,0.0,0.0,,,,,
2018-11-19,14.55,110.0,1600.5,,,,,
2018-11-20,14.47,290.0,4196.3,,,,,
2018-11-21,14.48,310.0,4488.8,,,,,
2018-11-22,14.48,0.0,0.0,,,,,
2018-11-23,14.48,0.0,0.0,,,,,
2018-11-24,14.48,0.0,0.0,,,,,
2018-11-25,14.48,0.0,0.0,,,,,
2018-11-26,14.48,220.0,3185.6,,,,,
2018-11-27,14.49,110.0,1593.9,,,,,
2018-11-28,14.49,90.0,1304.1,,,,,
2018-11-29,14.47,10.0,144.70000000000002,,,,,
2018-11-30,14.46,0.0,0.0,,,,,
2018-12-01,14.46,0.0,0.0,,,,,
2018-12-02,14.46,0.0,0.0,,,,,
2018-12-03,14.46,10.0,144.60000000000002,,,,,
2018-12-04,14.47,30.0,434.1,,,,,
2018-12-05,13.88,240.0,3331.2000000000003,,,,,
2018-12-06,13.78,310.0,4271.8,,,,,
2018-12-07,13.76,220.0,3027.2,,,,,
2018-12-08,13.76,0.0,0.0,,,,,
2018-12-09,13.76,0.0,0.0,,,,,
2018-12-10,13.65,320.0,4368.0,,,,,
2018-12-11,13.71,490.0,6717.900000000001,,,,,
2018-12-12,13.71,160.0,2193.6000000000004,,,,,
2018-12-13,13.77,230.0,3167.1,,,,,
2018-12-14,13.8,120.0,1656.0,,,,,
2018-12-15,13.8,0.0,0.0,,,,,
2018-12-16,13.8,0.0,0.0,,,,,
2018-12-17,13.8,100.0,1380.0,,,,,
2018-12-18,13.85,150.0,2077.5,,,,,
2018-12-19,13.84,300.0,4152.0,,,,,
2018-12-20,13.84,230.0,3183.2,,,,,
2018-12-21,13.84,180.0,2491.2,,,,,
2018-12-22,13.84,0.0,0.0,,,,,
2018-12-23,13.84,0.0,0.0,,,,,
2018-12-24,13.83,200.0,2766.0,,,,,
2018-12-25,13.83,0.0,0.0,,,,,
2018-12-26,13.84,300.0,4152.0,,,,,
2018-12-27,13.84,90.0,1245.6,,,,,
2018-12-28,13.83,50.0,691.5,,,,,
2018-12-29,13.83,0.0,0.0,,,,,
2018-12-30,13.83,0.0,0.0,,,,,
2018-12-31,13.83,100.0,1383.0,,,,,
2019-01-01,13.83,0.0,0.0,,,,,
2019-01-02,13.81,120.0,1657.2,,,,,
2019-01-03,14.32,310.0,4439.2,,,,,
2019-01-04,14.25,220.0,3135.0,,,,,
2019-01-05,14.25,0.0,0.0,,,,,
2019-01-06,14.25,0.0,0.0,,,,,
2019-01-07,14.14,350.0,4949.0,,,,,
2019-01-08,14.08,350.0,4928.0,,,,,
2019-01-09,14.05,200.0,2810.0,,,,,
2019-01-10,14.08,300.0,4224.0,,,,,
2019-01-11,14.07,170.0,2391.9,,,,,
2019-01-12,14.07,0.0,0.0,,,,,
2019-01-13,14.07,0.0,0.0,,,,,
2019-01-14,14.07,330.0,4643.1,,,,,
2019-01-15,14.05,180.0,2529.0,,,,,
2019-01-16,14.06,160.0,2249.6,,,,,
2019-01-17,14.0,270.0,3780.0,,,,,
2019-01-18,13.99,0.0,0.0,,,,,
2019-01-19,13.99,0.0,0.0,,,,,
2019-01-20,13.99,0.0,0.0,,,,,
2019-01-21,13.99,0.0,0.0,,,,,
2019-01-22,13.99,220.0,3077.8,,,,,
2019-01-23,13.98,110.0,1537.8,,,,,
2019-01-24,13.98,80.0,1118.4,,,,,
2019-01-25,13.98,110.0,1537.8,,,,,
2019-01-26,13.98,0.0,0.0,,,,,
2019-01-27,13.98,0.0,0.0,,,,,
2019-01-28,13.98,90.0,1258.2,,,,,
2019-01-29,13.98,160.0,2236.8,,,,,
2019-01-30,14.03,190.0,2665.7,,,,,
2019-01-31,14.02,290.0,4065.7999999999997,,,,,
2019-02-01,14.03,130.0,1823.8999999999999,,,,,
2019-02-02,14.03,0.0,0.0,,,,,
2019-02-03,14.03,0.0,0.0,,,,,
2019-02-04,13.94,210.0,2927.4,,,,,
2019-02-05,13.93,120.0,1671.6,,,,,
2019-02-06,13.94,190.0,2648.6,,,,,
2019-02-07,13.98,310.0,4333.8,,,,,
2019-02-08,13.98,190.0,2656.2000000000003,,,,,
2019-02-09,13.98,0.0,0.0,,,,,
2019-02-10,13.98,0.0,0.0,,,,,
2019-02-11,13.99,100.0,1399.0,,,,,
2019-02-12,14.0,190.0,2660.0,,,,,
2019-02-13,14.01,220.0,3082.2,,,,,
2019-02-14,13.98,150.0,2097.0,,,,,
2019-02-15,13.97,130.0,1816.1000000000001,,,,,
2019-02-16,13.97,0.0,0.0,,,,,
2019-02-17,13.97,0.0,0.0,,,,,
2019-02-18,13.97,0.0,0.0,,,,,
2019-02-19,13.98,180.0,2516.4,,,,,
2019-02-20,14.01,210.0,2942.1,,,,,
2019-02-21,14.0,240.0,3360.0,,,,,
2019-02-22,13.95,130.0,1813.5,,,,,
2019-02-23,13.95,0.0,0.0,,,,,
2019-02-24,13.95,0.0,0.0,,,,,
2019-02-25,13.95,60.0,837.0,,,,,
2019-02-26,13.94,240.0,3345.6,,,,,
2019-02-27,15.31,970.0,14850.7,,,,,
2019-02-28,15.24,660.0,10058.4,,,,,
2019-03-01,15.2,190.0,2888.0,,,,,
2019-03-02,15.2,0.0,0.0,,,,,
2019-03-03,15.2,0.0,0.0,,,,,
2019-03-04,15.13,340.0,5144.2,,,,,
2019-03-05,15.12,220.0,3326.3999999999996,,,,,
2019-03-06,15.19,170.0,2582.2999999999997,,,,,
2019-03-07,15.09,250.0,3772.5,,,,,
2019-03-08,14.97,350.0,5239.5,,,,,
2019-03-09,14.97,0.0,0.0,,,,,
2019-03-10,14.97,0.0,0.0,,,,,
2019-03-11,14.93,140.0,2090.2,,,,,
2019-03-12,14.92,360.0,5371.2,,,,,
2019-03-13,14.91,120.0,1789.2,,,,,
2019-03-14,14.95,250.0,3737.5,,,,,
2019-03-15,14.94,100.0,1494.0,,,,,
2019-03-16,14.94,0.0,0.0,,,,,
2019-03-17,14.94,0.0,0.0,,,,,
2019-03-18,14.92,190.0,2834.8,,,,,
2019-03-19,14.93,130.0,1940.8999999999999,,,,,
2019-03-20,14.94,310.0,4631.4,,,,,
2019-03-21,15.03,180.0,2705.4,,,,,
2019-03-22,15.03,20.0,300.59999999999997,,,,,
2019-03-23,15.03,0.0,0.0,,,,,
2019-03-24,15.03,0.0,0.0,,,,,
2019-03-25,15.05,50.0,752.5,,,,,
2019-03-26,15.06,80.0,1204.8,,,,,
2019-03-27,15.08,340.0,5127.2,,,,,
2019-03-28,15.06,80.0,1204.8,,,,,
2019-03-29,15.06,80.0,1204.8,,,,,
2019-03-30,15.06,0.0,0.0,,,,,
2019-03-31,15.06,0.0,0.0,,,,,
2019-04-01,15.06,0.0,0.0,,,,,
2019-04-02,15.06,20.0,301.2,,,,,
2019-04-03,15.8,460.0,7268.0,,,,,
2019-04-04,15.81,540.0,8537.4,,,,,
2019-04-05,15.85,100.0,1585.0,,,,,
2019-04-06,15.85,0.0,0.0,,,,,
2019-04-07,15.85,0.0,0.0,,,,,
2019-04-08,15.86,80.0,1268.8,,,,,
2019-04-09,15.95,240.0,3828.0,,,,,
2019-04-10,15.97,110.0,1756.7,,,,,
2019-04-11,15.91,110.0,1750.1,,,,,
2019-04-12,15.92,70.0,1114.4,,,,,
2019-04-13,15.92,0.0,0.0,,,,,
2019-04-14,15.92,0.0,0.0,,,,,
2019-04-15,15.89,170.0,2701.3,,,,,
2019-04-16,15.95,90.0,1435.5,,,,,
2019-04-17,15.92,270.0,4298.4,,,,,
2019-04-18,15.92,120.0,1910.4,,,,,
2019-04-19,15.92,0.0,0.0,,,,,
2019-04-20,15.92,0.0,0.0,,,,,
2019-04-21,15.92,0.0,0.0,,,,,
2019-04-22,15.92,480.0,7641.6,,,,,
2019-04-23,15.92,90.0,1432.8,,,,,
2019-04-24,15.91,190.0,3022.9,,,,,
2019-04-25,15.98,80.0,1278.4,,,,,
2019-04-26,15.97,20.0,319.40000000000003,,,,,
2019-04-27,15.97,0.0,0.0,,,,,
2019-04-28,15.97,0.0,0.0,,,,,
2019-04-29,15.97,0.0,0.0,,,,,
2019-04-30,15.96,30.0,478.8,,,,,
2019-05-01,16.12,270.0,4352.400000000001,,,,,
2019-05-02,16.17,210.0,3395.7000000000003,,,,,
2019-05-03,16.37,310.0,5074.700000000001,,,,,
2019-05-04,16.37,0.0,0.0,,,,,
2019-05-05,16.37,0.0,0.0,,,,,
2019-05-06,16.5,370.0,6105.0,,,,,
2019-05-07,16.45,330.0,5428.5,,,,,
2019-05-08,16.41,100.0,1641.0,,,,,
2019-05-09,16.35,130.0,2125.5,,,,,
2019-05-10,16.33,90.0,1469.6999999999998,,,,,
2019-05-11,16.33,0.0,0.0,,,,,
2019-05-12,16.33,0.0,0.0,,,,,
2019-05-13,16.3,220.0,3586.0,,,,,
2019-05-14,16.29,190.0,3095.1,,,,,
2019-05-15,16.27,100.0,1627.0,,,,,
2019-05-16,16.28,120.0,1953.6000000000001,,,,,
2019-05-17,16.3,90.0,1467.0,,,,,
2019-05-18,16.3,0.0,0.0,,,,,
2019-05-19,16.3,0.0,0.0,,,,,
2019-05-20,16.29,50.0,814.5,,,,,
2019-05-21,16.29,200.0,3258.0,,,,,
2019-05-22,16.33,40.0,653.1999999999999,,,,,
2019-05-23,16.38,80.0,1310.3999999999999,,,,,
2019-05-24,16.38,120.0,1965.6,,,,,
2019-05-25,16.38,0.0,0.0,,,,,
2019-05-26,16.38,0.0,0.0,,,,,
2019-05-27,16.38,0.0,0.0,,,,,
2019-05-28,16.38,20.0,327.59999999999997,,,,,
2019-05-29,16.38,140.0,2293.2,,,,,
2019-05-30,16.38,80.0,1310.3999999999999,,,,,
2019-05-31,16.38,20.0,327.59999999999997,,,,,
2019-06-01,16.38,0.0,0.0,,,,,
2019-06-02,16.38,0.0,0.0,,,,,
2019-06-03,16.37,10.0,163.70000000000002,,,,,
2019-06-04,16.39,70.0,1147.3,,,,,
2019-06-05,16.12,360.0,5803.200000000001,,,,,
2019-06-06,16.22,300.0,4866.0,,,,,
2019-06-07,16.26,240.0,3902.4000000000005,,,,,
2019-06-08,16.26,0.0,0.0,,,,,
2019-06-09,16.26,0.0,0.0,,,,,
2019-06-10,16.3,170.0,2771.0,,,,,
2019-06-11,16.35,130.0,2125.5,,,,,
2019-06-12,16.32,160.0,2611.2,,,,,
2019-06-13,16.31,80.0,1304.8,,,,,
2019-06-14,16.31,30.0,489.29999999999995,,,,,
2019-06-15,16.31,0.0,0.0,,,,,
2019-06-16,16.31,0.0,0.0,,,,,
2019-06-17,16.28,150.0,2442.0,,,,,
2019-06-18,16.28,40.0,651.2,,,,,
2019-06-19,16.28,200.0,3256.0,,,,,
2019-06-20,16.29,50.0,814.5,,,,,
2019-06-21,16.3,120.0,1956.0,,,,,
2019-06-22,16.3,0.0,0.0,,,,,
2019-06-23,16.3,0.0,0.0,,,,,
2019-06-24,16.3,30.0,489.0,,,,,
2019-06-25,16.31,70.0,1141.6999999999998,,,,,
2019-06-26,16.32,40.0,652.8,,,,,
2019-06-27,16.27,10.0,162.7,,,,,
2019-06-28,16.27,0.0,0.0,,,,,
2019-06-29,16.27,0.0,0.0,,,,,
2019-06-30,16.27,0.0,0.0,,,,,
2019-07-01,16.27,10.0,162.7,,,,,
2019-07-02,16.27,70.0,1138.8999999999999,,,,,
2019-07-03,17.31,160.0,2769.6,,,,,
2019-07-04,17.31,0.0,0.0,,,,,
2019-07-05,17.38,130.0,2259.4,,,,,
2019-07-06,17.38,0.0,0.0,,,,,
2019-07-07,17.38,0.0,0.0,,,,,
2019-07-08,17.33,190.0,3292.7,,,,,
2019-07-09,17.38,140.0,2433.2,,,,,
2019-07-10,17.37,190.0,3300.3,,,,,
2019-07-11,17.35,130.0,2255.5,,,,,
2019-07-12,17.35,220.0,3817.0000000000005,,,,,
2019-07-13,17.35,0.0,0.0,,,,,
2019-07-14,17.35,0.0,0.0,,,,,
2019-07-15,17.33,50.0,866.4999999999999,,,,,
2019-07-16,17.31,110.0,1904.1,,,,,
2019-07-17,17.31,180.0,3115.7999999999997,,,,,
2019-07-18,17.42,390.0,6793.800000000001,,,,,
2019-07-19,17.41,180.0,3133.8,,,,,
